timestamp,git_sha,site_id,param_key,param_value,capture_relative_path,capture_sha256,capture_ordinal,duration_seconds_requested,total_frames,recommended_settling_frame,recommended_settling_duration,converged,final_coverage_rate,final_spread_delta_rate,final_region_stability,final_mean_confidence,wall_duration_seconds,raw_report_path,error
2026-09-17T23:12:30-0700,11c6577e3ce2b3c18bdd345dd31f84f1a5b651bd,1st-mission,_baseline,default,s2/s2_sf_8_20260903141035_00005.pcap,cfa3a235463bbe3a89895c85c2cef4fc138996d6447eebddaac7eb38b78a3c11,0,120.0,1200,12,1.2s (at 10 Hz),True,0.9691527777777778,0.00013495715851700717,1,455.8734003066825,12.07,/Users/david/code/velocity.report/data/experiments/try/l3-settling-sweep/raw/1st-mission___baseline__default.json,
2026-09-17T23:12:41-0700,11c6577e3ce2b3c18bdd345dd31f84f1a5b651bd,1st-mission,closeness_multiplier,1.5,s2/s2_sf_8_20260903141035_00005.pcap,cfa3a235463bbe3a89895c85c2cef4fc138996d6447eebddaac7eb38b78a3c11,0,120.0,1200,12,1.2s (at 10 Hz),True,0.9649444444444445,3.631669875979198e-05,1,432.72331452587946,10.96,/Users/david/code/velocity.report/data/experiments/try/l3-settling-sweep/raw/1st-mission__closeness_multiplier__1.5.json,
2026-09-17T23:12:52-0700,11c6577e3ce2b3c18bdd345dd31f84f1a5b651bd,1st-mission,closeness_multiplier,2.25,s2/s2_sf_8_20260903141035_00005.pcap,cfa3a235463bbe3a89895c85c2cef4fc138996d6447eebddaac7eb38b78a3c11,0,120.0,1200,12,1.2s (at 10 Hz),True,0.9698194444444445,9.02808491119554e-05,1,435.5731880218254,10.8,/Users/david/code/velocity.report/data/experiments/try/l3-settling-sweep/raw/1st-mission__closeness_multiplier__2.25.json,
2026-09-17T23:13:02-0700,11c6577e3ce2b3c18bdd345dd31f84f1a5b651bd,1st-mission,closeness_multiplier,4.0,s2/s2_sf_8_20260903141035_00005.pcap,cfa3a235463bbe3a89895c85c2cef4fc138996d6447eebddaac7eb38b78a3c11,0,120.0,1200,12,1.2s (at 10 Hz),True,0.9748472222222222,0.00037290890572391343,1,458.46169627719445,10.6,/Users/david/code/velocity.report/data/experiments/try/l3-settling-sweep/raw/1st-mission__closeness_multiplier__4.0.json,
2026-09-17T23:13:13-0700,11c6577e3ce2b3c18bdd345dd31f84f1a5b651bd,1st-mission,closeness_multiplier,5.0,s2/s2_sf_8_20260903141035_00005.pcap,cfa3a235463bbe3a89895c85c2cef4fc138996d6447eebddaac7eb38b78a3c11,0,120.0,1200,35,3.5s (at 10 Hz),True,0.9766527777777778,0.0007503238368007936,1,482.62513687623544,10.72,/Users/david/code/velocity.report/data/experiments/try/l3-settling-sweep/raw/1st-mission__closeness_multiplier__5.0.json,
2026-09-17T23:13:24-0700,11c6577e3ce2b3c18bdd345dd31f84f1a5b651bd,1st-mission,safety_margin_metres,0.05,s2/s2_sf_8_20260903141035_00005.pcap,cfa3a235463bbe3a89895c85c2cef4fc138996d6447eebddaac7eb38b78a3c11,0,120.0,1200,12,1.2s (at 10 Hz),True,0.9723333333333334,0.00014278797941937233,1,438.7351874071535,10.63,/Users/david/code/velocity.report/data/experiments/try/l3-settling-sweep/raw/1st-mission__safety_margin_metres__0.05.json,
2026-09-17T23:13:34-0700,11c6577e3ce2b3c18bdd345dd31f84f1a5b651bd,1st-mission,safety_margin_metres,0.1,s2/s2_sf_8_20260903141035_00005.pcap,cfa3a235463bbe3a89895c85c2cef4fc138996d6447eebddaac7eb38b78a3c11,0,120.0,1200,12,1.2s (at 10 Hz),True,0.9727916666666667,0.00015339401578516075,1,438.96202224411417,10.59,/Users/david/code/velocity.report/data/experiments/try/l3-settling-sweep/raw/1st-mission__safety_margin_metres__0.1.json,
2026-09-17T23:13:45-0700,11c6577e3ce2b3c18bdd345dd31f84f1a5b651bd,1st-mission,safety_margin_metres,0.22,s2/s2_sf_8_20260903141035_00005.pcap,cfa3a235463bbe3a89895c85c2cef4fc138996d6447eebddaac7eb38b78a3c11,0,120.0,1200,12,1.2s (at 10 Hz),True,0.9712083333333333,0.0001446517520077436,1,447.78453244097415,10.76,/Users/david/code/velocity.report/data/experiments/try/l3-settling-sweep/raw/1st-mission__safety_margin_metres__0.22.json,
2026-09-17T23:13:56-0700,11c6577e3ce2b3c18bdd345dd31f84f1a5b651bd,1st-mission,safety_margin_metres,0.3,s2/s2_sf_8_20260903141035_00005.pcap,cfa3a235463bbe3a89895c85c2cef4fc138996d6447eebddaac7eb38b78a3c11,0,120.0,1200,12,1.2s (at 10 Hz),True,0.9745972222222222,0.00016132585418623317,1,451.5588918499095,10.61,/Users/david/code/velocity.report/data/experiments/try/l3-settling-sweep/raw/1st-mission__safety_margin_metres__0.3.json,
2026-09-17T23:14:07-0700,11c6577e3ce2b3c18bdd345dd31f84f1a5b651bd,1st-mission,noise_relative,0.005,s2/s2_sf_8_20260903141035_00005.pcap,cfa3a235463bbe3a89895c85c2cef4fc138996d6447eebddaac7eb38b78a3c11,0,120.0,1200,12,1.2s (at 10 Hz),True,0.9671805555555556,6.295291323458095e-05,1,434.5896147163146,11.37,/Users/david/code/velocity.report/data/experiments/try/l3-settling-sweep/raw/1st-mission__noise_relative__0.005.json,
2026-09-17T23:14:19-0700,11c6577e3ce2b3c18bdd345dd31f84f1a5b651bd,1st-mission,noise_relative,0.01,s2/s2_sf_8_20260903141035_00005.pcap,cfa3a235463bbe3a89895c85c2cef4fc138996d6447eebddaac7eb38b78a3c11,0,120.0,1200,12,1.2s (at 10 Hz),True,0.9672083333333333,9.121985961777312e-05,1,437.81506052642914,11.28,/Users/david/code/velocity.report/data/experiments/try/l3-settling-sweep/raw/1st-mission__noise_relative__0.01.json,
2026-09-17T23:14:30-0700,11c6577e3ce2b3c18bdd345dd31f84f1a5b651bd,1st-mission,noise_relative,0.035,s2/s2_sf_8_20260903141035_00005.pcap,cfa3a235463bbe3a89895c85c2cef4fc138996d6447eebddaac7eb38b78a3c11,0,120.0,1200,24,2.4s (at 10 Hz),True,0.9731666666666666,0.00028293856650411607,1,476.9513758063595,11.04,/Users/david/code/velocity.report/data/experiments/try/l3-settling-sweep/raw/1st-mission__noise_relative__0.035.json,
2026-09-17T23:14:41-0700,11c6577e3ce2b3c18bdd345dd31f84f1a5b651bd,1st-mission,noise_relative,0.05,s2/s2_sf_8_20260903141035_00005.pcap,cfa3a235463bbe3a89895c85c2cef4fc138996d6447eebddaac7eb38b78a3c11,0,120.0,1200,92,9.2s (at 10 Hz),True,0.9801388888888889,0.0005858285343228037,1,507.98636814510417,11.19,/Users/david/code/velocity.report/data/experiments/try/l3-settling-sweep/raw/1st-mission__noise_relative__0.05.json,
2026-09-17T23:14:52-0700,11c6577e3ce2b3c18bdd345dd31f84f1a5b651bd,1st-mission,neighbour_confirmation_count,1,s2/s2_sf_8_20260903141035_00005.pcap,cfa3a235463bbe3a89895c85c2cef4fc138996d6447eebddaac7eb38b78a3c11,0,120.0,1200,-1,unknown,False,0.9790555555555556,0.002367876584418476,1,503.24286443851787,11.36,/Users/david/code/velocity.report/data/experiments/try/l3-settling-sweep/raw/1st-mission__neighbour_confirmation_count__1.json,
2026-09-17T23:15:03-0700,11c6577e3ce2b3c18bdd345dd31f84f1a5b651bd,1st-mission,neighbour_confirmation_count,2,s2/s2_sf_8_20260903141035_00005.pcap,cfa3a235463bbe3a89895c85c2cef4fc138996d6447eebddaac7eb38b78a3c11,0,120.0,1200,32,3.2s (at 10 Hz),True,0.9733194444444444,0.00046393028829362594,1,448.03063685269484,10.9,/Users/david/code/velocity.report/data/experiments/try/l3-settling-sweep/raw/1st-mission__neighbour_confirmation_count__2.json,
2026-09-17T23:15:14-0700,11c6577e3ce2b3c18bdd345dd31f84f1a5b651bd,1st-mission,neighbour_confirmation_count,4,s2/s2_sf_8_20260903141035_00005.pcap,cfa3a235463bbe3a89895c85c2cef4fc138996d6447eebddaac7eb38b78a3c11,0,120.0,1200,12,1.2s (at 10 Hz),True,0.9724444444444444,0.00014972242491878836,1,442.84993430073126,10.65,/Users/david/code/velocity.report/data/experiments/try/l3-settling-sweep/raw/1st-mission__neighbour_confirmation_count__4.json,
2026-09-17T23:15:25-0700,11c6577e3ce2b3c18bdd345dd31f84f1a5b651bd,1st-mission,neighbour_confirmation_count,5,s2/s2_sf_8_20260903141035_00005.pcap,cfa3a235463bbe3a89895c85c2cef4fc138996d6447eebddaac7eb38b78a3c11,0,120.0,1200,12,1.2s (at 10 Hz),True,0.9721527777777778,0.00013876702378252704,1,450.6573898135581,10.93,/Users/david/code/velocity.report/data/experiments/try/l3-settling-sweep/raw/1st-mission__neighbour_confirmation_count__5.json,
2026-09-17T23:15:36-0700,11c6577e3ce2b3c18bdd345dd31f84f1a5b651bd,3rd-folsom,_baseline,default,s2/s2_sf_8_20260903152041_00019.pcap,1d19feceed93820cc4b20de2bd4cb4a94da08012466499cf86309f689131531f,0,120.0,1201,12,1.2s (at 10 Hz),True,0.9682916666666667,1.3140325190190227e-05,1,682.0702984924767,10.97,/Users/david/code/velocity.report/data/experiments/try/l3-settling-sweep/raw/3rd-folsom___baseline__default.json,
2026-09-17T23:15:46-0700,11c6577e3ce2b3c18bdd345dd31f84f1a5b651bd,3rd-folsom,closeness_multiplier,1.5,s2/s2_sf_8_20260903152041_00019.pcap,1d19feceed93820cc4b20de2bd4cb4a94da08012466499cf86309f689131531f,0,120.0,1201,12,1.2s (at 10 Hz),True,0.9676805555555555,8.166123135595498e-06,1,653.8792932699898,10.7,/Users/david/code/velocity.report/data/experiments/try/l3-settling-sweep/raw/3rd-folsom__closeness_multiplier__1.5.json,
2026-09-17T23:15:57-0700,11c6577e3ce2b3c18bdd345dd31f84f1a5b651bd,3rd-folsom,closeness_multiplier,2.25,s2/s2_sf_8_20260903152041_00019.pcap,1d19feceed93820cc4b20de2bd4cb4a94da08012466499cf86309f689131531f,0,120.0,1201,12,1.2s (at 10 Hz),True,0.96575,1.1633384047311112e-05,1,666.150473149826,10.63,/Users/david/code/velocity.report/data/experiments/try/l3-settling-sweep/raw/3rd-folsom__closeness_multiplier__2.25.json,
2026-09-17T23:16:08-0700,11c6577e3ce2b3c18bdd345dd31f84f1a5b651bd,3rd-folsom,closeness_multiplier,4.0,s2/s2_sf_8_20260903152041_00019.pcap,1d19feceed93820cc4b20de2bd4cb4a94da08012466499cf86309f689131531f,0,120.0,1201,12,1.2s (at 10 Hz),True,0.9698194444444445,2.6629207434543838e-05,1,696.1451730705887,10.62,/Users/david/code/velocity.report/data/experiments/try/l3-settling-sweep/raw/3rd-folsom__closeness_multiplier__4.0.json,
2026-09-17T23:16:18-0700,11c6577e3ce2b3c18bdd345dd31f84f1a5b651bd,3rd-folsom,closeness_multiplier,5.0,s2/s2_sf_8_20260903152041_00019.pcap,1d19feceed93820cc4b20de2bd4cb4a94da08012466499cf86309f689131531f,0,120.0,1201,12,1.2s (at 10 Hz),True,0.9723888888888889,5.6870932462823944e-05,1,714.9421242072788,10.66,/Users/david/code/velocity.report/data/experiments/try/l3-settling-sweep/raw/3rd-folsom__closeness_multiplier__5.0.json,
2026-09-17T23:16:29-0700,11c6577e3ce2b3c18bdd345dd31f84f1a5b651bd,3rd-folsom,safety_margin_metres,0.05,s2/s2_sf_8_20260903152041_00019.pcap,1d19feceed93820cc4b20de2bd4cb4a94da08012466499cf86309f689131531f,0,120.0,1201,12,1.2s (at 10 Hz),True,0.9680972222222223,1.2779411002455925e-05,1,677.964994333099,10.97,/Users/david/code/velocity.report/data/experiments/try/l3-settling-sweep/raw/3rd-folsom__safety_margin_metres__0.05.json,
2026-09-17T23:16:40-0700,11c6577e3ce2b3c18bdd345dd31f84f1a5b651bd,3rd-folsom,safety_margin_metres,0.1,s2/s2_sf_8_20260903152041_00019.pcap,1d19feceed93820cc4b20de2bd4cb4a94da08012466499cf86309f689131531f,0,120.0,1201,12,1.2s (at 10 Hz),True,0.9682361111111111,1.4627155999048944e-05,1,677.6265976216774,10.75,/Users/david/code/velocity.report/data/experiments/try/l3-settling-sweep/raw/3rd-folsom__safety_margin_metres__0.1.json,
2026-09-17T23:16:51-0700,11c6577e3ce2b3c18bdd345dd31f84f1a5b651bd,3rd-folsom,safety_margin_metres,0.22,s2/s2_sf_8_20260903152041_00019.pcap,1d19feceed93820cc4b20de2bd4cb4a94da08012466499cf86309f689131531f,0,120.0,1201,12,1.2s (at 10 Hz),True,0.9696666666666667,1.3863945470989891e-05,1,684.0540993468546,10.72,/Users/david/code/velocity.report/data/experiments/try/l3-settling-sweep/raw/3rd-folsom__safety_margin_metres__0.22.json,
2026-09-17T23:17:02-0700,11c6577e3ce2b3c18bdd345dd31f84f1a5b651bd,3rd-folsom,safety_margin_metres,0.3,s2/s2_sf_8_20260903152041_00019.pcap,1d19feceed93820cc4b20de2bd4cb4a94da08012466499cf86309f689131531f,0,120.0,1201,12,1.2s (at 10 Hz),True,0.9684305555555556,1.6070102172751278e-05,1,688.4025269981499,10.6,/Users/david/code/velocity.report/data/experiments/try/l3-settling-sweep/raw/3rd-folsom__safety_margin_metres__0.3.json,
2026-09-17T23:17:12-0700,11c6577e3ce2b3c18bdd345dd31f84f1a5b651bd,3rd-folsom,noise_relative,0.005,s2/s2_sf_8_20260903152041_00019.pcap,1d19feceed93820cc4b20de2bd4cb4a94da08012466499cf86309f689131531f,0,120.0,1201,12,1.2s (at 10 Hz),True,0.9644722222222222,8.184529449343308e-06,1,643.3063275827309,10.58,/Users/david/code/velocity.report/data/experiments/try/l3-settling-sweep/raw/3rd-folsom__noise_relative__0.005.json,
2026-09-17T23:17:23-0700,11c6577e3ce2b3c18bdd345dd31f84f1a5b651bd,3rd-folsom,noise_relative,0.01,s2/s2_sf_8_20260903152041_00019.pcap,1d19feceed93820cc4b20de2bd4cb4a94da08012466499cf86309f689131531f,0,120.0,1201,12,1.2s (at 10 Hz),True,0.9676666666666667,9.13471149873959e-06,1,656.6714892639798,10.65,/Users/david/code/velocity.report/data/experiments/try/l3-settling-sweep/raw/3rd-folsom__noise_relative__0.01.json,
2026-09-17T23:17:33-0700,11c6577e3ce2b3c18bdd345dd31f84f1a5b651bd,3rd-folsom,noise_relative,0.035,s2/s2_sf_8_20260903152041_00019.pcap,1d19feceed93820cc4b20de2bd4cb4a94da08012466499cf86309f689131531f,0,120.0,1201,12,1.2s (at 10 Hz),True,0.9713888888888889,3.536029165102798e-05,1,712.4002716614241,10.57,/Users/david/code/velocity.report/data/experiments/try/l3-settling-sweep/raw/3rd-folsom__noise_relative__0.035.json,
2026-09-17T23:17:44-0700,11c6577e3ce2b3c18bdd345dd31f84f1a5b651bd,3rd-folsom,noise_relative,0.05,s2/s2_sf_8_20260903152041_00019.pcap,1d19feceed93820cc4b20de2bd4cb4a94da08012466499cf86309f689131531f,0,120.0,1201,24,2.4s (at 10 Hz),True,0.9743333333333334,7.145691768157717e-05,1,747.6737370281674,10.64,/Users/david/code/velocity.report/data/experiments/try/l3-settling-sweep/raw/3rd-folsom__noise_relative__0.05.json,
2026-09-17T23:17:55-0700,11c6577e3ce2b3c18bdd345dd31f84f1a5b651bd,3rd-folsom,neighbour_confirmation_count,1,s2/s2_sf_8_20260903152041_00019.pcap,1d19feceed93820cc4b20de2bd4cb4a94da08012466499cf86309f689131531f,0,120.0,1201,1201,120.1s (at 10 Hz),True,0.9759027777777778,0.000403380994367882,1,710.758030313812,10.74,/Users/david/code/velocity.report/data/experiments/try/l3-settling-sweep/raw/3rd-folsom__neighbour_confirmation_count__1.json,
2026-09-17T23:18:05-0700,11c6577e3ce2b3c18bdd345dd31f84f1a5b651bd,3rd-folsom,neighbour_confirmation_count,2,s2/s2_sf_8_20260903152041_00019.pcap,1d19feceed93820cc4b20de2bd4cb4a94da08012466499cf86309f689131531f,0,120.0,1201,12,1.2s (at 10 Hz),True,0.9697638888888889,4.3646952257609465e-05,1,683.7021325351245,10.7,/Users/david/code/velocity.report/data/experiments/try/l3-settling-sweep/raw/3rd-folsom__neighbour_confirmation_count__2.json,
2026-09-17T23:18:16-0700,11c6577e3ce2b3c18bdd345dd31f84f1a5b651bd,3rd-folsom,neighbour_confirmation_count,4,s2/s2_sf_8_20260903152041_00019.pcap,1d19feceed93820cc4b20de2bd4cb4a94da08012466499cf86309f689131531f,0,120.0,1201,12,1.2s (at 10 Hz),True,0.9675,1.5017748349435797e-05,1,678.3178868791272,10.55,/Users/david/code/velocity.report/data/experiments/try/l3-settling-sweep/raw/3rd-folsom__neighbour_confirmation_count__4.json,
2026-09-17T23:18:27-0700,11c6577e3ce2b3c18bdd345dd31f84f1a5b651bd,3rd-folsom,neighbour_confirmation_count,5,s2/s2_sf_8_20260903152041_00019.pcap,1d19feceed93820cc4b20de2bd4cb4a94da08012466499cf86309f689131531f,0,120.0,1201,12,1.2s (at 10 Hz),True,0.9672083333333333,1.6007436879639755e-05,1,678.1446028805698,10.55,/Users/david/code/velocity.report/data/experiments/try/l3-settling-sweep/raw/3rd-folsom__neighbour_confirmation_count__5.json,
2026-09-17T23:18:38-0700,11c6577e3ce2b3c18bdd345dd31f84f1a5b651bd,ashbury-downey,_baseline,default,s2/s2-sf-0.pcapng,2eec35d381fa4c4ba5a6bf1218982c76e53749287d53691115261f14d8aefbed,0,120.0,1200,11,1.1s (at 10 Hz),True,0.9887916666666666,0.0001070342136435257,1,947.374503111261,11.46,/Users/david/code/velocity.report/data/experiments/try/l3-settling-sweep/raw/ashbury-downey___baseline__default.json,
2026-09-17T23:18:49-0700,11c6577e3ce2b3c18bdd345dd31f84f1a5b651bd,ashbury-downey,closeness_multiplier,1.5,s2/s2-sf-0.pcapng,2eec35d381fa4c4ba5a6bf1218982c76e53749287d53691115261f14d8aefbed,0,120.0,1200,11,1.1s (at 10 Hz),True,0.9879027777777778,7.883537221928512e-05,1,930.0592444713127,10.82,/Users/david/code/velocity.report/data/experiments/try/l3-settling-sweep/raw/ashbury-downey__closeness_multiplier__1.5.json,
2026-09-17T23:19:00-0700,11c6577e3ce2b3c18bdd345dd31f84f1a5b651bd,ashbury-downey,closeness_multiplier,2.25,s2/s2-sf-0.pcapng,2eec35d381fa4c4ba5a6bf1218982c76e53749287d53691115261f14d8aefbed,0,120.0,1200,11,1.1s (at 10 Hz),True,0.9883333333333333,9.751019627955219e-05,1,937.0328274311411,10.77,/Users/david/code/velocity.report/data/experiments/try/l3-settling-sweep/raw/ashbury-downey__closeness_multiplier__2.25.json,
2026-09-17T23:19:11-0700,11c6577e3ce2b3c18bdd345dd31f84f1a5b651bd,ashbury-downey,closeness_multiplier,4.0,s2/s2-sf-0.pcapng,2eec35d381fa4c4ba5a6bf1218982c76e53749287d53691115261f14d8aefbed,0,120.0,1200,11,1.1s (at 10 Hz),True,0.9890972222222222,0.0001402132310583793,1,952.4308362002387,10.88,/Users/david/code/velocity.report/data/experiments/try/l3-settling-sweep/raw/ashbury-downey__closeness_multiplier__4.0.json,
2026-09-17T23:19:22-0700,11c6577e3ce2b3c18bdd345dd31f84f1a5b651bd,ashbury-downey,closeness_multiplier,5.0,s2/s2-sf-0.pcapng,2eec35d381fa4c4ba5a6bf1218982c76e53749287d53691115261f14d8aefbed,0,120.0,1200,11,1.1s (at 10 Hz),True,0.9893333333333333,0.00016811856040700724,1,961.8555564914645,10.92,/Users/david/code/velocity.report/data/experiments/try/l3-settling-sweep/raw/ashbury-downey__closeness_multiplier__5.0.json,
2026-09-17T23:19:32-0700,11c6577e3ce2b3c18bdd345dd31f84f1a5b651bd,ashbury-downey,safety_margin_metres,0.05,s2/s2-sf-0.pcapng,2eec35d381fa4c4ba5a6bf1218982c76e53749287d53691115261f14d8aefbed,0,120.0,1200,11,1.1s (at 10 Hz),True,0.9888333333333333,0.00010826877996859359,1,940.9702792291702,10.85,/Users/david/code/velocity.report/data/experiments/try/l3-settling-sweep/raw/ashbury-downey__safety_margin_metres__0.05.json,
2026-09-17T23:19:43-0700,11c6577e3ce2b3c18bdd345dd31f84f1a5b651bd,ashbury-downey,safety_margin_metres,0.1,s2/s2-sf-0.pcapng,2eec35d381fa4c4ba5a6bf1218982c76e53749287d53691115261f14d8aefbed,0,120.0,1200,11,1.1s (at 10 Hz),True,0.9887638888888889,0.00011030833592416476,1,942.3320784930679,10.91,/Users/david/code/velocity.report/data/experiments/try/l3-settling-sweep/raw/ashbury-downey__safety_margin_metres__0.1.json,
2026-09-17T23:19:54-0700,11c6577e3ce2b3c18bdd345dd31f84f1a5b651bd,ashbury-downey,safety_margin_metres,0.22,s2/s2-sf-0.pcapng,2eec35d381fa4c4ba5a6bf1218982c76e53749287d53691115261f14d8aefbed,0,120.0,1200,11,1.1s (at 10 Hz),True,0.9888472222222222,0.00010859227156518094,1,949.0098178294029,11.12,/Users/david/code/velocity.report/data/experiments/try/l3-settling-sweep/raw/ashbury-downey__safety_margin_metres__0.22.json,
2026-09-17T23:20:06-0700,11c6577e3ce2b3c18bdd345dd31f84f1a5b651bd,ashbury-downey,safety_margin_metres,0.3,s2/s2-sf-0.pcapng,2eec35d381fa4c4ba5a6bf1218982c76e53749287d53691115261f14d8aefbed,0,120.0,1200,11,1.1s (at 10 Hz),True,0.989,0.00011454282083756857,1,949.5248427143017,11.02,/Users/david/code/velocity.report/data/experiments/try/l3-settling-sweep/raw/ashbury-downey__safety_margin_metres__0.3.json,
2026-09-17T23:20:17-0700,11c6577e3ce2b3c18bdd345dd31f84f1a5b651bd,ashbury-downey,noise_relative,0.005,s2/s2-sf-0.pcapng,2eec35d381fa4c4ba5a6bf1218982c76e53749287d53691115261f14d8aefbed,0,120.0,1200,11,1.1s (at 10 Hz),True,0.9870416666666667,7.838666913543802e-05,1,930.803495293174,11.11,/Users/david/code/velocity.report/data/experiments/try/l3-settling-sweep/raw/ashbury-downey__noise_relative__0.005.json,
2026-09-17T23:20:28-0700,11c6577e3ce2b3c18bdd345dd31f84f1a5b651bd,ashbury-downey,noise_relative,0.01,s2/s2-sf-0.pcapng,2eec35d381fa4c4ba5a6bf1218982c76e53749287d53691115261f14d8aefbed,0,120.0,1200,11,1.1s (at 10 Hz),True,0.9880416666666667,9.159319661401885e-05,1,931.3262064409115,10.9,/Users/david/code/velocity.report/data/experiments/try/l3-settling-sweep/raw/ashbury-downey__noise_relative__0.01.json,
2026-09-17T23:20:39-0700,11c6577e3ce2b3c18bdd345dd31f84f1a5b651bd,ashbury-downey,noise_relative,0.035,s2/s2-sf-0.pcapng,2eec35d381fa4c4ba5a6bf1218982c76e53749287d53691115261f14d8aefbed,0,120.0,1200,11,1.1s (at 10 Hz),True,0.9894444444444445,0.00014416915853321117,1,970.5191886580573,11.88,/Users/david/code/velocity.report/data/experiments/try/l3-settling-sweep/raw/ashbury-downey__noise_relative__0.035.json,
2026-09-17T23:20:51-0700,11c6577e3ce2b3c18bdd345dd31f84f1a5b651bd,ashbury-downey,noise_relative,0.05,s2/s2-sf-0.pcapng,2eec35d381fa4c4ba5a6bf1218982c76e53749287d53691115261f14d8aefbed,0,120.0,1200,11,1.1s (at 10 Hz),True,0.9897777777777778,0.00020174320975624237,1,988.2661792770543,11.87,/Users/david/code/velocity.report/data/experiments/try/l3-settling-sweep/raw/ashbury-downey__noise_relative__0.05.json,
2026-09-17T23:21:03-0700,11c6577e3ce2b3c18bdd345dd31f84f1a5b651bd,ashbury-downey,neighbour_confirmation_count,1,s2/s2-sf-0.pcapng,2eec35d381fa4c4ba5a6bf1218982c76e53749287d53691115261f14d8aefbed,0,120.0,1200,27,2.7s (at 10 Hz),True,0.9904027777777777,0.0007799196110934863,1,967.5579520116676,11.49,/Users/david/code/velocity.report/data/experiments/try/l3-settling-sweep/raw/ashbury-downey__neighbour_confirmation_count__1.json,
2026-09-17T23:21:15-0700,11c6577e3ce2b3c18bdd345dd31f84f1a5b651bd,ashbury-downey,neighbour_confirmation_count,2,s2/s2-sf-0.pcapng,2eec35d381fa4c4ba5a6bf1218982c76e53749287d53691115261f14d8aefbed,0,120.0,1200,11,1.1s (at 10 Hz),True,0.9894305555555556,0.00020007214984331932,1,957.7644689004618,12.14,/Users/david/code/velocity.report/data/experiments/try/l3-settling-sweep/raw/ashbury-downey__neighbour_confirmation_count__2.json,
2026-09-17T23:21:26-0700,11c6577e3ce2b3c18bdd345dd31f84f1a5b651bd,ashbury-downey,neighbour_confirmation_count,4,s2/s2-sf-0.pcapng,2eec35d381fa4c4ba5a6bf1218982c76e53749287d53691115261f14d8aefbed,0,120.0,1200,11,1.1s (at 10 Hz),True,0.9888055555555556,0.00011102427888986708,1,944.2706126920808,10.99,/Users/david/code/velocity.report/data/experiments/try/l3-settling-sweep/raw/ashbury-downey__neighbour_confirmation_count__4.json,
2026-09-17T23:21:37-0700,11c6577e3ce2b3c18bdd345dd31f84f1a5b651bd,ashbury-downey,neighbour_confirmation_count,5,s2/s2-sf-0.pcapng,2eec35d381fa4c4ba5a6bf1218982c76e53749287d53691115261f14d8aefbed,0,120.0,1200,11,1.1s (at 10 Hz),True,0.98875,0.00010535416065842788,1,948.7922882427307,11.13,/Users/david/code/velocity.report/data/experiments/try/l3-settling-sweep/raw/ashbury-downey__neighbour_confirmation_count__5.json,
2026-09-17T23:21:49-0700,11c6577e3ce2b3c18bdd345dd31f84f1a5b651bd,broadway-gough,_baseline,default,s2/s2-1_20260901150856_00029.pcap,30ca5559051e291e1a73a6bd22a69316fb4bf3172bf662064655eb7ef42fc9db,0,120.0,1201,11,1.1s (at 10 Hz),True,0.9781666666666666,7.160875230269935e-06,1,749.7607059692168,11.34,/Users/david/code/velocity.report/data/experiments/try/l3-settling-sweep/raw/broadway-gough___baseline__default.json,
2026-09-17T23:21:59-0700,11c6577e3ce2b3c18bdd345dd31f84f1a5b651bd,broadway-gough,closeness_multiplier,1.5,s2/s2-1_20260901150856_00029.pcap,30ca5559051e291e1a73a6bd22a69316fb4bf3172bf662064655eb7ef42fc9db,0,120.0,1201,11,1.1s (at 10 Hz),True,0.9764722222222222,6.481157956353518e-06,1,724.1850197707166,10.71,/Users/david/code/velocity.report/data/experiments/try/l3-settling-sweep/raw/broadway-gough__closeness_multiplier__1.5.json,
2026-09-17T23:22:10-0700,11c6577e3ce2b3c18bdd345dd31f84f1a5b651bd,broadway-gough,closeness_multiplier,2.25,s2/s2-1_20260901150856_00029.pcap,30ca5559051e291e1a73a6bd22a69316fb4bf3172bf662064655eb7ef42fc9db,0,120.0,1201,11,1.1s (at 10 Hz),True,0.9768888888888889,6.800908554011483e-06,1,728.7965053457689,10.68,/Users/david/code/velocity.report/data/experiments/try/l3-settling-sweep/raw/broadway-gough__closeness_multiplier__2.25.json,
2026-09-17T23:22:21-0700,11c6577e3ce2b3c18bdd345dd31f84f1a5b651bd,broadway-gough,closeness_multiplier,4.0,s2/s2-1_20260901150856_00029.pcap,30ca5559051e291e1a73a6bd22a69316fb4bf3172bf662064655eb7ef42fc9db,0,120.0,1201,11,1.1s (at 10 Hz),True,0.9795694444444445,9.155131745186363e-06,1,747.7743197833515,10.83,/Users/david/code/velocity.report/data/experiments/try/l3-settling-sweep/raw/broadway-gough__closeness_multiplier__4.0.json,
2026-09-17T23:22:32-0700,11c6577e3ce2b3c18bdd345dd31f84f1a5b651bd,broadway-gough,closeness_multiplier,5.0,s2/s2-1_20260901150856_00029.pcap,30ca5559051e291e1a73a6bd22a69316fb4bf3172bf662064655eb7ef42fc9db,0,120.0,1201,11,1.1s (at 10 Hz),True,0.9812916666666667,9.99743548300541e-06,1,755.4181704952373,10.82,/Users/david/code/velocity.report/data/experiments/try/l3-settling-sweep/raw/broadway-gough__closeness_multiplier__5.0.json,
2026-09-17T23:22:42-0700,11c6577e3ce2b3c18bdd345dd31f84f1a5b651bd,broadway-gough,safety_margin_metres,0.05,s2/s2-1_20260901150856_00029.pcap,30ca5559051e291e1a73a6bd22a69316fb4bf3172bf662064655eb7ef42fc9db,0,120.0,1201,11,1.1s (at 10 Hz),True,0.9763611111111111,7.099378748713072e-06,1,739.4186890096447,10.84,/Users/david/code/velocity.report/data/experiments/try/l3-settling-sweep/raw/broadway-gough__safety_margin_metres__0.05.json,
2026-09-17T23:22:53-0700,11c6577e3ce2b3c18bdd345dd31f84f1a5b651bd,broadway-gough,safety_margin_metres,0.1,s2/s2-1_20260901150856_00029.pcap,30ca5559051e291e1a73a6bd22a69316fb4bf3172bf662064655eb7ef42fc9db,0,120.0,1201,11,1.1s (at 10 Hz),True,0.9772777777777778,7.190973102362604e-06,1,737.4836706270252,10.89,/Users/david/code/velocity.report/data/experiments/try/l3-settling-sweep/raw/broadway-gough__safety_margin_metres__0.1.json,
2026-09-17T23:23:04-0700,11c6577e3ce2b3c18bdd345dd31f84f1a5b651bd,broadway-gough,safety_margin_metres,0.22,s2/s2-1_20260901150856_00029.pcap,30ca5559051e291e1a73a6bd22a69316fb4bf3172bf662064655eb7ef42fc9db,0,120.0,1201,11,1.1s (at 10 Hz),True,0.9789305555555555,7.488365495945343e-06,1,748.6765461175036,11.02,/Users/david/code/velocity.report/data/experiments/try/l3-settling-sweep/raw/broadway-gough__safety_margin_metres__0.22.json,
2026-09-17T23:23:15-0700,11c6577e3ce2b3c18bdd345dd31f84f1a5b651bd,broadway-gough,safety_margin_metres,0.3,s2/s2-1_20260901150856_00029.pcap,30ca5559051e291e1a73a6bd22a69316fb4bf3172bf662064655eb7ef42fc9db,0,120.0,1201,11,1.1s (at 10 Hz),True,0.9805416666666666,7.496352949895875e-06,1,746.413532769586,10.87,/Users/david/code/velocity.report/data/experiments/try/l3-settling-sweep/raw/broadway-gough__safety_margin_metres__0.3.json,
2026-09-17T23:23:26-0700,11c6577e3ce2b3c18bdd345dd31f84f1a5b651bd,broadway-gough,noise_relative,0.005,s2/s2-1_20260901150856_00029.pcap,30ca5559051e291e1a73a6bd22a69316fb4bf3172bf662064655eb7ef42fc9db,0,120.0,1201,11,1.1s (at 10 Hz),True,0.9754027777777777,6.312795448219454e-06,1,718.7452761679648,11.0,/Users/david/code/velocity.report/data/experiments/try/l3-settling-sweep/raw/broadway-gough__noise_relative__0.005.json,
2026-09-17T23:23:37-0700,11c6577e3ce2b3c18bdd345dd31f84f1a5b651bd,broadway-gough,noise_relative,0.01,s2/s2-1_20260901150856_00029.pcap,30ca5559051e291e1a73a6bd22a69316fb4bf3172bf662064655eb7ef42fc9db,0,120.0,1201,11,1.1s (at 10 Hz),True,0.9775694444444445,6.510254970578432e-06,1,728.7111458407331,10.91,/Users/david/code/velocity.report/data/experiments/try/l3-settling-sweep/raw/broadway-gough__noise_relative__0.01.json,
2026-09-17T23:23:48-0700,11c6577e3ce2b3c18bdd345dd31f84f1a5b651bd,broadway-gough,noise_relative,0.035,s2/s2-1_20260901150856_00029.pcap,30ca5559051e291e1a73a6bd22a69316fb4bf3172bf662064655eb7ef42fc9db,0,120.0,1201,11,1.1s (at 10 Hz),True,0.9815,9.794983578441109e-06,1,756.7637969094923,10.94,/Users/david/code/velocity.report/data/experiments/try/l3-settling-sweep/raw/broadway-gough__noise_relative__0.035.json,
2026-09-17T23:23:59-0700,11c6577e3ce2b3c18bdd345dd31f84f1a5b651bd,broadway-gough,noise_relative,0.05,s2/s2-1_20260901150856_00029.pcap,30ca5559051e291e1a73a6bd22a69316fb4bf3172bf662064655eb7ef42fc9db,0,120.0,1201,11,1.1s (at 10 Hz),True,0.9837222222222223,1.4864956998503647e-05,1,772.1027277347941,10.72,/Users/david/code/velocity.report/data/experiments/try/l3-settling-sweep/raw/broadway-gough__noise_relative__0.05.json,
2026-09-17T23:24:10-0700,11c6577e3ce2b3c18bdd345dd31f84f1a5b651bd,broadway-gough,neighbour_confirmation_count,1,s2/s2-1_20260901150856_00029.pcap,30ca5559051e291e1a73a6bd22a69316fb4bf3172bf662064655eb7ef42fc9db,0,120.0,1201,41,4.1s (at 10 Hz),True,0.9809166666666667,1.5010261220540863e-05,1,757.8140486506386,10.78,/Users/david/code/velocity.report/data/experiments/try/l3-settling-sweep/raw/broadway-gough__neighbour_confirmation_count__1.json,
2026-09-17T23:24:20-0700,11c6577e3ce2b3c18bdd345dd31f84f1a5b651bd,broadway-gough,neighbour_confirmation_count,2,s2/s2-1_20260901150856_00029.pcap,30ca5559051e291e1a73a6bd22a69316fb4bf3172bf662064655eb7ef42fc9db,0,120.0,1201,11,1.1s (at 10 Hz),True,0.9784444444444444,7.924869695931966e-06,1,741.0291420622303,10.71,/Users/david/code/velocity.report/data/experiments/try/l3-settling-sweep/raw/broadway-gough__neighbour_confirmation_count__2.json,
2026-09-17T23:24:31-0700,11c6577e3ce2b3c18bdd345dd31f84f1a5b651bd,broadway-gough,neighbour_confirmation_count,4,s2/s2-1_20260901150856_00029.pcap,30ca5559051e291e1a73a6bd22a69316fb4bf3172bf662064655eb7ef42fc9db,0,120.0,1201,11,1.1s (at 10 Hz),True,0.9779722222222222,7.165574445817084e-06,1,739.4613145113187,10.77,/Users/david/code/velocity.report/data/experiments/try/l3-settling-sweep/raw/broadway-gough__neighbour_confirmation_count__4.json,
2026-09-17T23:24:42-0700,11c6577e3ce2b3c18bdd345dd31f84f1a5b651bd,broadway-gough,neighbour_confirmation_count,5,s2/s2-1_20260901150856_00029.pcap,30ca5559051e291e1a73a6bd22a69316fb4bf3172bf662064655eb7ef42fc9db,0,120.0,1201,11,1.1s (at 10 Hz),True,0.9776388888888888,7.167757635120854e-06,1,740.7779514135531,10.83,/Users/david/code/velocity.report/data/experiments/try/l3-settling-sweep/raw/broadway-gough__neighbour_confirmation_count__5.json,
2026-09-17T23:24:53-0700,11c6577e3ce2b3c18bdd345dd31f84f1a5b651bd,bush-powell,_baseline,default,s2/s2_sf_6_20260903113556_00020.pcap,19d49af8a0498d700c383a851bc512b7423a1388969663b27b12d9e23de97d7c,0,120.0,1201,12,1.2s (at 10 Hz),True,0.9852083333333334,2.626287711019728e-05,1,617.0576302248537,10.93,/Users/david/code/velocity.report/data/experiments/try/l3-settling-sweep/raw/bush-powell___baseline__default.json,
2026-09-17T23:25:04-0700,11c6577e3ce2b3c18bdd345dd31f84f1a5b651bd,bush-powell,closeness_multiplier,1.5,s2/s2_sf_6_20260903113556_00020.pcap,19d49af8a0498d700c383a851bc512b7423a1388969663b27b12d9e23de97d7c,0,120.0,1201,12,1.2s (at 10 Hz),True,0.9831944444444445,2.099491394282667e-05,1,604.3288035033197,10.76,/Users/david/code/velocity.report/data/experiments/try/l3-settling-sweep/raw/bush-powell__closeness_multiplier__1.5.json,
2026-09-17T23:25:15-0700,11c6577e3ce2b3c18bdd345dd31f84f1a5b651bd,bush-powell,closeness_multiplier,2.25,s2/s2_sf_6_20260903113556_00020.pcap,19d49af8a0498d700c383a851bc512b7423a1388969663b27b12d9e23de97d7c,0,120.0,1201,12,1.2s (at 10 Hz),True,0.9850833333333333,2.6461288179412604e-05,1,608.9007416180244,10.89,/Users/david/code/velocity.report/data/experiments/try/l3-settling-sweep/raw/bush-powell__closeness_multiplier__2.25.json,
2026-09-17T23:25:26-0700,11c6577e3ce2b3c18bdd345dd31f84f1a5b651bd,bush-powell,closeness_multiplier,4.0,s2/s2_sf_6_20260903113556_00020.pcap,19d49af8a0498d700c383a851bc512b7423a1388969663b27b12d9e23de97d7c,0,120.0,1201,12,1.2s (at 10 Hz),True,0.9875833333333334,3.601762870483758e-05,1,628.1406772986809,10.93,/Users/david/code/velocity.report/data/experiments/try/l3-settling-sweep/raw/bush-powell__closeness_multiplier__4.0.json,
2026-09-17T23:25:36-0700,11c6577e3ce2b3c18bdd345dd31f84f1a5b651bd,bush-powell,closeness_multiplier,5.0,s2/s2_sf_6_20260903113556_00020.pcap,19d49af8a0498d700c383a851bc512b7423a1388969663b27b12d9e23de97d7c,0,120.0,1201,11,1.1s (at 10 Hz),True,0.9880138888888889,3.852336851681926e-05,1,644.6351828162559,10.76,/Users/david/code/velocity.report/data/experiments/try/l3-settling-sweep/raw/bush-powell__closeness_multiplier__5.0.json,
2026-09-17T23:25:48-0700,11c6577e3ce2b3c18bdd345dd31f84f1a5b651bd,bush-powell,safety_margin_metres,0.05,s2/s2_sf_6_20260903113556_00020.pcap,19d49af8a0498d700c383a851bc512b7423a1388969663b27b12d9e23de97d7c,0,120.0,1201,12,1.2s (at 10 Hz),True,0.9855,2.853241101765409e-05,1,612.5805005919161,11.12,/Users/david/code/velocity.report/data/experiments/try/l3-settling-sweep/raw/bush-powell__safety_margin_metres__0.05.json,
2026-09-17T23:25:58-0700,11c6577e3ce2b3c18bdd345dd31f84f1a5b651bd,bush-powell,safety_margin_metres,0.1,s2/s2_sf_6_20260903113556_00020.pcap,19d49af8a0498d700c383a851bc512b7423a1388969663b27b12d9e23de97d7c,0,120.0,1201,12,1.2s (at 10 Hz),True,0.9855277777777778,2.6379367948058174e-05,1,613.4592857746836,10.8,/Users/david/code/velocity.report/data/experiments/try/l3-settling-sweep/raw/bush-powell__safety_margin_metres__0.1.json,
2026-09-17T23:26:09-0700,11c6577e3ce2b3c18bdd345dd31f84f1a5b651bd,bush-powell,safety_margin_metres,0.22,s2/s2_sf_6_20260903113556_00020.pcap,19d49af8a0498d700c383a851bc512b7423a1388969663b27b12d9e23de97d7c,0,120.0,1201,12,1.2s (at 10 Hz),True,0.9865972222222222,3.138474926749495e-05,1,622.4689096924052,10.88,/Users/david/code/velocity.report/data/experiments/try/l3-settling-sweep/raw/bush-powell__safety_margin_metres__0.22.json,
2026-09-17T23:26:20-0700,11c6577e3ce2b3c18bdd345dd31f84f1a5b651bd,bush-powell,safety_margin_metres,0.3,s2/s2_sf_6_20260903113556_00020.pcap,19d49af8a0498d700c383a851bc512b7423a1388969663b27b12d9e23de97d7c,0,120.0,1201,12,1.2s (at 10 Hz),True,0.9867638888888889,3.1160930601660856e-05,1,631.8528720424508,10.91,/Users/david/code/velocity.report/data/experiments/try/l3-settling-sweep/raw/bush-powell__safety_margin_metres__0.3.json,
2026-09-17T23:26:31-0700,11c6577e3ce2b3c18bdd345dd31f84f1a5b651bd,bush-powell,noise_relative,0.005,s2/s2_sf_6_20260903113556_00020.pcap,19d49af8a0498d700c383a851bc512b7423a1388969663b27b12d9e23de97d7c,0,120.0,1201,12,1.2s (at 10 Hz),True,0.9827916666666666,2.186549988487716e-05,1,596.5325532426054,11.05,/Users/david/code/velocity.report/data/experiments/try/l3-settling-sweep/raw/bush-powell__noise_relative__0.005.json,
2026-09-17T23:26:42-0700,11c6577e3ce2b3c18bdd345dd31f84f1a5b651bd,bush-powell,noise_relative,0.01,s2/s2_sf_6_20260903113556_00020.pcap,19d49af8a0498d700c383a851bc512b7423a1388969663b27b12d9e23de97d7c,0,120.0,1201,12,1.2s (at 10 Hz),True,0.9832638888888889,2.2019903917140926e-05,1,604.4752454269369,10.79,/Users/david/code/velocity.report/data/experiments/try/l3-settling-sweep/raw/bush-powell__noise_relative__0.01.json,
2026-09-17T23:26:53-0700,11c6577e3ce2b3c18bdd345dd31f84f1a5b651bd,bush-powell,noise_relative,0.035,s2/s2_sf_6_20260903113556_00020.pcap,19d49af8a0498d700c383a851bc512b7423a1388969663b27b12d9e23de97d7c,0,120.0,1201,11,1.1s (at 10 Hz),True,0.9888194444444445,3.87609759004556e-05,1,640.0206194255214,10.87,/Users/david/code/velocity.report/data/experiments/try/l3-settling-sweep/raw/bush-powell__noise_relative__0.035.json,
2026-09-17T23:27:04-0700,11c6577e3ce2b3c18bdd345dd31f84f1a5b651bd,bush-powell,noise_relative,0.05,s2/s2_sf_6_20260903113556_00020.pcap,19d49af8a0498d700c383a851bc512b7423a1388969663b27b12d9e23de97d7c,0,120.0,1201,12,1.2s (at 10 Hz),True,0.9896111111111111,5.119843367880467e-05,1,687.3458288890137,10.79,/Users/david/code/velocity.report/data/experiments/try/l3-settling-sweep/raw/bush-powell__noise_relative__0.05.json,
2026-09-17T23:27:15-0700,11c6577e3ce2b3c18bdd345dd31f84f1a5b651bd,bush-powell,neighbour_confirmation_count,1,s2/s2_sf_6_20260903113556_00020.pcap,19d49af8a0498d700c383a851bc512b7423a1388969663b27b12d9e23de97d7c,0,120.0,1201,38,3.8s (at 10 Hz),True,0.9889444444444444,0.0002790495493781703,1,630.9949862367283,10.79,/Users/david/code/velocity.report/data/experiments/try/l3-settling-sweep/raw/bush-powell__neighbour_confirmation_count__1.json,
2026-09-17T23:27:25-0700,11c6577e3ce2b3c18bdd345dd31f84f1a5b651bd,bush-powell,neighbour_confirmation_count,2,s2/s2_sf_6_20260903113556_00020.pcap,19d49af8a0498d700c383a851bc512b7423a1388969663b27b12d9e23de97d7c,0,120.0,1201,12,1.2s (at 10 Hz),True,0.9865694444444445,5.604194722850555e-05,1,620.1809722241775,10.93,/Users/david/code/velocity.report/data/experiments/try/l3-settling-sweep/raw/bush-powell__neighbour_confirmation_count__2.json,
2026-09-17T23:27:36-0700,11c6577e3ce2b3c18bdd345dd31f84f1a5b651bd,bush-powell,neighbour_confirmation_count,4,s2/s2_sf_6_20260903113556_00020.pcap,19d49af8a0498d700c383a851bc512b7423a1388969663b27b12d9e23de97d7c,0,120.0,1201,12,1.2s (at 10 Hz),True,0.9862916666666667,2.7624713069675543e-05,1,617.788179629082,11.0,/Users/david/code/velocity.report/data/experiments/try/l3-settling-sweep/raw/bush-powell__neighbour_confirmation_count__4.json,
2026-09-17T23:27:47-0700,11c6577e3ce2b3c18bdd345dd31f84f1a5b651bd,bush-powell,neighbour_confirmation_count,5,s2/s2_sf_6_20260903113556_00020.pcap,19d49af8a0498d700c383a851bc512b7423a1388969663b27b12d9e23de97d7c,0,120.0,1201,12,1.2s (at 10 Hz),True,0.9852777777777778,2.633360173702366e-05,1,617.1654496757824,10.74,/Users/david/code/velocity.report/data/experiments/try/l3-settling-sweep/raw/bush-powell__neighbour_confirmation_count__5.json,
2026-09-17T23:27:58-0700,11c6577e3ce2b3c18bdd345dd31f84f1a5b651bd,california-leon-baker,_baseline,default,s2/s2-1_20260901142853_00021.pcap,6ba305456f6be0fae61f63e9b303cb80e0ac2e5bf1f605a46e3086552d0cafb8,0,120.0,1201,11,1.1s (at 10 Hz),True,0.9836805555555556,2.7485601419890006e-05,1,858.1609883515707,11.14,/Users/david/code/velocity.report/data/experiments/try/l3-settling-sweep/raw/california-leon-baker___baseline__default.json,
2026-09-17T23:28:09-0700,11c6577e3ce2b3c18bdd345dd31f84f1a5b651bd,california-leon-baker,closeness_multiplier,1.5,s2/s2-1_20260901142853_00021.pcap,6ba305456f6be0fae61f63e9b303cb80e0ac2e5bf1f605a46e3086552d0cafb8,0,120.0,1201,11,1.1s (at 10 Hz),True,0.9813888888888889,2.0615021174126683e-05,1,840.0258420605718,10.64,/Users/david/code/velocity.report/data/experiments/try/l3-settling-sweep/raw/california-leon-baker__closeness_multiplier__1.5.json,
2026-09-17T23:28:20-0700,11c6577e3ce2b3c18bdd345dd31f84f1a5b651bd,california-leon-baker,closeness_multiplier,2.25,s2/s2-1_20260901142853_00021.pcap,6ba305456f6be0fae61f63e9b303cb80e0ac2e5bf1f605a46e3086552d0cafb8,0,120.0,1201,11,1.1s (at 10 Hz),True,0.9827222222222223,2.227753639806447e-05,1,845.7317965967551,10.61,/Users/david/code/velocity.report/data/experiments/try/l3-settling-sweep/raw/california-leon-baker__closeness_multiplier__2.25.json,
2026-09-17T23:28:30-0700,11c6577e3ce2b3c18bdd345dd31f84f1a5b651bd,california-leon-baker,closeness_multiplier,4.0,s2/s2-1_20260901142853_00021.pcap,6ba305456f6be0fae61f63e9b303cb80e0ac2e5bf1f605a46e3086552d0cafb8,0,120.0,1201,11,1.1s (at 10 Hz),True,0.9844027777777777,3.219623706810911e-05,1,856.2842953285269,10.65,/Users/david/code/velocity.report/data/experiments/try/l3-settling-sweep/raw/california-leon-baker__closeness_multiplier__4.0.json,
2026-09-17T23:28:41-0700,11c6577e3ce2b3c18bdd345dd31f84f1a5b651bd,california-leon-baker,closeness_multiplier,5.0,s2/s2-1_20260901142853_00021.pcap,6ba305456f6be0fae61f63e9b303cb80e0ac2e5bf1f605a46e3086552d0cafb8,0,120.0,1201,11,1.1s (at 10 Hz),True,0.9850138888888889,3.4883351561956214e-05,1,863.8526247514841,10.7,/Users/david/code/velocity.report/data/experiments/try/l3-settling-sweep/raw/california-leon-baker__closeness_multiplier__5.0.json,
2026-09-17T23:28:52-0700,11c6577e3ce2b3c18bdd345dd31f84f1a5b651bd,california-leon-baker,safety_margin_metres,0.05,s2/s2-1_20260901142853_00021.pcap,6ba305456f6be0fae61f63e9b303cb80e0ac2e5bf1f605a46e3086552d0cafb8,0,120.0,1201,11,1.1s (at 10 Hz),True,0.9828472222222222,2.6809706664627402e-05,1,848.1279728679432,10.75,/Users/david/code/velocity.report/data/experiments/try/l3-settling-sweep/raw/california-leon-baker__safety_margin_metres__0.05.json,
2026-09-17T23:29:02-0700,11c6577e3ce2b3c18bdd345dd31f84f1a5b651bd,california-leon-baker,safety_margin_metres,0.1,s2/s2-1_20260901142853_00021.pcap,6ba305456f6be0fae61f63e9b303cb80e0ac2e5bf1f605a46e3086552d0cafb8,0,120.0,1201,11,1.1s (at 10 Hz),True,0.9833333333333333,2.7081431149462985e-05,1,851.0053107344633,10.65,/Users/david/code/velocity.report/data/experiments/try/l3-settling-sweep/raw/california-leon-baker__safety_margin_metres__0.1.json,
2026-09-17T23:29:13-0700,11c6577e3ce2b3c18bdd345dd31f84f1a5b651bd,california-leon-baker,safety_margin_metres,0.22,s2/s2-1_20260901142853_00021.pcap,6ba305456f6be0fae61f63e9b303cb80e0ac2e5bf1f605a46e3086552d0cafb8,0,120.0,1201,11,1.1s (at 10 Hz),True,0.9838194444444445,2.8489800279847884e-05,1,852.1464389073199,10.65,/Users/david/code/velocity.report/data/experiments/try/l3-settling-sweep/raw/california-leon-baker__safety_margin_metres__0.22.json,
2026-09-17T23:29:24-0700,11c6577e3ce2b3c18bdd345dd31f84f1a5b651bd,california-leon-baker,safety_margin_metres,0.3,s2/s2-1_20260901142853_00021.pcap,6ba305456f6be0fae61f63e9b303cb80e0ac2e5bf1f605a46e3086552d0cafb8,0,120.0,1201,11,1.1s (at 10 Hz),True,0.9839444444444444,2.9626251545671446e-05,1,853.2786121619332,10.63,/Users/david/code/velocity.report/data/experiments/try/l3-settling-sweep/raw/california-leon-baker__safety_margin_metres__0.3.json,
2026-09-17T23:29:35-0700,11c6577e3ce2b3c18bdd345dd31f84f1a5b651bd,california-leon-baker,noise_relative,0.005,s2/s2-1_20260901142853_00021.pcap,6ba305456f6be0fae61f63e9b303cb80e0ac2e5bf1f605a46e3086552d0cafb8,0,120.0,1201,11,1.1s (at 10 Hz),True,0.9791527777777778,2.0029112945611533e-05,1,836.676108880977,10.7,/Users/david/code/velocity.report/data/experiments/try/l3-settling-sweep/raw/california-leon-baker__noise_relative__0.005.json,
2026-09-17T23:29:45-0700,11c6577e3ce2b3c18bdd345dd31f84f1a5b651bd,california-leon-baker,noise_relative,0.01,s2/s2-1_20260901142853_00021.pcap,6ba305456f6be0fae61f63e9b303cb80e0ac2e5bf1f605a46e3086552d0cafb8,0,120.0,1201,11,1.1s (at 10 Hz),True,0.9814305555555556,2.0847370708064064e-05,1,845.5007854181113,10.73,/Users/david/code/velocity.report/data/experiments/try/l3-settling-sweep/raw/california-leon-baker__noise_relative__0.01.json,
2026-09-17T23:29:56-0700,11c6577e3ce2b3c18bdd345dd31f84f1a5b651bd,california-leon-baker,noise_relative,0.035,s2/s2-1_20260901142853_00021.pcap,6ba305456f6be0fae61f63e9b303cb80e0ac2e5bf1f605a46e3086552d0cafb8,0,120.0,1201,11,1.1s (at 10 Hz),True,0.9849305555555555,3.53902530057488e-05,1,859.9819502220969,10.73,/Users/david/code/velocity.report/data/experiments/try/l3-settling-sweep/raw/california-leon-baker__noise_relative__0.035.json,
2026-09-17T23:30:07-0700,11c6577e3ce2b3c18bdd345dd31f84f1a5b651bd,california-leon-baker,noise_relative,0.05,s2/s2-1_20260901142853_00021.pcap,6ba305456f6be0fae61f63e9b303cb80e0ac2e5bf1f605a46e3086552d0cafb8,0,120.0,1201,11,1.1s (at 10 Hz),True,0.9852361111111111,3.920339018250668e-05,1,881.8676572169671,11.31,/Users/david/code/velocity.report/data/experiments/try/l3-settling-sweep/raw/california-leon-baker__noise_relative__0.05.json,
2026-09-17T23:30:18-0700,11c6577e3ce2b3c18bdd345dd31f84f1a5b651bd,california-leon-baker,neighbour_confirmation_count,1,s2/s2-1_20260901142853_00021.pcap,6ba305456f6be0fae61f63e9b303cb80e0ac2e5bf1f605a46e3086552d0cafb8,0,120.0,1201,19,1.9s (at 10 Hz),True,0.9855138888888889,0.00022681405723264727,1,867.3018306861902,10.77,/Users/david/code/velocity.report/data/experiments/try/l3-settling-sweep/raw/california-leon-baker__neighbour_confirmation_count__1.json,
2026-09-17T23:30:29-0700,11c6577e3ce2b3c18bdd345dd31f84f1a5b651bd,california-leon-baker,neighbour_confirmation_count,2,s2/s2-1_20260901142853_00021.pcap,6ba305456f6be0fae61f63e9b303cb80e0ac2e5bf1f605a46e3086552d0cafb8,0,120.0,1201,11,1.1s (at 10 Hz),True,0.9839722222222222,6.0185484518973364e-05,1,852.9816785704204,10.65,/Users/david/code/velocity.report/data/experiments/try/l3-settling-sweep/raw/california-leon-baker__neighbour_confirmation_count__2.json,
2026-09-17T23:30:40-0700,11c6577e3ce2b3c18bdd345dd31f84f1a5b651bd,california-leon-baker,neighbour_confirmation_count,4,s2/s2-1_20260901142853_00021.pcap,6ba305456f6be0fae61f63e9b303cb80e0ac2e5bf1f605a46e3086552d0cafb8,0,120.0,1201,11,1.1s (at 10 Hz),True,0.9838194444444445,2.752068623655339e-05,1,859.9232723935908,11.02,/Users/david/code/velocity.report/data/experiments/try/l3-settling-sweep/raw/california-leon-baker__neighbour_confirmation_count__4.json,
2026-09-17T23:30:51-0700,11c6577e3ce2b3c18bdd345dd31f84f1a5b651bd,california-leon-baker,neighbour_confirmation_count,5,s2/s2-1_20260901142853_00021.pcap,6ba305456f6be0fae61f63e9b303cb80e0ac2e5bf1f605a46e3086552d0cafb8,0,120.0,1201,11,1.1s (at 10 Hz),True,0.9837638888888889,2.753104281940414e-05,1,864.970196665302,11.24,/Users/david/code/velocity.report/data/experiments/try/l3-settling-sweep/raw/california-leon-baker__neighbour_confirmation_count__5.json,
2026-09-17T23:31:02-0700,11c6577e3ce2b3c18bdd345dd31f84f1a5b651bd,columbus-broadway,_baseline,default,s2/s2_sf_3_20260902132037_00002.pcap,135bf02a909df5eeee1f2e526914d975e52cdb562781729174082e7fd6b5e6f0,0,120.0,1200,12,1.2s (at 10 Hz),True,0.9536388888888889,0.00012367878969782054,1,471.80746264309226,10.91,/Users/david/code/velocity.report/data/experiments/try/l3-settling-sweep/raw/columbus-broadway___baseline__default.json,
2026-09-17T23:31:13-0700,11c6577e3ce2b3c18bdd345dd31f84f1a5b651bd,columbus-broadway,closeness_multiplier,1.5,s2/s2_sf_3_20260902132037_00002.pcap,135bf02a909df5eeee1f2e526914d975e52cdb562781729174082e7fd6b5e6f0,0,120.0,1200,12,1.2s (at 10 Hz),True,0.9517916666666667,5.971374385528815e-05,1,453.0125932087146,10.5,/Users/david/code/velocity.report/data/experiments/try/l3-settling-sweep/raw/columbus-broadway__closeness_multiplier__1.5.json,
2026-09-17T23:31:23-0700,11c6577e3ce2b3c18bdd345dd31f84f1a5b651bd,columbus-broadway,closeness_multiplier,2.25,s2/s2_sf_3_20260902132037_00002.pcap,135bf02a909df5eeee1f2e526914d975e52cdb562781729174082e7fd6b5e6f0,0,120.0,1200,12,1.2s (at 10 Hz),True,0.9524166666666667,7.353548850977997e-05,1,458.949689386648,10.45,/Users/david/code/velocity.report/data/experiments/try/l3-settling-sweep/raw/columbus-broadway__closeness_multiplier__2.25.json,
2026-09-17T23:31:34-0700,11c6577e3ce2b3c18bdd345dd31f84f1a5b651bd,columbus-broadway,closeness_multiplier,4.0,s2/s2_sf_3_20260902132037_00002.pcap,135bf02a909df5eeee1f2e526914d975e52cdb562781729174082e7fd6b5e6f0,0,120.0,1200,12,1.2s (at 10 Hz),True,0.9561944444444445,0.00022904953594533344,1,491.00142346686806,10.52,/Users/david/code/velocity.report/data/experiments/try/l3-settling-sweep/raw/columbus-broadway__closeness_multiplier__4.0.json,
2026-09-17T23:31:45-0700,11c6577e3ce2b3c18bdd345dd31f84f1a5b651bd,columbus-broadway,closeness_multiplier,5.0,s2/s2_sf_3_20260902132037_00002.pcap,135bf02a909df5eeee1f2e526914d975e52cdb562781729174082e7fd6b5e6f0,0,120.0,1200,12,1.2s (at 10 Hz),True,0.959375,0.0005196693128989994,1,515.8177922547956,11.15,/Users/david/code/velocity.report/data/experiments/try/l3-settling-sweep/raw/columbus-broadway__closeness_multiplier__5.0.json,
2026-09-17T23:31:55-0700,11c6577e3ce2b3c18bdd345dd31f84f1a5b651bd,columbus-broadway,safety_margin_metres,0.05,s2/s2_sf_3_20260902132037_00002.pcap,135bf02a909df5eeee1f2e526914d975e52cdb562781729174082e7fd6b5e6f0,0,120.0,1200,12,1.2s (at 10 Hz),True,0.9546388888888889,0.00010516980709842399,1,467.4651555271045,10.58,/Users/david/code/velocity.report/data/experiments/try/l3-settling-sweep/raw/columbus-broadway__safety_margin_metres__0.05.json,
2026-09-17T23:32:06-0700,11c6577e3ce2b3c18bdd345dd31f84f1a5b651bd,columbus-broadway,safety_margin_metres,0.1,s2/s2_sf_3_20260902132037_00002.pcap,135bf02a909df5eeee1f2e526914d975e52cdb562781729174082e7fd6b5e6f0,0,120.0,1200,12,1.2s (at 10 Hz),True,0.9533611111111111,0.00011510466179596201,1,468.25297922554705,10.49,/Users/david/code/velocity.report/data/experiments/try/l3-settling-sweep/raw/columbus-broadway__safety_margin_metres__0.1.json,
2026-09-17T23:32:16-0700,11c6577e3ce2b3c18bdd345dd31f84f1a5b651bd,columbus-broadway,safety_margin_metres,0.22,s2/s2_sf_3_20260902132037_00002.pcap,135bf02a909df5eeee1f2e526914d975e52cdb562781729174082e7fd6b5e6f0,0,120.0,1200,12,1.2s (at 10 Hz),True,0.954375,0.0001288625230393362,1,480.384384777705,10.68,/Users/david/code/velocity.report/data/experiments/try/l3-settling-sweep/raw/columbus-broadway__safety_margin_metres__0.22.json,
2026-09-17T23:32:27-0700,11c6577e3ce2b3c18bdd345dd31f84f1a5b651bd,columbus-broadway,safety_margin_metres,0.3,s2/s2_sf_3_20260902132037_00002.pcap,135bf02a909df5eeee1f2e526914d975e52cdb562781729174082e7fd6b5e6f0,0,120.0,1200,12,1.2s (at 10 Hz),True,0.9535138888888889,0.00014528558365762846,1,495.98818696925116,11.02,/Users/david/code/velocity.report/data/experiments/try/l3-settling-sweep/raw/columbus-broadway__safety_margin_metres__0.3.json,
2026-09-17T23:32:39-0700,11c6577e3ce2b3c18bdd345dd31f84f1a5b651bd,columbus-broadway,noise_relative,0.005,s2/s2_sf_3_20260902132037_00002.pcap,135bf02a909df5eeee1f2e526914d975e52cdb562781729174082e7fd6b5e6f0,0,120.0,1200,12,1.2s (at 10 Hz),True,0.9377916666666667,5.027387713583679e-05,1,467.10725552050474,11.93,/Users/david/code/velocity.report/data/experiments/try/l3-settling-sweep/raw/columbus-broadway__noise_relative__0.005.json,
2026-09-17T23:32:51-0700,11c6577e3ce2b3c18bdd345dd31f84f1a5b651bd,columbus-broadway,noise_relative,0.01,s2/s2_sf_3_20260902132037_00002.pcap,135bf02a909df5eeee1f2e526914d975e52cdb562781729174082e7fd6b5e6f0,0,120.0,1200,12,1.2s (at 10 Hz),True,0.945,7.197778315843574e-05,1,472.58130511463844,11.84,/Users/david/code/velocity.report/data/experiments/try/l3-settling-sweep/raw/columbus-broadway__noise_relative__0.01.json,
2026-09-17T23:33:02-0700,11c6577e3ce2b3c18bdd345dd31f84f1a5b651bd,columbus-broadway,noise_relative,0.035,s2/s2_sf_3_20260902132037_00002.pcap,135bf02a909df5eeee1f2e526914d975e52cdb562781729174082e7fd6b5e6f0,0,120.0,1200,12,1.2s (at 10 Hz),True,0.9578055555555556,0.000315938157218648,1,506.8756561584641,11.15,/Users/david/code/velocity.report/data/experiments/try/l3-settling-sweep/raw/columbus-broadway__noise_relative__0.035.json,
2026-09-17T23:33:13-0700,11c6577e3ce2b3c18bdd345dd31f84f1a5b651bd,columbus-broadway,noise_relative,0.05,s2/s2_sf_3_20260902132037_00002.pcap,135bf02a909df5eeee1f2e526914d975e52cdb562781729174082e7fd6b5e6f0,0,120.0,1200,20,2.0s (at 10 Hz),True,0.9631111111111111,0.00040960183537303084,1,515.5340476465159,10.56,/Users/david/code/velocity.report/data/experiments/try/l3-settling-sweep/raw/columbus-broadway__noise_relative__0.05.json,
2026-09-17T23:33:24-0700,11c6577e3ce2b3c18bdd345dd31f84f1a5b651bd,columbus-broadway,neighbour_confirmation_count,1,s2/s2_sf_3_20260902132037_00002.pcap,135bf02a909df5eeee1f2e526914d975e52cdb562781729174082e7fd6b5e6f0,0,120.0,1200,210,21.0s (at 10 Hz),True,0.9611666666666666,0.0016963536534217642,1,495.89139356106585,10.68,/Users/david/code/velocity.report/data/experiments/try/l3-settling-sweep/raw/columbus-broadway__neighbour_confirmation_count__1.json,
2026-09-17T23:33:34-0700,11c6577e3ce2b3c18bdd345dd31f84f1a5b651bd,columbus-broadway,neighbour_confirmation_count,2,s2/s2_sf_3_20260902132037_00002.pcap,135bf02a909df5eeee1f2e526914d975e52cdb562781729174082e7fd6b5e6f0,0,120.0,1200,12,1.2s (at 10 Hz),True,0.9559583333333334,0.0002573361716205315,1,467.9469409696494,10.41,/Users/david/code/velocity.report/data/experiments/try/l3-settling-sweep/raw/columbus-broadway__neighbour_confirmation_count__2.json,
2026-09-17T23:33:45-0700,11c6577e3ce2b3c18bdd345dd31f84f1a5b651bd,columbus-broadway,neighbour_confirmation_count,4,s2/s2_sf_3_20260902132037_00002.pcap,135bf02a909df5eeee1f2e526914d975e52cdb562781729174082e7fd6b5e6f0,0,120.0,1200,12,1.2s (at 10 Hz),True,0.9543055555555555,0.0001118352467595342,1,471.7041478678504,10.78,/Users/david/code/velocity.report/data/experiments/try/l3-settling-sweep/raw/columbus-broadway__neighbour_confirmation_count__4.json,
2026-09-17T23:33:55-0700,11c6577e3ce2b3c18bdd345dd31f84f1a5b651bd,columbus-broadway,neighbour_confirmation_count,5,s2/s2_sf_3_20260902132037_00002.pcap,135bf02a909df5eeee1f2e526914d975e52cdb562781729174082e7fd6b5e6f0,0,120.0,1200,12,1.2s (at 10 Hz),True,0.9535972222222222,0.00011769343466683603,1,469.80417716541166,10.49,/Users/david/code/velocity.report/data/experiments/try/l3-settling-sweep/raw/columbus-broadway__neighbour_confirmation_count__5.json,
2026-09-17T23:34:07-0700,11c6577e3ce2b3c18bdd345dd31f84f1a5b651bd,columbus-north-point,_baseline,default,s2/s2_sf_2_20260902115334_00030.pcap,35f520e2232732a6b227dc6b676865a403fd4f7e0c6874c6d9ea040cebad9a87,0,120.0,1201,11,1.1s (at 10 Hz),True,0.969125,5.185861301212361e-05,1,570.8426988835863,11.34,/Users/david/code/velocity.report/data/experiments/try/l3-settling-sweep/raw/columbus-north-point___baseline__default.json,
2026-09-17T23:34:17-0700,11c6577e3ce2b3c18bdd345dd31f84f1a5b651bd,columbus-north-point,closeness_multiplier,1.5,s2/s2_sf_2_20260902115334_00030.pcap,35f520e2232732a6b227dc6b676865a403fd4f7e0c6874c6d9ea040cebad9a87,0,120.0,1201,12,1.2s (at 10 Hz),True,0.9678333333333333,1.8626129372163225e-05,1,538.0394925664428,10.66,/Users/david/code/velocity.report/data/experiments/try/l3-settling-sweep/raw/columbus-north-point__closeness_multiplier__1.5.json,
2026-09-17T23:34:28-0700,11c6577e3ce2b3c18bdd345dd31f84f1a5b651bd,columbus-north-point,closeness_multiplier,2.25,s2/s2_sf_2_20260902115334_00030.pcap,35f520e2232732a6b227dc6b676865a403fd4f7e0c6874c6d9ea040cebad9a87,0,120.0,1201,12,1.2s (at 10 Hz),True,0.9671666666666666,2.883701346273862e-05,1,546.7628669079212,10.76,/Users/david/code/velocity.report/data/experiments/try/l3-settling-sweep/raw/columbus-north-point__closeness_multiplier__2.25.json,
2026-09-17T23:34:39-0700,11c6577e3ce2b3c18bdd345dd31f84f1a5b651bd,columbus-north-point,closeness_multiplier,4.0,s2/s2_sf_2_20260902115334_00030.pcap,35f520e2232732a6b227dc6b676865a403fd4f7e0c6874c6d9ea040cebad9a87,0,120.0,1201,11,1.1s (at 10 Hz),True,0.9723333333333334,6.169456251904607e-05,1,608.1060878756714,10.81,/Users/david/code/velocity.report/data/experiments/try/l3-settling-sweep/raw/columbus-north-point__closeness_multiplier__4.0.json,
2026-09-17T23:34:50-0700,11c6577e3ce2b3c18bdd345dd31f84f1a5b651bd,columbus-north-point,closeness_multiplier,5.0,s2/s2_sf_2_20260902115334_00030.pcap,35f520e2232732a6b227dc6b676865a403fd4f7e0c6874c6d9ea040cebad9a87,0,120.0,1201,28,2.8s (at 10 Hz),True,0.9739027777777778,7.978925226085635e-05,1,627.5703284322814,10.64,/Users/david/code/velocity.report/data/experiments/try/l3-settling-sweep/raw/columbus-north-point__closeness_multiplier__5.0.json,
2026-09-17T23:35:00-0700,11c6577e3ce2b3c18bdd345dd31f84f1a5b651bd,columbus-north-point,safety_margin_metres,0.05,s2/s2_sf_2_20260902115334_00030.pcap,35f520e2232732a6b227dc6b676865a403fd4f7e0c6874c6d9ea040cebad9a87,0,120.0,1201,11,1.1s (at 10 Hz),True,0.9684305555555556,3.5642913433009354e-05,1,548.065440933928,10.69,/Users/david/code/velocity.report/data/experiments/try/l3-settling-sweep/raw/columbus-north-point__safety_margin_metres__0.05.json,
2026-09-17T23:35:11-0700,11c6577e3ce2b3c18bdd345dd31f84f1a5b651bd,columbus-north-point,safety_margin_metres,0.1,s2/s2_sf_2_20260902115334_00030.pcap,35f520e2232732a6b227dc6b676865a403fd4f7e0c6874c6d9ea040cebad9a87,0,120.0,1201,11,1.1s (at 10 Hz),True,0.9689722222222222,3.654852862161965e-05,1,559.9225123985896,10.73,/Users/david/code/velocity.report/data/experiments/try/l3-settling-sweep/raw/columbus-north-point__safety_margin_metres__0.1.json,
2026-09-17T23:35:22-0700,11c6577e3ce2b3c18bdd345dd31f84f1a5b651bd,columbus-north-point,safety_margin_metres,0.22,s2/s2_sf_2_20260902115334_00030.pcap,35f520e2232732a6b227dc6b676865a403fd4f7e0c6874c6d9ea040cebad9a87,0,120.0,1201,12,1.2s (at 10 Hz),True,0.9698888888888889,4.4724196460767685e-05,1,587.4668060488028,10.62,/Users/david/code/velocity.report/data/experiments/try/l3-settling-sweep/raw/columbus-north-point__safety_margin_metres__0.22.json,
2026-09-17T23:35:32-0700,11c6577e3ce2b3c18bdd345dd31f84f1a5b651bd,columbus-north-point,safety_margin_metres,0.3,s2/s2_sf_2_20260902115334_00030.pcap,35f520e2232732a6b227dc6b676865a403fd4f7e0c6874c6d9ea040cebad9a87,0,120.0,1201,12,1.2s (at 10 Hz),True,0.9709305555555555,4.4089838444225226e-05,1,596.8964910523982,10.62,/Users/david/code/velocity.report/data/experiments/try/l3-settling-sweep/raw/columbus-north-point__safety_margin_metres__0.3.json,
2026-09-17T23:35:43-0700,11c6577e3ce2b3c18bdd345dd31f84f1a5b651bd,columbus-north-point,noise_relative,0.005,s2/s2_sf_2_20260902115334_00030.pcap,35f520e2232732a6b227dc6b676865a403fd4f7e0c6874c6d9ea040cebad9a87,0,120.0,1201,12,1.2s (at 10 Hz),True,0.967125,2.6710455941989882e-05,1,519.0677121479758,10.92,/Users/david/code/velocity.report/data/experiments/try/l3-settling-sweep/raw/columbus-north-point__noise_relative__0.005.json,
2026-09-17T23:35:54-0700,11c6577e3ce2b3c18bdd345dd31f84f1a5b651bd,columbus-north-point,noise_relative,0.01,s2/s2_sf_2_20260902115334_00030.pcap,35f520e2232732a6b227dc6b676865a403fd4f7e0c6874c6d9ea040cebad9a87,0,120.0,1201,12,1.2s (at 10 Hz),True,0.9673333333333334,3.183091079030546e-05,1,535.1057603951298,10.72,/Users/david/code/velocity.report/data/experiments/try/l3-settling-sweep/raw/columbus-north-point__noise_relative__0.01.json,
2026-09-17T23:36:05-0700,11c6577e3ce2b3c18bdd345dd31f84f1a5b651bd,columbus-north-point,noise_relative,0.035,s2/s2_sf_2_20260902115334_00030.pcap,35f520e2232732a6b227dc6b676865a403fd4f7e0c6874c6d9ea040cebad9a87,0,120.0,1201,11,1.1s (at 10 Hz),True,0.9732638888888889,8.043280524275452e-05,1,615.5856867641812,11.0,/Users/david/code/velocity.report/data/experiments/try/l3-settling-sweep/raw/columbus-north-point__noise_relative__0.035.json,
2026-09-17T23:36:16-0700,11c6577e3ce2b3c18bdd345dd31f84f1a5b651bd,columbus-north-point,noise_relative,0.05,s2/s2_sf_2_20260902115334_00030.pcap,35f520e2232732a6b227dc6b676865a403fd4f7e0c6874c6d9ea040cebad9a87,0,120.0,1201,44,4.4s (at 10 Hz),True,0.9768333333333333,0.000135810547096082,1,660.4267047716544,10.84,/Users/david/code/velocity.report/data/experiments/try/l3-settling-sweep/raw/columbus-north-point__noise_relative__0.05.json,
2026-09-17T23:36:27-0700,11c6577e3ce2b3c18bdd345dd31f84f1a5b651bd,columbus-north-point,neighbour_confirmation_count,1,s2/s2_sf_2_20260902115334_00030.pcap,35f520e2232732a6b227dc6b676865a403fd4f7e0c6874c6d9ea040cebad9a87,0,120.0,1201,330,33.0s (at 10 Hz),True,0.9744444444444444,0.0005684936946482815,1,597.1612172177879,10.89,/Users/david/code/velocity.report/data/experiments/try/l3-settling-sweep/raw/columbus-north-point__neighbour_confirmation_count__1.json,
2026-09-17T23:36:38-0700,11c6577e3ce2b3c18bdd345dd31f84f1a5b651bd,columbus-north-point,neighbour_confirmation_count,2,s2/s2_sf_2_20260902115334_00030.pcap,35f520e2232732a6b227dc6b676865a403fd4f7e0c6874c6d9ea040cebad9a87,0,120.0,1201,11,1.1s (at 10 Hz),True,0.9696111111111111,0.00013628389212573782,1,578.6007706411506,11.22,/Users/david/code/velocity.report/data/experiments/try/l3-settling-sweep/raw/columbus-north-point__neighbour_confirmation_count__2.json,
2026-09-17T23:36:49-0700,11c6577e3ce2b3c18bdd345dd31f84f1a5b651bd,columbus-north-point,neighbour_confirmation_count,4,s2/s2_sf_2_20260902115334_00030.pcap,35f520e2232732a6b227dc6b676865a403fd4f7e0c6874c6d9ea040cebad9a87,0,120.0,1201,11,1.1s (at 10 Hz),True,0.9690555555555556,4.43642559881767e-05,1,563.0563836496016,10.85,/Users/david/code/velocity.report/data/experiments/try/l3-settling-sweep/raw/columbus-north-point__neighbour_confirmation_count__4.json,
2026-09-17T23:37:00-0700,11c6577e3ce2b3c18bdd345dd31f84f1a5b651bd,columbus-north-point,neighbour_confirmation_count,5,s2/s2_sf_2_20260902115334_00030.pcap,35f520e2232732a6b227dc6b676865a403fd4f7e0c6874c6d9ea040cebad9a87,0,120.0,1201,11,1.1s (at 10 Hz),True,0.9690555555555556,3.860638224372453e-05,1,563.7728171759445,10.84,/Users/david/code/velocity.report/data/experiments/try/l3-settling-sweep/raw/columbus-north-point__neighbour_confirmation_count__5.json,
2026-09-17T23:37:11-0700,11c6577e3ce2b3c18bdd345dd31f84f1a5b651bd,embarcadero-bay,_baseline,default,s2/s2_sf_2_20260902123517_00002.pcap,cd4811a1246fefd1e3acc51b3d01e771c7121c0b8ee08122b35e1ec049e0e9da,0,120.0,1200,11,1.1s (at 10 Hz),True,0.9622361111111111,8.710425619801494e-05,1,733.814177047098,10.92,/Users/david/code/velocity.report/data/experiments/try/l3-settling-sweep/raw/embarcadero-bay___baseline__default.json,
2026-09-17T23:37:21-0700,11c6577e3ce2b3c18bdd345dd31f84f1a5b651bd,embarcadero-bay,closeness_multiplier,1.5,s2/s2_sf_2_20260902123517_00002.pcap,cd4811a1246fefd1e3acc51b3d01e771c7121c0b8ee08122b35e1ec049e0e9da,0,120.0,1200,11,1.1s (at 10 Hz),True,0.9597638888888889,5.981888207456497e-05,1,704.1368536821846,10.71,/Users/david/code/velocity.report/data/experiments/try/l3-settling-sweep/raw/embarcadero-bay__closeness_multiplier__1.5.json,
2026-09-17T23:37:33-0700,11c6577e3ce2b3c18bdd345dd31f84f1a5b651bd,embarcadero-bay,closeness_multiplier,2.25,s2/s2_sf_2_20260902123517_00002.pcap,cd4811a1246fefd1e3acc51b3d01e771c7121c0b8ee08122b35e1ec049e0e9da,0,120.0,1200,11,1.1s (at 10 Hz),True,0.9612222222222222,7.545601150334017e-05,1,722.8601173274766,11.18,/Users/david/code/velocity.report/data/experiments/try/l3-settling-sweep/raw/embarcadero-bay__closeness_multiplier__2.25.json,
2026-09-17T23:37:44-0700,11c6577e3ce2b3c18bdd345dd31f84f1a5b651bd,embarcadero-bay,closeness_multiplier,4.0,s2/s2_sf_2_20260902123517_00002.pcap,cd4811a1246fefd1e3acc51b3d01e771c7121c0b8ee08122b35e1ec049e0e9da,0,120.0,1200,11,1.1s (at 10 Hz),True,0.9634305555555556,0.00016106934286311633,1,753.87834272781,11.33,/Users/david/code/velocity.report/data/experiments/try/l3-settling-sweep/raw/embarcadero-bay__closeness_multiplier__4.0.json,
2026-09-17T23:37:56-0700,11c6577e3ce2b3c18bdd345dd31f84f1a5b651bd,embarcadero-bay,closeness_multiplier,5.0,s2/s2_sf_2_20260902123517_00002.pcap,cd4811a1246fefd1e3acc51b3d01e771c7121c0b8ee08122b35e1ec049e0e9da,0,120.0,1200,11,1.1s (at 10 Hz),True,0.9644444444444444,0.0002933821298066937,1,776.0195996543779,12.11,/Users/david/code/velocity.report/data/experiments/try/l3-settling-sweep/raw/embarcadero-bay__closeness_multiplier__5.0.json,
2026-09-17T23:38:07-0700,11c6577e3ce2b3c18bdd345dd31f84f1a5b651bd,embarcadero-bay,safety_margin_metres,0.05,s2/s2_sf_2_20260902123517_00002.pcap,cd4811a1246fefd1e3acc51b3d01e771c7121c0b8ee08122b35e1ec049e0e9da,0,120.0,1200,11,1.1s (at 10 Hz),True,0.9625138888888889,8.575747493257292e-05,1,728.5462836034112,10.6,/Users/david/code/velocity.report/data/experiments/try/l3-settling-sweep/raw/embarcadero-bay__safety_margin_metres__0.05.json,
2026-09-17T23:38:18-0700,11c6577e3ce2b3c18bdd345dd31f84f1a5b651bd,embarcadero-bay,safety_margin_metres,0.1,s2/s2_sf_2_20260902123517_00002.pcap,cd4811a1246fefd1e3acc51b3d01e771c7121c0b8ee08122b35e1ec049e0e9da,0,120.0,1200,11,1.1s (at 10 Hz),True,0.9620555555555556,8.639739400276616e-05,1,732.1771380724144,10.97,/Users/david/code/velocity.report/data/experiments/try/l3-settling-sweep/raw/embarcadero-bay__safety_margin_metres__0.1.json,
2026-09-17T23:38:29-0700,11c6577e3ce2b3c18bdd345dd31f84f1a5b651bd,embarcadero-bay,safety_margin_metres,0.22,s2/s2_sf_2_20260902123517_00002.pcap,cd4811a1246fefd1e3acc51b3d01e771c7121c0b8ee08122b35e1ec049e0e9da,0,120.0,1200,11,1.1s (at 10 Hz),True,0.9625,9.287979212446101e-05,1,743.5704906204907,11.18,/Users/david/code/velocity.report/data/experiments/try/l3-settling-sweep/raw/embarcadero-bay__safety_margin_metres__0.22.json,
2026-09-17T23:38:40-0700,11c6577e3ce2b3c18bdd345dd31f84f1a5b651bd,embarcadero-bay,safety_margin_metres,0.3,s2/s2_sf_2_20260902123517_00002.pcap,cd4811a1246fefd1e3acc51b3d01e771c7121c0b8ee08122b35e1ec049e0e9da,0,120.0,1200,11,1.1s (at 10 Hz),True,0.9625416666666666,9.25771708023258e-05,1,740.2253293508218,10.87,/Users/david/code/velocity.report/data/experiments/try/l3-settling-sweep/raw/embarcadero-bay__safety_margin_metres__0.3.json,
2026-09-17T23:38:50-0700,11c6577e3ce2b3c18bdd345dd31f84f1a5b651bd,embarcadero-bay,noise_relative,0.005,s2/s2_sf_2_20260902123517_00002.pcap,cd4811a1246fefd1e3acc51b3d01e771c7121c0b8ee08122b35e1ec049e0e9da,0,120.0,1200,11,1.1s (at 10 Hz),True,0.9578472222222222,5.460345670218949e-05,1,694.4192126440948,10.68,/Users/david/code/velocity.report/data/experiments/try/l3-settling-sweep/raw/embarcadero-bay__noise_relative__0.005.json,
2026-09-17T23:39:01-0700,11c6577e3ce2b3c18bdd345dd31f84f1a5b651bd,embarcadero-bay,noise_relative,0.01,s2/s2_sf_2_20260902123517_00002.pcap,cd4811a1246fefd1e3acc51b3d01e771c7121c0b8ee08122b35e1ec049e0e9da,0,120.0,1200,11,1.1s (at 10 Hz),True,0.95975,6.352706629580645e-05,1,706.0158606118491,10.7,/Users/david/code/velocity.report/data/experiments/try/l3-settling-sweep/raw/embarcadero-bay__noise_relative__0.01.json,
2026-09-17T23:39:12-0700,11c6577e3ce2b3c18bdd345dd31f84f1a5b651bd,embarcadero-bay,noise_relative,0.035,s2/s2_sf_2_20260902123517_00002.pcap,cd4811a1246fefd1e3acc51b3d01e771c7121c0b8ee08122b35e1ec049e0e9da,0,120.0,1200,12,1.2s (at 10 Hz),True,0.9643472222222222,0.00017523626502540624,1,769.7122261748736,10.61,/Users/david/code/velocity.report/data/experiments/try/l3-settling-sweep/raw/embarcadero-bay__noise_relative__0.035.json,
2026-09-17T23:39:23-0700,11c6577e3ce2b3c18bdd345dd31f84f1a5b651bd,embarcadero-bay,noise_relative,0.05,s2/s2_sf_2_20260902123517_00002.pcap,cd4811a1246fefd1e3acc51b3d01e771c7121c0b8ee08122b35e1ec049e0e9da,0,120.0,1200,40,4.0s (at 10 Hz),True,0.9651527777777777,0.0003445924790118822,1,798.7875983940366,10.85,/Users/david/code/velocity.report/data/experiments/try/l3-settling-sweep/raw/embarcadero-bay__noise_relative__0.05.json,
2026-09-17T23:39:36-0700,11c6577e3ce2b3c18bdd345dd31f84f1a5b651bd,embarcadero-bay,neighbour_confirmation_count,1,s2/s2_sf_2_20260902123517_00002.pcap,cd4811a1246fefd1e3acc51b3d01e771c7121c0b8ee08122b35e1ec049e0e9da,0,120.0,1200,-1,unknown,False,0.9661111111111111,0.0012964553148613583,1,799.1461615871191,13.39,/Users/david/code/velocity.report/data/experiments/try/l3-settling-sweep/raw/embarcadero-bay__neighbour_confirmation_count__1.json,
2026-09-17T23:39:49-0700,11c6577e3ce2b3c18bdd345dd31f84f1a5b651bd,embarcadero-bay,neighbour_confirmation_count,2,s2/s2_sf_2_20260902123517_00002.pcap,cd4811a1246fefd1e3acc51b3d01e771c7121c0b8ee08122b35e1ec049e0e9da,0,120.0,1200,16,1.6s (at 10 Hz),True,0.9627222222222223,0.0002337793326616404,1,750.4930607651913,13.05,/Users/david/code/velocity.report/data/experiments/try/l3-settling-sweep/raw/embarcadero-bay__neighbour_confirmation_count__2.json,
2026-09-17T23:40:01-0700,11c6577e3ce2b3c18bdd345dd31f84f1a5b651bd,embarcadero-bay,neighbour_confirmation_count,4,s2/s2_sf_2_20260902123517_00002.pcap,cd4811a1246fefd1e3acc51b3d01e771c7121c0b8ee08122b35e1ec049e0e9da,0,120.0,1200,11,1.1s (at 10 Hz),True,0.9625833333333333,9.087071221040056e-05,1,742.0135630392751,11.51,/Users/david/code/velocity.report/data/experiments/try/l3-settling-sweep/raw/embarcadero-bay__neighbour_confirmation_count__4.json,
2026-09-17T23:40:12-0700,11c6577e3ce2b3c18bdd345dd31f84f1a5b651bd,embarcadero-bay,neighbour_confirmation_count,5,s2/s2_sf_2_20260902123517_00002.pcap,cd4811a1246fefd1e3acc51b3d01e771c7121c0b8ee08122b35e1ec049e0e9da,0,120.0,1200,11,1.1s (at 10 Hz),True,0.9623055555555555,9.092223371506746e-05,1,740.062725514534,11.38,/Users/david/code/velocity.report/data/experiments/try/l3-settling-sweep/raw/embarcadero-bay__neighbour_confirmation_count__5.json,
2026-09-17T23:40:26-0700,11c6577e3ce2b3c18bdd345dd31f84f1a5b651bd,embarcadero-broadway,_baseline,default,s2/s2_sf_4_20260902152249_00001.pcap,57a73964321e905a94d290aaf8c97a3b1e6975f64ab12f4622049a13b1347d4a,0,120.0,1200,12,1.2s (at 10 Hz),True,0.9384722222222223,0.00021307478326751698,1,593.0254254846825,13.53,/Users/david/code/velocity.report/data/experiments/try/l3-settling-sweep/raw/embarcadero-broadway___baseline__default.json,
2026-09-17T23:40:36-0700,11c6577e3ce2b3c18bdd345dd31f84f1a5b651bd,embarcadero-broadway,closeness_multiplier,1.5,s2/s2_sf_4_20260902152249_00001.pcap,57a73964321e905a94d290aaf8c97a3b1e6975f64ab12f4622049a13b1347d4a,0,120.0,1200,12,1.2s (at 10 Hz),True,0.9326944444444445,4.673439401785239e-05,1,541.1593352592548,10.7,/Users/david/code/velocity.report/data/experiments/try/l3-settling-sweep/raw/embarcadero-broadway__closeness_multiplier__1.5.json,
2026-09-17T23:40:48-0700,11c6577e3ce2b3c18bdd345dd31f84f1a5b651bd,embarcadero-broadway,closeness_multiplier,2.25,s2/s2_sf_4_20260902152249_00001.pcap,57a73964321e905a94d290aaf8c97a3b1e6975f64ab12f4622049a13b1347d4a,0,120.0,1200,12,1.2s (at 10 Hz),True,0.9362638888888889,6.67528161725635e-05,1,562.8390470398007,11.94,/Users/david/code/velocity.report/data/experiments/try/l3-settling-sweep/raw/embarcadero-broadway__closeness_multiplier__2.25.json,
2026-09-17T23:41:00-0700,11c6577e3ce2b3c18bdd345dd31f84f1a5b651bd,embarcadero-broadway,closeness_multiplier,4.0,s2/s2_sf_4_20260902152249_00001.pcap,57a73964321e905a94d290aaf8c97a3b1e6975f64ab12f4622049a13b1347d4a,0,120.0,1200,12,1.2s (at 10 Hz),True,0.9425833333333333,0.0001775045803283494,1,587.4719299796658,11.29,/Users/david/code/velocity.report/data/experiments/try/l3-settling-sweep/raw/embarcadero-broadway__closeness_multiplier__4.0.json,
2026-09-17T23:41:11-0700,11c6577e3ce2b3c18bdd345dd31f84f1a5b651bd,embarcadero-broadway,closeness_multiplier,5.0,s2/s2_sf_4_20260902152249_00001.pcap,57a73964321e905a94d290aaf8c97a3b1e6975f64ab12f4622049a13b1347d4a,0,120.0,1200,23,2.3s (at 10 Hz),True,0.9444861111111111,0.0003252481347528398,1,608.3424995956061,11.35,/Users/david/code/velocity.report/data/experiments/try/l3-settling-sweep/raw/embarcadero-broadway__closeness_multiplier__5.0.json,
2026-09-17T23:41:21-0700,11c6577e3ce2b3c18bdd345dd31f84f1a5b651bd,embarcadero-broadway,safety_margin_metres,0.05,s2/s2_sf_4_20260902152249_00001.pcap,57a73964321e905a94d290aaf8c97a3b1e6975f64ab12f4622049a13b1347d4a,0,120.0,1200,12,1.2s (at 10 Hz),True,0.9405138888888889,9.358555095453798e-05,1,557.0444496950544,10.26,/Users/david/code/velocity.report/data/experiments/try/l3-settling-sweep/raw/embarcadero-broadway__safety_margin_metres__0.05.json,
2026-09-17T23:41:32-0700,11c6577e3ce2b3c18bdd345dd31f84f1a5b651bd,embarcadero-broadway,safety_margin_metres,0.1,s2/s2_sf_4_20260902152249_00001.pcap,57a73964321e905a94d290aaf8c97a3b1e6975f64ab12f4622049a13b1347d4a,0,120.0,1200,12,1.2s (at 10 Hz),True,0.9420277777777778,0.00010820827545140823,1,560.3290478577536,10.32,/Users/david/code/velocity.report/data/experiments/try/l3-settling-sweep/raw/embarcadero-broadway__safety_margin_metres__0.1.json,
2026-09-17T23:41:42-0700,11c6577e3ce2b3c18bdd345dd31f84f1a5b651bd,embarcadero-broadway,safety_margin_metres,0.22,s2/s2_sf_4_20260902152249_00001.pcap,57a73964321e905a94d290aaf8c97a3b1e6975f64ab12f4622049a13b1347d4a,0,120.0,1200,12,1.2s (at 10 Hz),True,0.9410277777777778,0.0001244136206364024,1,567.3875343153172,10.42,/Users/david/code/velocity.report/data/experiments/try/l3-settling-sweep/raw/embarcadero-broadway__safety_margin_metres__0.22.json,
2026-09-17T23:41:52-0700,11c6577e3ce2b3c18bdd345dd31f84f1a5b651bd,embarcadero-broadway,safety_margin_metres,0.3,s2/s2_sf_4_20260902152249_00001.pcap,57a73964321e905a94d290aaf8c97a3b1e6975f64ab12f4622049a13b1347d4a,0,120.0,1200,12,1.2s (at 10 Hz),True,0.9458611111111112,9.386644102640248e-05,1,566.4432615782209,10.34,/Users/david/code/velocity.report/data/experiments/try/l3-settling-sweep/raw/embarcadero-broadway__safety_margin_metres__0.3.json,
2026-09-17T23:42:03-0700,11c6577e3ce2b3c18bdd345dd31f84f1a5b651bd,embarcadero-broadway,noise_relative,0.005,s2/s2_sf_4_20260902152249_00001.pcap,57a73964321e905a94d290aaf8c97a3b1e6975f64ab12f4622049a13b1347d4a,0,120.0,1200,12,1.2s (at 10 Hz),True,0.9315833333333333,5.2720011009033654e-05,1,529.992247368578,10.49,/Users/david/code/velocity.report/data/experiments/try/l3-settling-sweep/raw/embarcadero-broadway__noise_relative__0.005.json,
2026-09-17T23:42:14-0700,11c6577e3ce2b3c18bdd345dd31f84f1a5b651bd,embarcadero-broadway,noise_relative,0.01,s2/s2_sf_4_20260902152249_00001.pcap,57a73964321e905a94d290aaf8c97a3b1e6975f64ab12f4622049a13b1347d4a,0,120.0,1200,12,1.2s (at 10 Hz),True,0.9330416666666667,6.696388092937907e-05,1,547.0159275964215,10.93,/Users/david/code/velocity.report/data/experiments/try/l3-settling-sweep/raw/embarcadero-broadway__noise_relative__0.01.json,
2026-09-17T23:42:31-0700,11c6577e3ce2b3c18bdd345dd31f84f1a5b651bd,embarcadero-broadway,noise_relative,0.035,s2/s2_sf_4_20260902152249_00001.pcap,57a73964321e905a94d290aaf8c97a3b1e6975f64ab12f4622049a13b1347d4a,0,120.0,1200,16,1.6s (at 10 Hz),True,0.9468194444444444,0.00037893463355114155,1,640.3696293145179,17.15,/Users/david/code/velocity.report/data/experiments/try/l3-settling-sweep/raw/embarcadero-broadway__noise_relative__0.035.json,
2026-09-17T23:42:45-0700,11c6577e3ce2b3c18bdd345dd31f84f1a5b651bd,embarcadero-broadway,noise_relative,0.05,s2/s2_sf_4_20260902152249_00001.pcap,57a73964321e905a94d290aaf8c97a3b1e6975f64ab12f4622049a13b1347d4a,0,120.0,1200,47,4.7s (at 10 Hz),True,0.9504861111111111,0.00031999777948745525,1,615.8441733031343,13.58,/Users/david/code/velocity.report/data/experiments/try/l3-settling-sweep/raw/embarcadero-broadway__noise_relative__0.05.json,
2026-09-17T23:42:56-0700,11c6577e3ce2b3c18bdd345dd31f84f1a5b651bd,embarcadero-broadway,neighbour_confirmation_count,1,s2/s2_sf_4_20260902152249_00001.pcap,57a73964321e905a94d290aaf8c97a3b1e6975f64ab12f4622049a13b1347d4a,0,120.0,1200,-1,unknown,False,0.9455694444444445,0.0015073123044661144,1,601.7692307692307,11.17,/Users/david/code/velocity.report/data/experiments/try/l3-settling-sweep/raw/embarcadero-broadway__neighbour_confirmation_count__1.json,
2026-09-17T23:43:07-0700,11c6577e3ce2b3c18bdd345dd31f84f1a5b651bd,embarcadero-broadway,neighbour_confirmation_count,2,s2/s2_sf_4_20260902152249_00001.pcap,57a73964321e905a94d290aaf8c97a3b1e6975f64ab12f4622049a13b1347d4a,0,120.0,1200,25,2.5s (at 10 Hz),True,0.9404444444444444,0.0002655393609228838,1,577.8254666824197,11.42,/Users/david/code/velocity.report/data/experiments/try/l3-settling-sweep/raw/embarcadero-broadway__neighbour_confirmation_count__2.json,
2026-09-17T23:43:17-0700,11c6577e3ce2b3c18bdd345dd31f84f1a5b651bd,embarcadero-broadway,neighbour_confirmation_count,4,s2/s2_sf_4_20260902152249_00001.pcap,57a73964321e905a94d290aaf8c97a3b1e6975f64ab12f4622049a13b1347d4a,0,120.0,1200,12,1.2s (at 10 Hz),True,0.9443611111111111,8.787723737636515e-05,1,559.8397946877666,10.19,/Users/david/code/velocity.report/data/experiments/try/l3-settling-sweep/raw/embarcadero-broadway__neighbour_confirmation_count__4.json,
2026-09-17T23:43:28-0700,11c6577e3ce2b3c18bdd345dd31f84f1a5b651bd,embarcadero-broadway,neighbour_confirmation_count,5,s2/s2_sf_4_20260902152249_00001.pcap,57a73964321e905a94d290aaf8c97a3b1e6975f64ab12f4622049a13b1347d4a,0,120.0,1200,12,1.2s (at 10 Hz),True,0.9409166666666666,9.566594964207818e-05,1,563.547323827237,10.22,/Users/david/code/velocity.report/data/experiments/try/l3-settling-sweep/raw/embarcadero-broadway__neighbour_confirmation_count__5.json,
2026-09-17T23:43:38-0700,11c6577e3ce2b3c18bdd345dd31f84f1a5b651bd,embarcadero-bryant,_baseline,default,s2/s2_sf_8_20260903144037_00011.pcap,3c55a2292c59ee964927f38689e29ac46cbfd2790880f317e295db5f47c29c33,0,120.0,1201,11,1.1s (at 10 Hz),True,0.9189444444444445,0.00011858201941103694,1,554.9381839066561,10.46,/Users/david/code/velocity.report/data/experiments/try/l3-settling-sweep/raw/embarcadero-bryant___baseline__default.json,
2026-09-17T23:43:49-0700,11c6577e3ce2b3c18bdd345dd31f84f1a5b651bd,embarcadero-bryant,closeness_multiplier,1.5,s2/s2_sf_8_20260903144037_00011.pcap,3c55a2292c59ee964927f38689e29ac46cbfd2790880f317e295db5f47c29c33,0,120.0,1201,12,1.2s (at 10 Hz),True,0.9154444444444444,5.2792249956012355e-05,1,520.9466713193349,10.41,/Users/david/code/velocity.report/data/experiments/try/l3-settling-sweep/raw/embarcadero-bryant__closeness_multiplier__1.5.json,
2026-09-17T23:43:59-0700,11c6577e3ce2b3c18bdd345dd31f84f1a5b651bd,embarcadero-bryant,closeness_multiplier,2.25,s2/s2_sf_8_20260903144037_00011.pcap,3c55a2292c59ee964927f38689e29ac46cbfd2790880f317e295db5f47c29c33,0,120.0,1201,11,1.1s (at 10 Hz),True,0.9188194444444444,8.382339175295289e-05,1,535.8699266873252,10.96,/Users/david/code/velocity.report/data/experiments/try/l3-settling-sweep/raw/embarcadero-bryant__closeness_multiplier__2.25.json,
2026-09-17T23:44:19-0700,11c6577e3ce2b3c18bdd345dd31f84f1a5b651bd,embarcadero-bryant,closeness_multiplier,4.0,s2/s2_sf_8_20260903144037_00011.pcap,3c55a2292c59ee964927f38689e29ac46cbfd2790880f317e295db5f47c29c33,0,120.0,1201,11,1.1s (at 10 Hz),True,0.9225277777777777,0.0001951511952350398,1,656.248411670832,19.28,/Users/david/code/velocity.report/data/experiments/try/l3-settling-sweep/raw/embarcadero-bryant__closeness_multiplier__4.0.json,
2026-09-17T23:44:31-0700,11c6577e3ce2b3c18bdd345dd31f84f1a5b651bd,embarcadero-bryant,closeness_multiplier,5.0,s2/s2_sf_8_20260903144037_00011.pcap,3c55a2292c59ee964927f38689e29ac46cbfd2790880f317e295db5f47c29c33,0,120.0,1201,11,1.1s (at 10 Hz),True,0.9221805555555556,0.00023405141085100696,1,609.6206455110923,12.41,/Users/david/code/velocity.report/data/experiments/try/l3-settling-sweep/raw/embarcadero-bryant__closeness_multiplier__5.0.json,
2026-09-17T23:44:44-0700,11c6577e3ce2b3c18bdd345dd31f84f1a5b651bd,embarcadero-bryant,safety_margin_metres,0.05,s2/s2_sf_8_20260903144037_00011.pcap,3c55a2292c59ee964927f38689e29ac46cbfd2790880f317e295db5f47c29c33,0,120.0,1201,11,1.1s (at 10 Hz),True,0.9201805555555556,0.00011679116255666664,1,580.2561695319457,12.81,/Users/david/code/velocity.report/data/experiments/try/l3-settling-sweep/raw/embarcadero-bryant__safety_margin_metres__0.05.json,
2026-09-17T23:44:56-0700,11c6577e3ce2b3c18bdd345dd31f84f1a5b651bd,embarcadero-bryant,safety_margin_metres,0.1,s2/s2_sf_8_20260903144037_00011.pcap,3c55a2292c59ee964927f38689e29ac46cbfd2790880f317e295db5f47c29c33,0,120.0,1201,11,1.1s (at 10 Hz),True,0.9203333333333333,0.00011620842986764346,1,565.3823342991669,12.13,/Users/david/code/velocity.report/data/experiments/try/l3-settling-sweep/raw/embarcadero-bryant__safety_margin_metres__0.1.json,
2026-09-17T23:45:07-0700,11c6577e3ce2b3c18bdd345dd31f84f1a5b651bd,embarcadero-bryant,safety_margin_metres,0.22,s2/s2_sf_8_20260903144037_00011.pcap,3c55a2292c59ee964927f38689e29ac46cbfd2790880f317e295db5f47c29c33,0,120.0,1201,11,1.1s (at 10 Hz),True,0.9203888888888889,0.00011926656082006096,1,556.764637532444,11.14,/Users/david/code/velocity.report/data/experiments/try/l3-settling-sweep/raw/embarcadero-bryant__safety_margin_metres__0.22.json,
2026-09-17T23:45:19-0700,11c6577e3ce2b3c18bdd345dd31f84f1a5b651bd,embarcadero-bryant,safety_margin_metres,0.3,s2/s2_sf_8_20260903144037_00011.pcap,3c55a2292c59ee964927f38689e29ac46cbfd2790880f317e295db5f47c29c33,0,120.0,1201,11,1.1s (at 10 Hz),True,0.9207916666666667,0.00012045431908686213,1,563.5814441075765,11.25,/Users/david/code/velocity.report/data/experiments/try/l3-settling-sweep/raw/embarcadero-bryant__safety_margin_metres__0.3.json,
2026-09-17T23:45:30-0700,11c6577e3ce2b3c18bdd345dd31f84f1a5b651bd,embarcadero-bryant,noise_relative,0.005,s2/s2_sf_8_20260903144037_00011.pcap,3c55a2292c59ee964927f38689e29ac46cbfd2790880f317e295db5f47c29c33,0,120.0,1201,12,1.2s (at 10 Hz),True,0.913625,3.8959123790319484e-05,1,516.0221340508657,11.76,/Users/david/code/velocity.report/data/experiments/try/l3-settling-sweep/raw/embarcadero-bryant__noise_relative__0.005.json,
2026-09-17T23:45:42-0700,11c6577e3ce2b3c18bdd345dd31f84f1a5b651bd,embarcadero-bryant,noise_relative,0.01,s2/s2_sf_8_20260903144037_00011.pcap,3c55a2292c59ee964927f38689e29ac46cbfd2790880f317e295db5f47c29c33,0,120.0,1201,12,1.2s (at 10 Hz),True,0.9157916666666667,6.245810153907983e-05,1,527.6270985941126,11.54,/Users/david/code/velocity.report/data/experiments/try/l3-settling-sweep/raw/embarcadero-bryant__noise_relative__0.01.json,
2026-09-17T23:45:53-0700,11c6577e3ce2b3c18bdd345dd31f84f1a5b651bd,embarcadero-bryant,noise_relative,0.035,s2/s2_sf_8_20260903144037_00011.pcap,3c55a2292c59ee964927f38689e29ac46cbfd2790880f317e295db5f47c29c33,0,120.0,1201,11,1.1s (at 10 Hz),True,0.9224444444444444,0.00018266834885864562,1,583.1281769453144,11.08,/Users/david/code/velocity.report/data/experiments/try/l3-settling-sweep/raw/embarcadero-bryant__noise_relative__0.035.json,
2026-09-17T23:46:04-0700,11c6577e3ce2b3c18bdd345dd31f84f1a5b651bd,embarcadero-bryant,noise_relative,0.05,s2/s2_sf_8_20260903144037_00011.pcap,3c55a2292c59ee964927f38689e29ac46cbfd2790880f317e295db5f47c29c33,0,120.0,1201,18,1.8s (at 10 Hz),True,0.9233055555555556,0.0002447672734385766,1,605.1982159511417,11.08,/Users/david/code/velocity.report/data/experiments/try/l3-settling-sweep/raw/embarcadero-bryant__noise_relative__0.05.json,
2026-09-17T23:46:16-0700,11c6577e3ce2b3c18bdd345dd31f84f1a5b651bd,embarcadero-bryant,neighbour_confirmation_count,1,s2/s2_sf_8_20260903144037_00011.pcap,3c55a2292c59ee964927f38689e29ac46cbfd2790880f317e295db5f47c29c33,0,120.0,1201,-1,unknown,False,0.9260277777777778,0.001453227717410263,1,621.0346761856196,11.97,/Users/david/code/velocity.report/data/experiments/try/l3-settling-sweep/raw/embarcadero-bryant__neighbour_confirmation_count__1.json,
2026-09-17T23:46:29-0700,11c6577e3ce2b3c18bdd345dd31f84f1a5b651bd,embarcadero-bryant,neighbour_confirmation_count,2,s2/s2_sf_8_20260903144037_00011.pcap,3c55a2292c59ee964927f38689e29ac46cbfd2790880f317e295db5f47c29c33,0,120.0,1201,29,2.9s (at 10 Hz),True,0.9208472222222223,0.00018526375705389724,1,597.1018989155518,12.75,/Users/david/code/velocity.report/data/experiments/try/l3-settling-sweep/raw/embarcadero-bryant__neighbour_confirmation_count__2.json,
2026-09-17T23:46:40-0700,11c6577e3ce2b3c18bdd345dd31f84f1a5b651bd,embarcadero-bryant,neighbour_confirmation_count,4,s2/s2_sf_8_20260903144037_00011.pcap,3c55a2292c59ee964927f38689e29ac46cbfd2790880f317e295db5f47c29c33,0,120.0,1201,11,1.1s (at 10 Hz),True,0.9198611111111111,0.0001207081160322338,1,560.1535557904273,11.44,/Users/david/code/velocity.report/data/experiments/try/l3-settling-sweep/raw/embarcadero-bryant__neighbour_confirmation_count__4.json,
2026-09-17T23:46:52-0700,11c6577e3ce2b3c18bdd345dd31f84f1a5b651bd,embarcadero-bryant,neighbour_confirmation_count,5,s2/s2_sf_8_20260903144037_00011.pcap,3c55a2292c59ee964927f38689e29ac46cbfd2790880f317e295db5f47c29c33,0,120.0,1201,11,1.1s (at 10 Hz),True,0.9203194444444445,0.00011445999671352359,1,554.2450839835202,11.27,/Users/david/code/velocity.report/data/experiments/try/l3-settling-sweep/raw/embarcadero-bryant__neighbour_confirmation_count__5.json,
2026-09-17T23:47:04-0700,11c6577e3ce2b3c18bdd345dd31f84f1a5b651bd,embarcadero-folsom,_baseline,default,s2/s2_sf_7_20260903131748_00001.pcap,05cf29bb0d972d1edfc8acb701946f43b927881dc667aa630b2624f325ff6818,0,120.0,1201,11,1.1s (at 10 Hz),True,0.9442361111111112,3.125959937582299e-05,1,650.6999926454365,12.02,/Users/david/code/velocity.report/data/experiments/try/l3-settling-sweep/raw/embarcadero-folsom___baseline__default.json,
2026-09-17T23:47:15-0700,11c6577e3ce2b3c18bdd345dd31f84f1a5b651bd,embarcadero-folsom,closeness_multiplier,1.5,s2/s2_sf_7_20260903131748_00001.pcap,05cf29bb0d972d1edfc8acb701946f43b927881dc667aa630b2624f325ff6818,0,120.0,1201,11,1.1s (at 10 Hz),True,0.9425833333333333,2.2783960873681073e-05,1,627.7491232723307,11.51,/Users/david/code/velocity.report/data/experiments/try/l3-settling-sweep/raw/embarcadero-folsom__closeness_multiplier__1.5.json,
2026-09-17T23:47:27-0700,11c6577e3ce2b3c18bdd345dd31f84f1a5b651bd,embarcadero-folsom,closeness_multiplier,2.25,s2/s2_sf_7_20260903131748_00001.pcap,05cf29bb0d972d1edfc8acb701946f43b927881dc667aa630b2624f325ff6818,0,120.0,1201,11,1.1s (at 10 Hz),True,0.9434027777777778,2.774646970175034e-05,1,639.865984541774,11.78,/Users/david/code/velocity.report/data/experiments/try/l3-settling-sweep/raw/embarcadero-folsom__closeness_multiplier__2.25.json,
2026-09-17T23:47:39-0700,11c6577e3ce2b3c18bdd345dd31f84f1a5b651bd,embarcadero-folsom,closeness_multiplier,4.0,s2/s2_sf_7_20260903131748_00001.pcap,05cf29bb0d972d1edfc8acb701946f43b927881dc667aa630b2624f325ff6818,0,120.0,1201,11,1.1s (at 10 Hz),True,0.94575,3.686600513714697e-05,1,658.898346403501,11.86,/Users/david/code/velocity.report/data/experiments/try/l3-settling-sweep/raw/embarcadero-folsom__closeness_multiplier__4.0.json,
2026-09-17T23:47:50-0700,11c6577e3ce2b3c18bdd345dd31f84f1a5b651bd,embarcadero-folsom,closeness_multiplier,5.0,s2/s2_sf_7_20260903131748_00001.pcap,05cf29bb0d972d1edfc8acb701946f43b927881dc667aa630b2624f325ff6818,0,120.0,1201,11,1.1s (at 10 Hz),True,0.9467777777777778,3.861758228809034e-05,1,683.4903180377889,11.56,/Users/david/code/velocity.report/data/experiments/try/l3-settling-sweep/raw/embarcadero-folsom__closeness_multiplier__5.0.json,
2026-09-17T23:48:02-0700,11c6577e3ce2b3c18bdd345dd31f84f1a5b651bd,embarcadero-folsom,safety_margin_metres,0.05,s2/s2_sf_7_20260903131748_00001.pcap,05cf29bb0d972d1edfc8acb701946f43b927881dc667aa630b2624f325ff6818,0,120.0,1201,11,1.1s (at 10 Hz),True,0.94425,3.009981407304168e-05,1,655.1192745565263,11.72,/Users/david/code/velocity.report/data/experiments/try/l3-settling-sweep/raw/embarcadero-folsom__safety_margin_metres__0.05.json,
2026-09-17T23:48:14-0700,11c6577e3ce2b3c18bdd345dd31f84f1a5b651bd,embarcadero-folsom,safety_margin_metres,0.1,s2/s2_sf_7_20260903131748_00001.pcap,05cf29bb0d972d1edfc8acb701946f43b927881dc667aa630b2624f325ff6818,0,120.0,1201,11,1.1s (at 10 Hz),True,0.9439861111111111,3.080468906404357e-05,1,651.67022231377,11.48,/Users/david/code/velocity.report/data/experiments/try/l3-settling-sweep/raw/embarcadero-folsom__safety_margin_metres__0.1.json,
2026-09-17T23:48:25-0700,11c6577e3ce2b3c18bdd345dd31f84f1a5b651bd,embarcadero-folsom,safety_margin_metres,0.22,s2/s2_sf_7_20260903131748_00001.pcap,05cf29bb0d972d1edfc8acb701946f43b927881dc667aa630b2624f325ff6818,0,120.0,1201,11,1.1s (at 10 Hz),True,0.9447222222222222,3.185321768100618e-05,1,644.027374301676,11.43,/Users/david/code/velocity.report/data/experiments/try/l3-settling-sweep/raw/embarcadero-folsom__safety_margin_metres__0.22.json,
2026-09-17T23:48:37-0700,11c6577e3ce2b3c18bdd345dd31f84f1a5b651bd,embarcadero-folsom,safety_margin_metres,0.3,s2/s2_sf_7_20260903131748_00001.pcap,05cf29bb0d972d1edfc8acb701946f43b927881dc667aa630b2624f325ff6818,0,120.0,1201,11,1.1s (at 10 Hz),True,0.9447777777777778,3.3262972764052667e-05,1,646.4493561096084,11.44,/Users/david/code/velocity.report/data/experiments/try/l3-settling-sweep/raw/embarcadero-folsom__safety_margin_metres__0.3.json,
2026-09-17T23:48:48-0700,11c6577e3ce2b3c18bdd345dd31f84f1a5b651bd,embarcadero-folsom,noise_relative,0.005,s2/s2_sf_7_20260903131748_00001.pcap,05cf29bb0d972d1edfc8acb701946f43b927881dc667aa630b2624f325ff6818,0,120.0,1201,11,1.1s (at 10 Hz),True,0.9405972222222222,2.1474179321175257e-05,1,612.9337005153345,10.99,/Users/david/code/velocity.report/data/experiments/try/l3-settling-sweep/raw/embarcadero-folsom__noise_relative__0.005.json,
2026-09-17T23:48:59-0700,11c6577e3ce2b3c18bdd345dd31f84f1a5b651bd,embarcadero-folsom,noise_relative,0.01,s2/s2_sf_7_20260903131748_00001.pcap,05cf29bb0d972d1edfc8acb701946f43b927881dc667aa630b2624f325ff6818,0,120.0,1201,11,1.1s (at 10 Hz),True,0.9433194444444445,2.3973543434495092e-05,1,631.4807491276373,10.93,/Users/david/code/velocity.report/data/experiments/try/l3-settling-sweep/raw/embarcadero-folsom__noise_relative__0.01.json,
2026-09-17T23:49:09-0700,11c6577e3ce2b3c18bdd345dd31f84f1a5b651bd,embarcadero-folsom,noise_relative,0.035,s2/s2_sf_7_20260903131748_00001.pcap,05cf29bb0d972d1edfc8acb701946f43b927881dc667aa630b2624f325ff6818,0,120.0,1201,11,1.1s (at 10 Hz),True,0.9465833333333333,3.8696400460781625e-05,1,664.9926196554861,10.78,/Users/david/code/velocity.report/data/experiments/try/l3-settling-sweep/raw/embarcadero-folsom__noise_relative__0.035.json,
2026-09-17T23:49:20-0700,11c6577e3ce2b3c18bdd345dd31f84f1a5b651bd,embarcadero-folsom,noise_relative,0.05,s2/s2_sf_7_20260903131748_00001.pcap,05cf29bb0d972d1edfc8acb701946f43b927881dc667aa630b2624f325ff6818,0,120.0,1201,14,1.4s (at 10 Hz),True,0.9480972222222223,4.730753004678088e-05,1,679.5739126613246,10.63,/Users/david/code/velocity.report/data/experiments/try/l3-settling-sweep/raw/embarcadero-folsom__noise_relative__0.05.json,
2026-09-17T23:49:32-0700,11c6577e3ce2b3c18bdd345dd31f84f1a5b651bd,embarcadero-folsom,neighbour_confirmation_count,1,s2/s2_sf_7_20260903131748_00001.pcap,05cf29bb0d972d1edfc8acb701946f43b927881dc667aa630b2624f325ff6818,0,120.0,1201,1201,120.1s (at 10 Hz),True,0.9485694444444445,0.00013243396978079204,1,678.7507357570611,11.51,/Users/david/code/velocity.report/data/experiments/try/l3-settling-sweep/raw/embarcadero-folsom__neighbour_confirmation_count__1.json,
2026-09-17T23:49:43-0700,11c6577e3ce2b3c18bdd345dd31f84f1a5b651bd,embarcadero-folsom,neighbour_confirmation_count,2,s2/s2_sf_7_20260903131748_00001.pcap,05cf29bb0d972d1edfc8acb701946f43b927881dc667aa630b2624f325ff6818,0,120.0,1201,11,1.1s (at 10 Hz),True,0.9449722222222222,4.562462204497571e-05,1,640.7700549692819,11.54,/Users/david/code/velocity.report/data/experiments/try/l3-settling-sweep/raw/embarcadero-folsom__neighbour_confirmation_count__2.json,
2026-09-17T23:49:54-0700,11c6577e3ce2b3c18bdd345dd31f84f1a5b651bd,embarcadero-folsom,neighbour_confirmation_count,4,s2/s2_sf_7_20260903131748_00001.pcap,05cf29bb0d972d1edfc8acb701946f43b927881dc667aa630b2624f325ff6818,0,120.0,1201,11,1.1s (at 10 Hz),True,0.9447222222222222,3.115272482019712e-05,1,643.0765804175243,10.92,/Users/david/code/velocity.report/data/experiments/try/l3-settling-sweep/raw/embarcadero-folsom__neighbour_confirmation_count__4.json,
2026-09-17T23:50:05-0700,11c6577e3ce2b3c18bdd345dd31f84f1a5b651bd,embarcadero-folsom,neighbour_confirmation_count,5,s2/s2_sf_7_20260903131748_00001.pcap,05cf29bb0d972d1edfc8acb701946f43b927881dc667aa630b2624f325ff6818,0,120.0,1201,11,1.1s (at 10 Hz),True,0.9448055555555556,3.112309223285564e-05,1,634.2300443947902,10.65,/Users/david/code/velocity.report/data/experiments/try/l3-settling-sweep/raw/embarcadero-folsom__neighbour_confirmation_count__5.json,
2026-09-17T23:50:16-0700,11c6577e3ce2b3c18bdd345dd31f84f1a5b651bd,franklin-mcallister,_baseline,default,s2/s2_sf_6_20260903103552_00008.pcap,cc8709a8862b42d34e4838772f4ae92c9a7f8fa0f73f9d08689937eb38e0962d,0,120.0,1200,11,1.1s (at 10 Hz),True,0.9855,0.0001374760085502743,1,586.698559670782,11.42,/Users/david/code/velocity.report/data/experiments/try/l3-settling-sweep/raw/franklin-mcallister___baseline__default.json,
2026-09-17T23:50:27-0700,11c6577e3ce2b3c18bdd345dd31f84f1a5b651bd,franklin-mcallister,closeness_multiplier,1.5,s2/s2_sf_6_20260903103552_00008.pcap,cc8709a8862b42d34e4838772f4ae92c9a7f8fa0f73f9d08689937eb38e0962d,0,120.0,1200,11,1.1s (at 10 Hz),True,0.9825277777777778,8.100563961367007e-05,1,561.6583641966582,11.21,/Users/david/code/velocity.report/data/experiments/try/l3-settling-sweep/raw/franklin-mcallister__closeness_multiplier__1.5.json,
2026-09-17T23:50:39-0700,11c6577e3ce2b3c18bdd345dd31f84f1a5b651bd,franklin-mcallister,closeness_multiplier,2.25,s2/s2_sf_6_20260903103552_00008.pcap,cc8709a8862b42d34e4838772f4ae92c9a7f8fa0f73f9d08689937eb38e0962d,0,120.0,1200,11,1.1s (at 10 Hz),True,0.9836944444444444,0.00010125673454473357,1,576.7578290458306,11.29,/Users/david/code/velocity.report/data/experiments/try/l3-settling-sweep/raw/franklin-mcallister__closeness_multiplier__2.25.json,
2026-09-17T23:50:50-0700,11c6577e3ce2b3c18bdd345dd31f84f1a5b651bd,franklin-mcallister,closeness_multiplier,4.0,s2/s2_sf_6_20260903103552_00008.pcap,cc8709a8862b42d34e4838772f4ae92c9a7f8fa0f73f9d08689937eb38e0962d,0,120.0,1200,11,1.1s (at 10 Hz),True,0.9867638888888889,0.0002666507850968657,1,603.6977493771728,11.35,/Users/david/code/velocity.report/data/experiments/try/l3-settling-sweep/raw/franklin-mcallister__closeness_multiplier__4.0.json,
2026-09-17T23:51:02-0700,11c6577e3ce2b3c18bdd345dd31f84f1a5b651bd,franklin-mcallister,closeness_multiplier,5.0,s2/s2_sf_6_20260903103552_00008.pcap,cc8709a8862b42d34e4838772f4ae92c9a7f8fa0f73f9d08689937eb38e0962d,0,120.0,1200,11,1.1s (at 10 Hz),True,0.9876527777777778,0.00041887929314466055,1,621.4868726357385,11.92,/Users/david/code/velocity.report/data/experiments/try/l3-settling-sweep/raw/franklin-mcallister__closeness_multiplier__5.0.json,
2026-09-17T23:51:13-0700,11c6577e3ce2b3c18bdd345dd31f84f1a5b651bd,franklin-mcallister,safety_margin_metres,0.05,s2/s2_sf_6_20260903103552_00008.pcap,cc8709a8862b42d34e4838772f4ae92c9a7f8fa0f73f9d08689937eb38e0962d,0,120.0,1200,11,1.1s (at 10 Hz),True,0.9847361111111111,0.0001313227088247932,1,580.9964739566437,11.39,/Users/david/code/velocity.report/data/experiments/try/l3-settling-sweep/raw/franklin-mcallister__safety_margin_metres__0.05.json,
2026-09-17T23:51:25-0700,11c6577e3ce2b3c18bdd345dd31f84f1a5b651bd,franklin-mcallister,safety_margin_metres,0.1,s2/s2_sf_6_20260903103552_00008.pcap,cc8709a8862b42d34e4838772f4ae92c9a7f8fa0f73f9d08689937eb38e0962d,0,120.0,1200,11,1.1s (at 10 Hz),True,0.985375,0.0001357083931430362,1,582.81222602788,11.17,/Users/david/code/velocity.report/data/experiments/try/l3-settling-sweep/raw/franklin-mcallister__safety_margin_metres__0.1.json,
2026-09-17T23:51:36-0700,11c6577e3ce2b3c18bdd345dd31f84f1a5b651bd,franklin-mcallister,safety_margin_metres,0.22,s2/s2_sf_6_20260903103552_00008.pcap,cc8709a8862b42d34e4838772f4ae92c9a7f8fa0f73f9d08689937eb38e0962d,0,120.0,1200,11,1.1s (at 10 Hz),True,0.9855555555555555,0.00014430504642217498,1,591.7851465614431,11.18,/Users/david/code/velocity.report/data/experiments/try/l3-settling-sweep/raw/franklin-mcallister__safety_margin_metres__0.22.json,
2026-09-17T23:51:47-0700,11c6577e3ce2b3c18bdd345dd31f84f1a5b651bd,franklin-mcallister,safety_margin_metres,0.3,s2/s2_sf_6_20260903103552_00008.pcap,cc8709a8862b42d34e4838772f4ae92c9a7f8fa0f73f9d08689937eb38e0962d,0,120.0,1200,11,1.1s (at 10 Hz),True,0.9860138888888889,0.00015330185848183356,1,596.8136576845604,11.29,/Users/david/code/velocity.report/data/experiments/try/l3-settling-sweep/raw/franklin-mcallister__safety_margin_metres__0.3.json,
2026-09-17T23:51:59-0700,11c6577e3ce2b3c18bdd345dd31f84f1a5b651bd,franklin-mcallister,noise_relative,0.005,s2/s2_sf_6_20260903103552_00008.pcap,cc8709a8862b42d34e4838772f4ae92c9a7f8fa0f73f9d08689937eb38e0962d,0,120.0,1200,11,1.1s (at 10 Hz),True,0.9807361111111111,7.653833451194056e-05,1,552.0775211363347,11.35,/Users/david/code/velocity.report/data/experiments/try/l3-settling-sweep/raw/franklin-mcallister__noise_relative__0.005.json,
2026-09-17T23:52:10-0700,11c6577e3ce2b3c18bdd345dd31f84f1a5b651bd,franklin-mcallister,noise_relative,0.01,s2/s2_sf_6_20260903103552_00008.pcap,cc8709a8862b42d34e4838772f4ae92c9a7f8fa0f73f9d08689937eb38e0962d,0,120.0,1200,11,1.1s (at 10 Hz),True,0.9828472222222222,9.216039613064361e-05,1,564.1176287712852,11.32,/Users/david/code/velocity.report/data/experiments/try/l3-settling-sweep/raw/franklin-mcallister__noise_relative__0.01.json,
2026-09-17T23:52:21-0700,11c6577e3ce2b3c18bdd345dd31f84f1a5b651bd,franklin-mcallister,noise_relative,0.035,s2/s2_sf_6_20260903103552_00008.pcap,cc8709a8862b42d34e4838772f4ae92c9a7f8fa0f73f9d08689937eb38e0962d,0,120.0,1200,11,1.1s (at 10 Hz),True,0.9874861111111111,0.00024198878667477388,1,615.5739180579193,11.16,/Users/david/code/velocity.report/data/experiments/try/l3-settling-sweep/raw/franklin-mcallister__noise_relative__0.035.json,
2026-09-17T23:52:32-0700,11c6577e3ce2b3c18bdd345dd31f84f1a5b651bd,franklin-mcallister,noise_relative,0.05,s2/s2_sf_6_20260903103552_00008.pcap,cc8709a8862b42d34e4838772f4ae92c9a7f8fa0f73f9d08689937eb38e0962d,0,120.0,1200,11,1.1s (at 10 Hz),True,0.9890416666666667,0.00045943142071151196,1,645.444453806294,11.38,/Users/david/code/velocity.report/data/experiments/try/l3-settling-sweep/raw/franklin-mcallister__noise_relative__0.05.json,
2026-09-17T23:52:44-0700,11c6577e3ce2b3c18bdd345dd31f84f1a5b651bd,franklin-mcallister,neighbour_confirmation_count,1,s2/s2_sf_6_20260903103552_00008.pcap,cc8709a8862b42d34e4838772f4ae92c9a7f8fa0f73f9d08689937eb38e0962d,0,120.0,1200,-1,unknown,False,0.9899305555555555,0.0014555588917645372,1,626.1200420904945,11.46,/Users/david/code/velocity.report/data/experiments/try/l3-settling-sweep/raw/franklin-mcallister__neighbour_confirmation_count__1.json,
2026-09-17T23:52:55-0700,11c6577e3ce2b3c18bdd345dd31f84f1a5b651bd,franklin-mcallister,neighbour_confirmation_count,2,s2/s2_sf_6_20260903103552_00008.pcap,cc8709a8862b42d34e4838772f4ae92c9a7f8fa0f73f9d08689937eb38e0962d,0,120.0,1200,13,1.3s (at 10 Hz),True,0.986625,0.00024259052228785716,1,590.5978996860791,11.07,/Users/david/code/velocity.report/data/experiments/try/l3-settling-sweep/raw/franklin-mcallister__neighbour_confirmation_count__2.json,
2026-09-17T23:53:06-0700,11c6577e3ce2b3c18bdd345dd31f84f1a5b651bd,franklin-mcallister,neighbour_confirmation_count,4,s2/s2_sf_6_20260903103552_00008.pcap,cc8709a8862b42d34e4838772f4ae92c9a7f8fa0f73f9d08689937eb38e0962d,0,120.0,1200,11,1.1s (at 10 Hz),True,0.9851944444444445,0.00013671819345670725,1,587.3401189838441,11.28,/Users/david/code/velocity.report/data/experiments/try/l3-settling-sweep/raw/franklin-mcallister__neighbour_confirmation_count__4.json,
2026-09-17T23:53:18-0700,11c6577e3ce2b3c18bdd345dd31f84f1a5b651bd,franklin-mcallister,neighbour_confirmation_count,5,s2/s2_sf_6_20260903103552_00008.pcap,cc8709a8862b42d34e4838772f4ae92c9a7f8fa0f73f9d08689937eb38e0962d,0,120.0,1200,11,1.1s (at 10 Hz),True,0.9854861111111111,0.0001389209262547107,1,587.0180255091256,11.38,/Users/david/code/velocity.report/data/experiments/try/l3-settling-sweep/raw/franklin-mcallister__neighbour_confirmation_count__5.json,
2026-09-17T23:53:29-0700,11c6577e3ce2b3c18bdd345dd31f84f1a5b651bd,fulton-divisadero,_baseline,default,s2/s2-1_20260901135850_00015.pcap,9ae37cfd7a00343c35d86014131c68abae7950283154f43485dea798a372c870,0,120.0,1200,11,1.1s (at 10 Hz),True,0.9763611111111111,0.00011442529650079355,1,760.4533983897123,11.48,/Users/david/code/velocity.report/data/experiments/try/l3-settling-sweep/raw/fulton-divisadero___baseline__default.json,
2026-09-17T23:53:42-0700,11c6577e3ce2b3c18bdd345dd31f84f1a5b651bd,fulton-divisadero,closeness_multiplier,1.5,s2/s2-1_20260901135850_00015.pcap,9ae37cfd7a00343c35d86014131c68abae7950283154f43485dea798a372c870,0,120.0,1200,11,1.1s (at 10 Hz),True,0.9746666666666667,7.778120603988309e-05,1,757.0616165070679,12.8,/Users/david/code/velocity.report/data/experiments/try/l3-settling-sweep/raw/fulton-divisadero__closeness_multiplier__1.5.json,
2026-09-17T23:53:55-0700,11c6577e3ce2b3c18bdd345dd31f84f1a5b651bd,fulton-divisadero,closeness_multiplier,2.25,s2/s2-1_20260901135850_00015.pcap,9ae37cfd7a00343c35d86014131c68abae7950283154f43485dea798a372c870,0,120.0,1200,11,1.1s (at 10 Hz),True,0.9759166666666667,0.00010379721548668477,1,783.926450915094,12.81,/Users/david/code/velocity.report/data/experiments/try/l3-settling-sweep/raw/fulton-divisadero__closeness_multiplier__2.25.json,
2026-09-17T23:54:06-0700,11c6577e3ce2b3c18bdd345dd31f84f1a5b651bd,fulton-divisadero,closeness_multiplier,4.0,s2/s2-1_20260901135850_00015.pcap,9ae37cfd7a00343c35d86014131c68abae7950283154f43485dea798a372c870,0,120.0,1200,11,1.1s (at 10 Hz),True,0.9773611111111111,0.00016253342777609398,1,775.7469802472644,11.36,/Users/david/code/velocity.report/data/experiments/try/l3-settling-sweep/raw/fulton-divisadero__closeness_multiplier__4.0.json,
2026-09-17T23:54:18-0700,11c6577e3ce2b3c18bdd345dd31f84f1a5b651bd,fulton-divisadero,closeness_multiplier,5.0,s2/s2-1_20260901135850_00015.pcap,9ae37cfd7a00343c35d86014131c68abae7950283154f43485dea798a372c870,0,120.0,1200,11,1.1s (at 10 Hz),True,0.9789583333333334,0.0002277077759309063,1,801.5744910264596,11.21,/Users/david/code/velocity.report/data/experiments/try/l3-settling-sweep/raw/fulton-divisadero__closeness_multiplier__5.0.json,
2026-09-17T23:54:29-0700,11c6577e3ce2b3c18bdd345dd31f84f1a5b651bd,fulton-divisadero,safety_margin_metres,0.05,s2/s2-1_20260901135850_00015.pcap,9ae37cfd7a00343c35d86014131c68abae7950283154f43485dea798a372c870,0,120.0,1200,11,1.1s (at 10 Hz),True,0.97625,0.0001137843766377046,1,752.7941101152369,11.23,/Users/david/code/velocity.report/data/experiments/try/l3-settling-sweep/raw/fulton-divisadero__safety_margin_metres__0.05.json,
2026-09-17T23:54:40-0700,11c6577e3ce2b3c18bdd345dd31f84f1a5b651bd,fulton-divisadero,safety_margin_metres,0.1,s2/s2-1_20260901135850_00015.pcap,9ae37cfd7a00343c35d86014131c68abae7950283154f43485dea798a372c870,0,120.0,1200,11,1.1s (at 10 Hz),True,0.9764444444444444,0.00011337251016133021,1,756.9875967228038,11.25,/Users/david/code/velocity.report/data/experiments/try/l3-settling-sweep/raw/fulton-divisadero__safety_margin_metres__0.1.json,
2026-09-17T23:54:51-0700,11c6577e3ce2b3c18bdd345dd31f84f1a5b651bd,fulton-divisadero,safety_margin_metres,0.22,s2/s2-1_20260901135850_00015.pcap,9ae37cfd7a00343c35d86014131c68abae7950283154f43485dea798a372c870,0,120.0,1200,11,1.1s (at 10 Hz),True,0.9772361111111111,0.00012304007923885594,1,768.762197808445,11.37,/Users/david/code/velocity.report/data/experiments/try/l3-settling-sweep/raw/fulton-divisadero__safety_margin_metres__0.22.json,
2026-09-17T23:55:04-0700,11c6577e3ce2b3c18bdd345dd31f84f1a5b651bd,fulton-divisadero,safety_margin_metres,0.3,s2/s2-1_20260901135850_00015.pcap,9ae37cfd7a00343c35d86014131c68abae7950283154f43485dea798a372c870,0,120.0,1200,11,1.1s (at 10 Hz),True,0.977375,0.00013370923887288163,1,792.8162311179321,12.52,/Users/david/code/velocity.report/data/experiments/try/l3-settling-sweep/raw/fulton-divisadero__safety_margin_metres__0.3.json,
2026-09-17T23:55:15-0700,11c6577e3ce2b3c18bdd345dd31f84f1a5b651bd,fulton-divisadero,noise_relative,0.005,s2/s2-1_20260901135850_00015.pcap,9ae37cfd7a00343c35d86014131c68abae7950283154f43485dea798a372c870,0,120.0,1200,11,1.1s (at 10 Hz),True,0.9730138888888888,7.071583697171596e-05,1,731.4946258047019,11.22,/Users/david/code/velocity.report/data/experiments/try/l3-settling-sweep/raw/fulton-divisadero__noise_relative__0.005.json,
2026-09-17T23:55:26-0700,11c6577e3ce2b3c18bdd345dd31f84f1a5b651bd,fulton-divisadero,noise_relative,0.01,s2/s2-1_20260901135850_00015.pcap,9ae37cfd7a00343c35d86014131c68abae7950283154f43485dea798a372c870,0,120.0,1200,11,1.1s (at 10 Hz),True,0.974375,8.775499595100036e-05,1,742.3587769937994,11.17,/Users/david/code/velocity.report/data/experiments/try/l3-settling-sweep/raw/fulton-divisadero__noise_relative__0.01.json,
2026-09-17T23:55:38-0700,11c6577e3ce2b3c18bdd345dd31f84f1a5b651bd,fulton-divisadero,noise_relative,0.035,s2/s2-1_20260901135850_00015.pcap,9ae37cfd7a00343c35d86014131c68abae7950283154f43485dea798a372c870,0,120.0,1200,11,1.1s (at 10 Hz),True,0.9792777777777778,0.00019045968819721336,1,795.510367617859,11.18,/Users/david/code/velocity.report/data/experiments/try/l3-settling-sweep/raw/fulton-divisadero__noise_relative__0.035.json,
2026-09-17T23:55:49-0700,11c6577e3ce2b3c18bdd345dd31f84f1a5b651bd,fulton-divisadero,noise_relative,0.05,s2/s2-1_20260901135850_00015.pcap,9ae37cfd7a00343c35d86014131c68abae7950283154f43485dea798a372c870,0,120.0,1200,18,1.8s (at 10 Hz),True,0.9822638888888889,0.0003858017260995583,1,846.1378900781924,11.26,/Users/david/code/velocity.report/data/experiments/try/l3-settling-sweep/raw/fulton-divisadero__noise_relative__0.05.json,
2026-09-17T23:56:00-0700,11c6577e3ce2b3c18bdd345dd31f84f1a5b651bd,fulton-divisadero,neighbour_confirmation_count,1,s2/s2-1_20260901135850_00015.pcap,9ae37cfd7a00343c35d86014131c68abae7950283154f43485dea798a372c870,0,120.0,1200,54,5.4s (at 10 Hz),True,0.9807916666666666,0.000917940090391763,1,790.2802158120566,11.58,/Users/david/code/velocity.report/data/experiments/try/l3-settling-sweep/raw/fulton-divisadero__neighbour_confirmation_count__1.json,
2026-09-17T23:56:12-0700,11c6577e3ce2b3c18bdd345dd31f84f1a5b651bd,fulton-divisadero,neighbour_confirmation_count,2,s2/s2-1_20260901135850_00015.pcap,9ae37cfd7a00343c35d86014131c68abae7950283154f43485dea798a372c870,0,120.0,1200,11,1.1s (at 10 Hz),True,0.9771527777777778,0.00021644746111035255,1,776.0795963328833,11.72,/Users/david/code/velocity.report/data/experiments/try/l3-settling-sweep/raw/fulton-divisadero__neighbour_confirmation_count__2.json,
2026-09-17T23:56:24-0700,11c6577e3ce2b3c18bdd345dd31f84f1a5b651bd,fulton-divisadero,neighbour_confirmation_count,4,s2/s2-1_20260901135850_00015.pcap,9ae37cfd7a00343c35d86014131c68abae7950283154f43485dea798a372c870,0,120.0,1200,11,1.1s (at 10 Hz),True,0.9768888888888889,0.0001179446423162522,1,772.0328850090992,11.63,/Users/david/code/velocity.report/data/experiments/try/l3-settling-sweep/raw/fulton-divisadero__neighbour_confirmation_count__4.json,
2026-09-17T23:56:35-0700,11c6577e3ce2b3c18bdd345dd31f84f1a5b651bd,fulton-divisadero,neighbour_confirmation_count,5,s2/s2-1_20260901135850_00015.pcap,9ae37cfd7a00343c35d86014131c68abae7950283154f43485dea798a372c870,0,120.0,1200,11,1.1s (at 10 Hz),True,0.9765833333333334,0.00011624167742396576,1,762.2783513951703,11.37,/Users/david/code/velocity.report/data/experiments/try/l3-settling-sweep/raw/fulton-divisadero__neighbour_confirmation_count__5.json,
2026-09-17T23:56:48-0700,11c6577e3ce2b3c18bdd345dd31f84f1a5b651bd,haight-divisadero,_baseline,default,s2/s2-1_20260901125845_00003.pcap,3e92f3723bd8131d6e0c6865d00517df7c2f634856f2ac0cd2c8fd2fd463bb28,0,120.0,1200,11,1.1s (at 10 Hz),True,0.9828194444444445,8.604441615277693e-05,1,765.4283029266708,12.61,/Users/david/code/velocity.report/data/experiments/try/l3-settling-sweep/raw/haight-divisadero___baseline__default.json,
2026-09-17T23:56:59-0700,11c6577e3ce2b3c18bdd345dd31f84f1a5b651bd,haight-divisadero,closeness_multiplier,1.5,s2/s2-1_20260901125845_00003.pcap,3e92f3723bd8131d6e0c6865d00517df7c2f634856f2ac0cd2c8fd2fd463bb28,0,120.0,1200,11,1.1s (at 10 Hz),True,0.9822361111111111,5.091078027527539e-05,1,736.7939508773915,11.25,/Users/david/code/velocity.report/data/experiments/try/l3-settling-sweep/raw/haight-divisadero__closeness_multiplier__1.5.json,
2026-09-17T23:57:10-0700,11c6577e3ce2b3c18bdd345dd31f84f1a5b651bd,haight-divisadero,closeness_multiplier,2.25,s2/s2-1_20260901125845_00003.pcap,3e92f3723bd8131d6e0c6865d00517df7c2f634856f2ac0cd2c8fd2fd463bb28,0,120.0,1200,11,1.1s (at 10 Hz),True,0.9821527777777778,6.685367292372052e-05,1,744.9869900304037,11.3,/Users/david/code/velocity.report/data/experiments/try/l3-settling-sweep/raw/haight-divisadero__closeness_multiplier__2.25.json,
2026-09-17T23:57:22-0700,11c6577e3ce2b3c18bdd345dd31f84f1a5b651bd,haight-divisadero,closeness_multiplier,4.0,s2/s2-1_20260901125845_00003.pcap,3e92f3723bd8131d6e0c6865d00517df7c2f634856f2ac0cd2c8fd2fd463bb28,0,120.0,1200,11,1.1s (at 10 Hz),True,0.9827916666666666,0.00011302561756973173,1,760.4722940602875,11.2,/Users/david/code/velocity.report/data/experiments/try/l3-settling-sweep/raw/haight-divisadero__closeness_multiplier__4.0.json,
2026-09-17T23:57:33-0700,11c6577e3ce2b3c18bdd345dd31f84f1a5b651bd,haight-divisadero,closeness_multiplier,5.0,s2/s2-1_20260901125845_00003.pcap,3e92f3723bd8131d6e0c6865d00517df7c2f634856f2ac0cd2c8fd2fd463bb28,0,120.0,1200,11,1.1s (at 10 Hz),True,0.9832777777777778,0.00013046876878384337,1,770.313930165546,11.48,/Users/david/code/velocity.report/data/experiments/try/l3-settling-sweep/raw/haight-divisadero__closeness_multiplier__5.0.json,
2026-09-17T23:57:45-0700,11c6577e3ce2b3c18bdd345dd31f84f1a5b651bd,haight-divisadero,safety_margin_metres,0.05,s2/s2-1_20260901125845_00003.pcap,3e92f3723bd8131d6e0c6865d00517df7c2f634856f2ac0cd2c8fd2fd463bb28,0,120.0,1200,11,1.1s (at 10 Hz),True,0.9825138888888889,8.06626289127872e-05,1,751.2888565329865,11.53,/Users/david/code/velocity.report/data/experiments/try/l3-settling-sweep/raw/haight-divisadero__safety_margin_metres__0.05.json,
2026-09-17T23:57:56-0700,11c6577e3ce2b3c18bdd345dd31f84f1a5b651bd,haight-divisadero,safety_margin_metres,0.1,s2/s2-1_20260901125845_00003.pcap,3e92f3723bd8131d6e0c6865d00517df7c2f634856f2ac0cd2c8fd2fd463bb28,0,120.0,1200,11,1.1s (at 10 Hz),True,0.9826527777777778,8.217034415631232e-05,1,751.760017526254,11.23,/Users/david/code/velocity.report/data/experiments/try/l3-settling-sweep/raw/haight-divisadero__safety_margin_metres__0.1.json,
2026-09-17T23:58:07-0700,11c6577e3ce2b3c18bdd345dd31f84f1a5b651bd,haight-divisadero,safety_margin_metres,0.22,s2/s2-1_20260901125845_00003.pcap,3e92f3723bd8131d6e0c6865d00517df7c2f634856f2ac0cd2c8fd2fd463bb28,0,120.0,1200,11,1.1s (at 10 Hz),True,0.9826111111111111,8.394713049491274e-05,1,755.9833493526319,11.42,/Users/david/code/velocity.report/data/experiments/try/l3-settling-sweep/raw/haight-divisadero__safety_margin_metres__0.22.json,
2026-09-17T23:58:19-0700,11c6577e3ce2b3c18bdd345dd31f84f1a5b651bd,haight-divisadero,safety_margin_metres,0.3,s2/s2-1_20260901125845_00003.pcap,3e92f3723bd8131d6e0c6865d00517df7c2f634856f2ac0cd2c8fd2fd463bb28,0,120.0,1200,11,1.1s (at 10 Hz),True,0.9829027777777778,8.987408795429574e-05,1,757.6147889612683,11.19,/Users/david/code/velocity.report/data/experiments/try/l3-settling-sweep/raw/haight-divisadero__safety_margin_metres__0.3.json,
2026-09-17T23:58:30-0700,11c6577e3ce2b3c18bdd345dd31f84f1a5b651bd,haight-divisadero,noise_relative,0.005,s2/s2-1_20260901125845_00003.pcap,3e92f3723bd8131d6e0c6865d00517df7c2f634856f2ac0cd2c8fd2fd463bb28,0,120.0,1200,11,1.1s (at 10 Hz),True,0.9812916666666667,5.936802222800885e-05,1,730.1543600413288,11.34,/Users/david/code/velocity.report/data/experiments/try/l3-settling-sweep/raw/haight-divisadero__noise_relative__0.005.json,
2026-09-17T23:58:41-0700,11c6577e3ce2b3c18bdd345dd31f84f1a5b651bd,haight-divisadero,noise_relative,0.01,s2/s2-1_20260901125845_00003.pcap,3e92f3723bd8131d6e0c6865d00517df7c2f634856f2ac0cd2c8fd2fd463bb28,0,120.0,1200,11,1.1s (at 10 Hz),True,0.9821388888888889,6.618438598189361e-05,1,739.2610232768617,11.24,/Users/david/code/velocity.report/data/experiments/try/l3-settling-sweep/raw/haight-divisadero__noise_relative__0.01.json,
2026-09-17T23:58:53-0700,11c6577e3ce2b3c18bdd345dd31f84f1a5b651bd,haight-divisadero,noise_relative,0.035,s2/s2-1_20260901125845_00003.pcap,3e92f3723bd8131d6e0c6865d00517df7c2f634856f2ac0cd2c8fd2fd463bb28,0,120.0,1200,11,1.1s (at 10 Hz),True,0.9832777777777778,0.00011880169343253296,1,769.4062235154529,11.36,/Users/david/code/velocity.report/data/experiments/try/l3-settling-sweep/raw/haight-divisadero__noise_relative__0.035.json,
2026-09-17T23:59:04-0700,11c6577e3ce2b3c18bdd345dd31f84f1a5b651bd,haight-divisadero,noise_relative,0.05,s2/s2-1_20260901125845_00003.pcap,3e92f3723bd8131d6e0c6865d00517df7c2f634856f2ac0cd2c8fd2fd463bb28,0,120.0,1200,11,1.1s (at 10 Hz),True,0.9835555555555555,0.0001538293611246327,1,786.281913691821,11.49,/Users/david/code/velocity.report/data/experiments/try/l3-settling-sweep/raw/haight-divisadero__noise_relative__0.05.json,
2026-09-17T23:59:15-0700,11c6577e3ce2b3c18bdd345dd31f84f1a5b651bd,haight-divisadero,neighbour_confirmation_count,1,s2/s2-1_20260901125845_00003.pcap,3e92f3723bd8131d6e0c6865d00517df7c2f634856f2ac0cd2c8fd2fd463bb28,0,120.0,1200,19,1.9s (at 10 Hz),True,0.9842916666666667,0.000517916557555018,1,781.1860051644584,11.33,/Users/david/code/velocity.report/data/experiments/try/l3-settling-sweep/raw/haight-divisadero__neighbour_confirmation_count__1.json,
2026-09-17T23:59:27-0700,11c6577e3ce2b3c18bdd345dd31f84f1a5b651bd,haight-divisadero,neighbour_confirmation_count,2,s2/s2-1_20260901125845_00003.pcap,3e92f3723bd8131d6e0c6865d00517df7c2f634856f2ac0cd2c8fd2fd463bb28,0,120.0,1200,11,1.1s (at 10 Hz),True,0.9830694444444444,0.00015502018148816325,1,756.5075655896356,11.27,/Users/david/code/velocity.report/data/experiments/try/l3-settling-sweep/raw/haight-divisadero__neighbour_confirmation_count__2.json,
2026-09-17T23:59:38-0700,11c6577e3ce2b3c18bdd345dd31f84f1a5b651bd,haight-divisadero,neighbour_confirmation_count,4,s2/s2-1_20260901125845_00003.pcap,3e92f3723bd8131d6e0c6865d00517df7c2f634856f2ac0cd2c8fd2fd463bb28,0,120.0,1200,11,1.1s (at 10 Hz),True,0.982625,8.280412416064422e-05,1,752.4953285558806,11.24,/Users/david/code/velocity.report/data/experiments/try/l3-settling-sweep/raw/haight-divisadero__neighbour_confirmation_count__4.json,
2026-09-17T23:59:50-0700,11c6577e3ce2b3c18bdd345dd31f84f1a5b651bd,haight-divisadero,neighbour_confirmation_count,5,s2/s2-1_20260901125845_00003.pcap,3e92f3723bd8131d6e0c6865d00517df7c2f634856f2ac0cd2c8fd2fd463bb28,0,120.0,1200,11,1.1s (at 10 Hz),True,0.9826666666666667,8.835518759888462e-05,1,763.9534288783356,12.52,/Users/david/code/velocity.report/data/experiments/try/l3-settling-sweep/raw/haight-divisadero__neighbour_confirmation_count__5.json,
2026-09-18T00:00:03-0700,11c6577e3ce2b3c18bdd345dd31f84f1a5b651bd,howard-6th,_baseline,default,s2/s2_sf_8_20260903155043_00025.pcap,f1430cebc207062edba56c8f3d4e594ccc3f5a2ec3481af58ba2e5aa0390d25d,0,120.0,1200,11,1.1s (at 10 Hz),True,0.9790138888888889,0.00014040957558664674,1,764.8820808920541,12.26,/Users/david/code/velocity.report/data/experiments/try/l3-settling-sweep/raw/howard-6th___baseline__default.json,
2026-09-18T00:00:15-0700,11c6577e3ce2b3c18bdd345dd31f84f1a5b651bd,howard-6th,closeness_multiplier,1.5,s2/s2_sf_8_20260903155043_00025.pcap,f1430cebc207062edba56c8f3d4e594ccc3f5a2ec3481af58ba2e5aa0390d25d,0,120.0,1200,11,1.1s (at 10 Hz),True,0.9771666666666666,8.908409686289244e-05,1,754.7906077662175,12.13,/Users/david/code/velocity.report/data/experiments/try/l3-settling-sweep/raw/howard-6th__closeness_multiplier__1.5.json,
2026-09-18T00:00:27-0700,11c6577e3ce2b3c18bdd345dd31f84f1a5b651bd,howard-6th,closeness_multiplier,2.25,s2/s2_sf_8_20260903155043_00025.pcap,f1430cebc207062edba56c8f3d4e594ccc3f5a2ec3481af58ba2e5aa0390d25d,0,120.0,1200,11,1.1s (at 10 Hz),True,0.9789444444444444,0.00011073705295363118,1,751.3286561489132,11.58,/Users/david/code/velocity.report/data/experiments/try/l3-settling-sweep/raw/howard-6th__closeness_multiplier__2.25.json,
2026-09-18T00:00:38-0700,11c6577e3ce2b3c18bdd345dd31f84f1a5b651bd,howard-6th,closeness_multiplier,4.0,s2/s2_sf_8_20260903155043_00025.pcap,f1430cebc207062edba56c8f3d4e594ccc3f5a2ec3481af58ba2e5aa0390d25d,0,120.0,1200,11,1.1s (at 10 Hz),True,0.9799305555555555,0.0001735386258480187,1,776.6420097796046,11.8,/Users/david/code/velocity.report/data/experiments/try/l3-settling-sweep/raw/howard-6th__closeness_multiplier__4.0.json,
2026-09-18T00:00:54-0700,11c6577e3ce2b3c18bdd345dd31f84f1a5b651bd,howard-6th,closeness_multiplier,5.0,s2/s2_sf_8_20260903155043_00025.pcap,f1430cebc207062edba56c8f3d4e594ccc3f5a2ec3481af58ba2e5aa0390d25d,0,120.0,1200,11,1.1s (at 10 Hz),True,0.9808611111111111,0.00028152059666545684,1,830.7684432613066,15.6,/Users/david/code/velocity.report/data/experiments/try/l3-settling-sweep/raw/howard-6th__closeness_multiplier__5.0.json,
2026-09-18T00:01:14-0700,11c6577e3ce2b3c18bdd345dd31f84f1a5b651bd,howard-6th,safety_margin_metres,0.05,s2/s2_sf_8_20260903155043_00025.pcap,f1430cebc207062edba56c8f3d4e594ccc3f5a2ec3481af58ba2e5aa0390d25d,0,120.0,1200,11,1.1s (at 10 Hz),True,0.9802638888888889,0.00012525064540907743,1,893.7137958882954,20.36,/Users/david/code/velocity.report/data/experiments/try/l3-settling-sweep/raw/howard-6th__safety_margin_metres__0.05.json,
2026-09-18T00:01:28-0700,11c6577e3ce2b3c18bdd345dd31f84f1a5b651bd,howard-6th,safety_margin_metres,0.1,s2/s2_sf_8_20260903155043_00025.pcap,f1430cebc207062edba56c8f3d4e594ccc3f5a2ec3481af58ba2e5aa0390d25d,0,120.0,1200,11,1.1s (at 10 Hz),True,0.9797222222222223,0.0001442140665356923,1,759.8850155939892,13.37,/Users/david/code/velocity.report/data/experiments/try/l3-settling-sweep/raw/howard-6th__safety_margin_metres__0.1.json,
2026-09-18T00:01:42-0700,11c6577e3ce2b3c18bdd345dd31f84f1a5b651bd,howard-6th,safety_margin_metres,0.22,s2/s2_sf_8_20260903155043_00025.pcap,f1430cebc207062edba56c8f3d4e594ccc3f5a2ec3481af58ba2e5aa0390d25d,0,120.0,1200,11,1.1s (at 10 Hz),True,0.9797916666666666,0.00014629446387186658,1,773.8850662697569,14.08,/Users/david/code/velocity.report/data/experiments/try/l3-settling-sweep/raw/howard-6th__safety_margin_metres__0.22.json,
2026-09-18T00:02:00-0700,11c6577e3ce2b3c18bdd345dd31f84f1a5b651bd,howard-6th,safety_margin_metres,0.3,s2/s2_sf_8_20260903155043_00025.pcap,f1430cebc207062edba56c8f3d4e594ccc3f5a2ec3481af58ba2e5aa0390d25d,0,120.0,1200,11,1.1s (at 10 Hz),True,0.9801111111111112,0.0001823699835038439,1,812.9917526357556,18.47,/Users/david/code/velocity.report/data/experiments/try/l3-settling-sweep/raw/howard-6th__safety_margin_metres__0.3.json,
2026-09-18T00:02:24-0700,11c6577e3ce2b3c18bdd345dd31f84f1a5b651bd,howard-6th,noise_relative,0.005,s2/s2_sf_8_20260903155043_00025.pcap,f1430cebc207062edba56c8f3d4e594ccc3f5a2ec3481af58ba2e5aa0390d25d,0,120.0,1200,11,1.1s (at 10 Hz),True,0.9787083333333333,9.936672796565756e-05,1,779.9979990633914,24.0,/Users/david/code/velocity.report/data/experiments/try/l3-settling-sweep/raw/howard-6th__noise_relative__0.005.json,
2026-09-18T00:02:38-0700,11c6577e3ce2b3c18bdd345dd31f84f1a5b651bd,howard-6th,noise_relative,0.01,s2/s2_sf_8_20260903155043_00025.pcap,f1430cebc207062edba56c8f3d4e594ccc3f5a2ec3481af58ba2e5aa0390d25d,0,120.0,1200,11,1.1s (at 10 Hz),True,0.9771388888888889,9.231852675077586e-05,1,744.7514427040396,13.15,/Users/david/code/velocity.report/data/experiments/try/l3-settling-sweep/raw/howard-6th__noise_relative__0.01.json,
2026-09-18T00:02:49-0700,11c6577e3ce2b3c18bdd345dd31f84f1a5b651bd,howard-6th,noise_relative,0.035,s2/s2_sf_8_20260903155043_00025.pcap,f1430cebc207062edba56c8f3d4e594ccc3f5a2ec3481af58ba2e5aa0390d25d,0,120.0,1200,11,1.1s (at 10 Hz),True,0.9807777777777777,0.00019414985018073835,1,778.3182564857823,11.37,/Users/david/code/velocity.report/data/experiments/try/l3-settling-sweep/raw/howard-6th__noise_relative__0.035.json,
2026-09-18T00:03:00-0700,11c6577e3ce2b3c18bdd345dd31f84f1a5b651bd,howard-6th,noise_relative,0.05,s2/s2_sf_8_20260903155043_00025.pcap,f1430cebc207062edba56c8f3d4e594ccc3f5a2ec3481af58ba2e5aa0390d25d,0,120.0,1200,11,1.1s (at 10 Hz),True,0.9810416666666667,0.0003308115104697609,1,827.3269625539747,11.26,/Users/david/code/velocity.report/data/experiments/try/l3-settling-sweep/raw/howard-6th__noise_relative__0.05.json,
2026-09-18T00:03:11-0700,11c6577e3ce2b3c18bdd345dd31f84f1a5b651bd,howard-6th,neighbour_confirmation_count,1,s2/s2_sf_8_20260903155043_00025.pcap,f1430cebc207062edba56c8f3d4e594ccc3f5a2ec3481af58ba2e5aa0390d25d,0,120.0,1200,154,15.4s (at 10 Hz),True,0.9818333333333333,0.0010022204930353585,1,773.2864256210038,11.14,/Users/david/code/velocity.report/data/experiments/try/l3-settling-sweep/raw/howard-6th__neighbour_confirmation_count__1.json,
2026-09-18T00:03:23-0700,11c6577e3ce2b3c18bdd345dd31f84f1a5b651bd,howard-6th,neighbour_confirmation_count,2,s2/s2_sf_8_20260903155043_00025.pcap,f1430cebc207062edba56c8f3d4e594ccc3f5a2ec3481af58ba2e5aa0390d25d,0,120.0,1200,11,1.1s (at 10 Hz),True,0.9803472222222223,0.00022808398521823479,1,758.0966494297655,11.37,/Users/david/code/velocity.report/data/experiments/try/l3-settling-sweep/raw/howard-6th__neighbour_confirmation_count__2.json,
2026-09-18T00:03:36-0700,11c6577e3ce2b3c18bdd345dd31f84f1a5b651bd,howard-6th,neighbour_confirmation_count,4,s2/s2_sf_8_20260903155043_00025.pcap,f1430cebc207062edba56c8f3d4e594ccc3f5a2ec3481af58ba2e5aa0390d25d,0,120.0,1200,11,1.1s (at 10 Hz),True,0.9792222222222222,0.00013182416484319037,1,812.0165948031317,13.76,/Users/david/code/velocity.report/data/experiments/try/l3-settling-sweep/raw/howard-6th__neighbour_confirmation_count__4.json,
2026-09-18T00:03:48-0700,11c6577e3ce2b3c18bdd345dd31f84f1a5b651bd,howard-6th,neighbour_confirmation_count,5,s2/s2_sf_8_20260903155043_00025.pcap,f1430cebc207062edba56c8f3d4e594ccc3f5a2ec3481af58ba2e5aa0390d25d,0,120.0,1200,11,1.1s (at 10 Hz),True,0.9797361111111111,0.00013768607511997557,1,752.3725492975716,11.2,/Users/david/code/velocity.report/data/experiments/try/l3-settling-sweep/raw/howard-6th__neighbour_confirmation_count__5.json,
2026-09-18T00:03:59-0700,11c6577e3ce2b3c18bdd345dd31f84f1a5b651bd,hyde-ofarrell,_baseline,default,s2/s2_sf_6_20260903110555_00014.pcap,9d86ffa150130ad2490d90bf45b01f42ec3609b222745c1cd39b5d9ca251aee7,0,120.0,1200,11,1.1s (at 10 Hz),True,0.9881111111111112,0.0001442006236973606,1,717.125688743956,11.74,/Users/david/code/velocity.report/data/experiments/try/l3-settling-sweep/raw/hyde-ofarrell___baseline__default.json,
2026-09-18T00:04:11-0700,11c6577e3ce2b3c18bdd345dd31f84f1a5b651bd,hyde-ofarrell,closeness_multiplier,1.5,s2/s2_sf_6_20260903110555_00014.pcap,9d86ffa150130ad2490d90bf45b01f42ec3609b222745c1cd39b5d9ca251aee7,0,120.0,1200,11,1.1s (at 10 Hz),True,0.9871944444444445,9.31398857901512e-05,1,693.6057148484763,11.44,/Users/david/code/velocity.report/data/experiments/try/l3-settling-sweep/raw/hyde-ofarrell__closeness_multiplier__1.5.json,
2026-09-18T00:04:22-0700,11c6577e3ce2b3c18bdd345dd31f84f1a5b651bd,hyde-ofarrell,closeness_multiplier,2.25,s2/s2_sf_6_20260903110555_00014.pcap,9d86ffa150130ad2490d90bf45b01f42ec3609b222745c1cd39b5d9ca251aee7,0,120.0,1200,11,1.1s (at 10 Hz),True,0.9873333333333333,0.00011018147340676685,1,705.8676569885213,11.27,/Users/david/code/velocity.report/data/experiments/try/l3-settling-sweep/raw/hyde-ofarrell__closeness_multiplier__2.25.json,
2026-09-18T00:04:34-0700,11c6577e3ce2b3c18bdd345dd31f84f1a5b651bd,hyde-ofarrell,closeness_multiplier,4.0,s2/s2_sf_6_20260903110555_00014.pcap,9d86ffa150130ad2490d90bf45b01f42ec3609b222745c1cd39b5d9ca251aee7,0,120.0,1200,11,1.1s (at 10 Hz),True,0.9888472222222222,0.00021208018138510771,1,725.3449583549868,11.29,/Users/david/code/velocity.report/data/experiments/try/l3-settling-sweep/raw/hyde-ofarrell__closeness_multiplier__4.0.json,
2026-09-18T00:04:45-0700,11c6577e3ce2b3c18bdd345dd31f84f1a5b651bd,hyde-ofarrell,closeness_multiplier,5.0,s2/s2_sf_6_20260903110555_00014.pcap,9d86ffa150130ad2490d90bf45b01f42ec3609b222745c1cd39b5d9ca251aee7,0,120.0,1200,11,1.1s (at 10 Hz),True,0.9898472222222222,0.00028324452531262813,1,746.7013568311609,11.23,/Users/david/code/velocity.report/data/experiments/try/l3-settling-sweep/raw/hyde-ofarrell__closeness_multiplier__5.0.json,
2026-09-18T00:04:56-0700,11c6577e3ce2b3c18bdd345dd31f84f1a5b651bd,hyde-ofarrell,safety_margin_metres,0.05,s2/s2_sf_6_20260903110555_00014.pcap,9d86ffa150130ad2490d90bf45b01f42ec3609b222745c1cd39b5d9ca251aee7,0,120.0,1200,11,1.1s (at 10 Hz),True,0.9875694444444445,0.000134076182924999,1,707.1033260670839,11.42,/Users/david/code/velocity.report/data/experiments/try/l3-settling-sweep/raw/hyde-ofarrell__safety_margin_metres__0.05.json,
2026-09-18T00:05:08-0700,11c6577e3ce2b3c18bdd345dd31f84f1a5b651bd,hyde-ofarrell,safety_margin_metres,0.1,s2/s2_sf_6_20260903110555_00014.pcap,9d86ffa150130ad2490d90bf45b01f42ec3609b222745c1cd39b5d9ca251aee7,0,120.0,1200,11,1.1s (at 10 Hz),True,0.988125,0.00013454196279792167,1,710.928568416614,11.33,/Users/david/code/velocity.report/data/experiments/try/l3-settling-sweep/raw/hyde-ofarrell__safety_margin_metres__0.1.json,
2026-09-18T00:05:19-0700,11c6577e3ce2b3c18bdd345dd31f84f1a5b651bd,hyde-ofarrell,safety_margin_metres,0.22,s2/s2_sf_6_20260903110555_00014.pcap,9d86ffa150130ad2490d90bf45b01f42ec3609b222745c1cd39b5d9ca251aee7,0,120.0,1200,11,1.1s (at 10 Hz),True,0.9887361111111111,0.00013704443073513946,1,713.8097177934793,11.35,/Users/david/code/velocity.report/data/experiments/try/l3-settling-sweep/raw/hyde-ofarrell__safety_margin_metres__0.22.json,
2026-09-18T00:05:30-0700,11c6577e3ce2b3c18bdd345dd31f84f1a5b651bd,hyde-ofarrell,safety_margin_metres,0.3,s2/s2_sf_6_20260903110555_00014.pcap,9d86ffa150130ad2490d90bf45b01f42ec3609b222745c1cd39b5d9ca251aee7,0,120.0,1200,11,1.1s (at 10 Hz),True,0.9880972222222222,0.00013940409404571862,1,719.1881421924855,11.14,/Users/david/code/velocity.report/data/experiments/try/l3-settling-sweep/raw/hyde-ofarrell__safety_margin_metres__0.3.json,
2026-09-18T00:05:42-0700,11c6577e3ce2b3c18bdd345dd31f84f1a5b651bd,hyde-ofarrell,noise_relative,0.005,s2/s2_sf_6_20260903110555_00014.pcap,9d86ffa150130ad2490d90bf45b01f42ec3609b222745c1cd39b5d9ca251aee7,0,120.0,1200,11,1.1s (at 10 Hz),True,0.9855416666666666,7.53074466101096e-05,1,684.0989444608858,11.53,/Users/david/code/velocity.report/data/experiments/try/l3-settling-sweep/raw/hyde-ofarrell__noise_relative__0.005.json,
2026-09-18T00:05:53-0700,11c6577e3ce2b3c18bdd345dd31f84f1a5b651bd,hyde-ofarrell,noise_relative,0.01,s2/s2_sf_6_20260903110555_00014.pcap,9d86ffa150130ad2490d90bf45b01f42ec3609b222745c1cd39b5d9ca251aee7,0,120.0,1200,11,1.1s (at 10 Hz),True,0.9875,9.56661805412935e-05,1,698.8798452883264,11.47,/Users/david/code/velocity.report/data/experiments/try/l3-settling-sweep/raw/hyde-ofarrell__noise_relative__0.01.json,
2026-09-18T00:06:04-0700,11c6577e3ce2b3c18bdd345dd31f84f1a5b651bd,hyde-ofarrell,noise_relative,0.035,s2/s2_sf_6_20260903110555_00014.pcap,9d86ffa150130ad2490d90bf45b01f42ec3609b222745c1cd39b5d9ca251aee7,0,120.0,1200,11,1.1s (at 10 Hz),True,0.9897916666666666,0.00023133392554811492,1,741.0308987581561,11.34,/Users/david/code/velocity.report/data/experiments/try/l3-settling-sweep/raw/hyde-ofarrell__noise_relative__0.035.json,
2026-09-18T00:06:16-0700,11c6577e3ce2b3c18bdd345dd31f84f1a5b651bd,hyde-ofarrell,noise_relative,0.05,s2/s2_sf_6_20260903110555_00014.pcap,9d86ffa150130ad2490d90bf45b01f42ec3609b222745c1cd39b5d9ca251aee7,0,120.0,1200,11,1.1s (at 10 Hz),True,0.9905,0.0003957199875107286,1,790.1384121375287,11.23,/Users/david/code/velocity.report/data/experiments/try/l3-settling-sweep/raw/hyde-ofarrell__noise_relative__0.05.json,
2026-09-18T00:06:27-0700,11c6577e3ce2b3c18bdd345dd31f84f1a5b651bd,hyde-ofarrell,neighbour_confirmation_count,1,s2/s2_sf_6_20260903110555_00014.pcap,9d86ffa150130ad2490d90bf45b01f42ec3609b222745c1cd39b5d9ca251aee7,0,120.0,1200,41,4.1s (at 10 Hz),True,0.9906805555555556,0.0009145453316733715,1,726.4652385425283,11.19,/Users/david/code/velocity.report/data/experiments/try/l3-settling-sweep/raw/hyde-ofarrell__neighbour_confirmation_count__1.json,
2026-09-18T00:06:38-0700,11c6577e3ce2b3c18bdd345dd31f84f1a5b651bd,hyde-ofarrell,neighbour_confirmation_count,2,s2/s2_sf_6_20260903110555_00014.pcap,9d86ffa150130ad2490d90bf45b01f42ec3609b222745c1cd39b5d9ca251aee7,0,120.0,1200,11,1.1s (at 10 Hz),True,0.9889166666666667,0.00021553761208301775,1,709.3858880368529,11.14,/Users/david/code/velocity.report/data/experiments/try/l3-settling-sweep/raw/hyde-ofarrell__neighbour_confirmation_count__2.json,
2026-09-18T00:06:50-0700,11c6577e3ce2b3c18bdd345dd31f84f1a5b651bd,hyde-ofarrell,neighbour_confirmation_count,4,s2/s2_sf_6_20260903110555_00014.pcap,9d86ffa150130ad2490d90bf45b01f42ec3609b222745c1cd39b5d9ca251aee7,0,120.0,1200,11,1.1s (at 10 Hz),True,0.9876944444444444,0.00013183807082850144,1,716.8575807857806,11.76,/Users/david/code/velocity.report/data/experiments/try/l3-settling-sweep/raw/hyde-ofarrell__neighbour_confirmation_count__4.json,
2026-09-18T00:07:02-0700,11c6577e3ce2b3c18bdd345dd31f84f1a5b651bd,hyde-ofarrell,neighbour_confirmation_count,5,s2/s2_sf_6_20260903110555_00014.pcap,9d86ffa150130ad2490d90bf45b01f42ec3609b222745c1cd39b5d9ca251aee7,0,120.0,1200,11,1.1s (at 10 Hz),True,0.9881944444444445,0.00013428373614395495,1,721.5495572733661,11.68,/Users/david/code/velocity.report/data/experiments/try/l3-settling-sweep/raw/hyde-ofarrell__neighbour_confirmation_count__5.json,
2026-09-18T00:07:13-0700,11c6577e3ce2b3c18bdd345dd31f84f1a5b651bd,laguna-eddy,_baseline,default,s2/s2-1_20260901154400_00036.pcap,d08c66075818462dd641ddead01eeacfa9199599fc63bcf6e23c25c784b29a53,0,120.0,1200,11,1.1s (at 10 Hz),True,0.9928333333333333,0.00012861001954275875,1,719.9401124727211,11.72,/Users/david/code/velocity.report/data/experiments/try/l3-settling-sweep/raw/laguna-eddy___baseline__default.json,
2026-09-18T00:07:25-0700,11c6577e3ce2b3c18bdd345dd31f84f1a5b651bd,laguna-eddy,closeness_multiplier,1.5,s2/s2-1_20260901154400_00036.pcap,d08c66075818462dd641ddead01eeacfa9199599fc63bcf6e23c25c784b29a53,0,120.0,1200,11,1.1s (at 10 Hz),True,0.9918333333333333,8.135853514662423e-05,1,694.4867809331765,11.41,/Users/david/code/velocity.report/data/experiments/try/l3-settling-sweep/raw/laguna-eddy__closeness_multiplier__1.5.json,
2026-09-18T00:07:36-0700,11c6577e3ce2b3c18bdd345dd31f84f1a5b651bd,laguna-eddy,closeness_multiplier,2.25,s2/s2-1_20260901154400_00036.pcap,d08c66075818462dd641ddead01eeacfa9199599fc63bcf6e23c25c784b29a53,0,120.0,1200,11,1.1s (at 10 Hz),True,0.9925277777777778,9.655325530421369e-05,1,702.7675547843609,11.32,/Users/david/code/velocity.report/data/experiments/try/l3-settling-sweep/raw/laguna-eddy__closeness_multiplier__2.25.json,
2026-09-18T00:07:47-0700,11c6577e3ce2b3c18bdd345dd31f84f1a5b651bd,laguna-eddy,closeness_multiplier,4.0,s2/s2-1_20260901154400_00036.pcap,d08c66075818462dd641ddead01eeacfa9199599fc63bcf6e23c25c784b29a53,0,120.0,1200,11,1.1s (at 10 Hz),True,0.9934722222222222,0.00016812647858262348,1,737.5263385991891,11.43,/Users/david/code/velocity.report/data/experiments/try/l3-settling-sweep/raw/laguna-eddy__closeness_multiplier__4.0.json,
2026-09-18T00:07:59-0700,11c6577e3ce2b3c18bdd345dd31f84f1a5b651bd,laguna-eddy,closeness_multiplier,5.0,s2/s2-1_20260901154400_00036.pcap,d08c66075818462dd641ddead01eeacfa9199599fc63bcf6e23c25c784b29a53,0,120.0,1200,11,1.1s (at 10 Hz),True,0.993375,0.00022410343466920888,1,767.9181382212715,11.55,/Users/david/code/velocity.report/data/experiments/try/l3-settling-sweep/raw/laguna-eddy__closeness_multiplier__5.0.json,
2026-09-18T00:08:11-0700,11c6577e3ce2b3c18bdd345dd31f84f1a5b651bd,laguna-eddy,safety_margin_metres,0.05,s2/s2-1_20260901154400_00036.pcap,d08c66075818462dd641ddead01eeacfa9199599fc63bcf6e23c25c784b29a53,0,120.0,1200,11,1.1s (at 10 Hz),True,0.9929583333333334,0.00012558862724255904,1,711.779880547746,11.8,/Users/david/code/velocity.report/data/experiments/try/l3-settling-sweep/raw/laguna-eddy__safety_margin_metres__0.05.json,
2026-09-18T00:08:23-0700,11c6577e3ce2b3c18bdd345dd31f84f1a5b651bd,laguna-eddy,safety_margin_metres,0.1,s2/s2-1_20260901154400_00036.pcap,d08c66075818462dd641ddead01eeacfa9199599fc63bcf6e23c25c784b29a53,0,120.0,1200,11,1.1s (at 10 Hz),True,0.9925972222222222,0.00012316930448777518,1,713.1509228035317,11.65,/Users/david/code/velocity.report/data/experiments/try/l3-settling-sweep/raw/laguna-eddy__safety_margin_metres__0.1.json,
2026-09-18T00:08:35-0700,11c6577e3ce2b3c18bdd345dd31f84f1a5b651bd,laguna-eddy,safety_margin_metres,0.22,s2/s2-1_20260901154400_00036.pcap,d08c66075818462dd641ddead01eeacfa9199599fc63bcf6e23c25c784b29a53,0,120.0,1200,11,1.1s (at 10 Hz),True,0.9927361111111112,0.00013682948749665585,1,742.617709193167,12.3,/Users/david/code/velocity.report/data/experiments/try/l3-settling-sweep/raw/laguna-eddy__safety_margin_metres__0.22.json,
2026-09-18T00:08:46-0700,11c6577e3ce2b3c18bdd345dd31f84f1a5b651bd,laguna-eddy,safety_margin_metres,0.3,s2/s2-1_20260901154400_00036.pcap,d08c66075818462dd641ddead01eeacfa9199599fc63bcf6e23c25c784b29a53,0,120.0,1200,11,1.1s (at 10 Hz),True,0.9930416666666667,0.0001415959077067823,1,737.2250241262116,11.45,/Users/david/code/velocity.report/data/experiments/try/l3-settling-sweep/raw/laguna-eddy__safety_margin_metres__0.3.json,
2026-09-18T00:08:58-0700,11c6577e3ce2b3c18bdd345dd31f84f1a5b651bd,laguna-eddy,noise_relative,0.005,s2/s2-1_20260901154400_00036.pcap,d08c66075818462dd641ddead01eeacfa9199599fc63bcf6e23c25c784b29a53,0,120.0,1200,11,1.1s (at 10 Hz),True,0.9916111111111111,7.669705130372532e-05,1,685.1480054905037,11.66,/Users/david/code/velocity.report/data/experiments/try/l3-settling-sweep/raw/laguna-eddy__noise_relative__0.005.json,
2026-09-18T00:09:10-0700,11c6577e3ce2b3c18bdd345dd31f84f1a5b651bd,laguna-eddy,noise_relative,0.01,s2/s2-1_20260901154400_00036.pcap,d08c66075818462dd641ddead01eeacfa9199599fc63bcf6e23c25c784b29a53,0,120.0,1200,11,1.1s (at 10 Hz),True,0.9924166666666666,8.85028444661665e-05,1,705.8727013183307,12.08,/Users/david/code/velocity.report/data/experiments/try/l3-settling-sweep/raw/laguna-eddy__noise_relative__0.01.json,
2026-09-18T00:09:22-0700,11c6577e3ce2b3c18bdd345dd31f84f1a5b651bd,laguna-eddy,noise_relative,0.035,s2/s2-1_20260901154400_00036.pcap,d08c66075818462dd641ddead01eeacfa9199599fc63bcf6e23c25c784b29a53,0,120.0,1200,11,1.1s (at 10 Hz),True,0.9933472222222223,0.0001998020130193556,1,766.6446078774067,11.61,/Users/david/code/velocity.report/data/experiments/try/l3-settling-sweep/raw/laguna-eddy__noise_relative__0.035.json,
2026-09-18T00:09:34-0700,11c6577e3ce2b3c18bdd345dd31f84f1a5b651bd,laguna-eddy,noise_relative,0.05,s2/s2-1_20260901154400_00036.pcap,d08c66075818462dd641ddead01eeacfa9199599fc63bcf6e23c25c784b29a53,0,120.0,1200,11,1.1s (at 10 Hz),True,0.9944861111111111,0.0002658511114641425,1,806.5952823205731,11.85,/Users/david/code/velocity.report/data/experiments/try/l3-settling-sweep/raw/laguna-eddy__noise_relative__0.05.json,
2026-09-18T00:09:45-0700,11c6577e3ce2b3c18bdd345dd31f84f1a5b651bd,laguna-eddy,neighbour_confirmation_count,1,s2/s2-1_20260901154400_00036.pcap,d08c66075818462dd641ddead01eeacfa9199599fc63bcf6e23c25c784b29a53,0,120.0,1200,75,7.5s (at 10 Hz),True,0.9952083333333334,0.0009986599883965081,1,747.0377363756891,11.28,/Users/david/code/velocity.report/data/experiments/try/l3-settling-sweep/raw/laguna-eddy__neighbour_confirmation_count__1.json,
2026-09-18T00:09:56-0700,11c6577e3ce2b3c18bdd345dd31f84f1a5b651bd,laguna-eddy,neighbour_confirmation_count,2,s2/s2-1_20260901154400_00036.pcap,d08c66075818462dd641ddead01eeacfa9199599fc63bcf6e23c25c784b29a53,0,120.0,1200,11,1.1s (at 10 Hz),True,0.9934583333333333,0.0002317164426879338,1,721.3137608522418,11.42,/Users/david/code/velocity.report/data/experiments/try/l3-settling-sweep/raw/laguna-eddy__neighbour_confirmation_count__2.json,
2026-09-18T00:10:08-0700,11c6577e3ce2b3c18bdd345dd31f84f1a5b651bd,laguna-eddy,neighbour_confirmation_count,4,s2/s2-1_20260901154400_00036.pcap,d08c66075818462dd641ddead01eeacfa9199599fc63bcf6e23c25c784b29a53,0,120.0,1200,11,1.1s (at 10 Hz),True,0.9929444444444444,0.00012942685402627635,1,718.7639456162927,11.61,/Users/david/code/velocity.report/data/experiments/try/l3-settling-sweep/raw/laguna-eddy__neighbour_confirmation_count__4.json,
2026-09-18T00:10:21-0700,11c6577e3ce2b3c18bdd345dd31f84f1a5b651bd,laguna-eddy,neighbour_confirmation_count,5,s2/s2-1_20260901154400_00036.pcap,d08c66075818462dd641ddead01eeacfa9199599fc63bcf6e23c25c784b29a53,0,120.0,1200,11,1.1s (at 10 Hz),True,0.9929166666666667,0.00013065851533816377,1,756.3931598825011,12.82,/Users/david/code/velocity.report/data/experiments/try/l3-settling-sweep/raw/laguna-eddy__neighbour_confirmation_count__5.json,
2026-09-18T00:10:32-0700,11c6577e3ce2b3c18bdd345dd31f84f1a5b651bd,lombard-broderick,_baseline,default,s2/s2_sf_2_20260902093822_00003.pcap,05ba919df8d00872adac04ca09b5c6c29f42c1975b9aa2bc5dad57f612a903e5,0,120.0,1200,11,1.1s (at 10 Hz),True,0.9721527777777778,0.00016366583625775476,1,689.2348167726266,11.38,/Users/david/code/velocity.report/data/experiments/try/l3-settling-sweep/raw/lombard-broderick___baseline__default.json,
2026-09-18T00:10:44-0700,11c6577e3ce2b3c18bdd345dd31f84f1a5b651bd,lombard-broderick,closeness_multiplier,1.5,s2/s2_sf_2_20260902093822_00003.pcap,05ba919df8d00872adac04ca09b5c6c29f42c1975b9aa2bc5dad57f612a903e5,0,120.0,1200,11,1.1s (at 10 Hz),True,0.9695,9.490222900548627e-05,1,676.5250988482036,11.44,/Users/david/code/velocity.report/data/experiments/try/l3-settling-sweep/raw/lombard-broderick__closeness_multiplier__1.5.json,
2026-09-18T00:10:55-0700,11c6577e3ce2b3c18bdd345dd31f84f1a5b651bd,lombard-broderick,closeness_multiplier,2.25,s2/s2_sf_2_20260902093822_00003.pcap,05ba919df8d00872adac04ca09b5c6c29f42c1975b9aa2bc5dad57f612a903e5,0,120.0,1200,11,1.1s (at 10 Hz),True,0.9711805555555556,0.0001223666909412412,1,679.0147300679299,11.15,/Users/david/code/velocity.report/data/experiments/try/l3-settling-sweep/raw/lombard-broderick__closeness_multiplier__2.25.json,
2026-09-18T00:11:06-0700,11c6577e3ce2b3c18bdd345dd31f84f1a5b651bd,lombard-broderick,closeness_multiplier,4.0,s2/s2_sf_2_20260902093822_00003.pcap,05ba919df8d00872adac04ca09b5c6c29f42c1975b9aa2bc5dad57f612a903e5,0,120.0,1200,11,1.1s (at 10 Hz),True,0.9742222222222222,0.00021173884467074074,1,695.1088760264598,11.01,/Users/david/code/velocity.report/data/experiments/try/l3-settling-sweep/raw/lombard-broderick__closeness_multiplier__4.0.json,
2026-09-18T00:11:17-0700,11c6577e3ce2b3c18bdd345dd31f84f1a5b651bd,lombard-broderick,closeness_multiplier,5.0,s2/s2_sf_2_20260902093822_00003.pcap,05ba919df8d00872adac04ca09b5c6c29f42c1975b9aa2bc5dad57f612a903e5,0,120.0,1200,11,1.1s (at 10 Hz),True,0.97475,0.0002848342438055411,1,713.5274144367502,11.32,/Users/david/code/velocity.report/data/experiments/try/l3-settling-sweep/raw/lombard-broderick__closeness_multiplier__5.0.json,
2026-09-18T00:11:28-0700,11c6577e3ce2b3c18bdd345dd31f84f1a5b651bd,lombard-broderick,safety_margin_metres,0.05,s2/s2_sf_2_20260902093822_00003.pcap,05ba919df8d00872adac04ca09b5c6c29f42c1975b9aa2bc5dad57f612a903e5,0,120.0,1200,11,1.1s (at 10 Hz),True,0.9714861111111112,0.00015857132276998244,1,678.8715027091941,11.13,/Users/david/code/velocity.report/data/experiments/try/l3-settling-sweep/raw/lombard-broderick__safety_margin_metres__0.05.json,
2026-09-18T00:11:39-0700,11c6577e3ce2b3c18bdd345dd31f84f1a5b651bd,lombard-broderick,safety_margin_metres,0.1,s2/s2_sf_2_20260902093822_00003.pcap,05ba919df8d00872adac04ca09b5c6c29f42c1975b9aa2bc5dad57f612a903e5,0,120.0,1200,11,1.1s (at 10 Hz),True,0.9717916666666667,0.00016193102774503658,1,681.5452843402078,11.13,/Users/david/code/velocity.report/data/experiments/try/l3-settling-sweep/raw/lombard-broderick__safety_margin_metres__0.1.json,
2026-09-18T00:11:51-0700,11c6577e3ce2b3c18bdd345dd31f84f1a5b651bd,lombard-broderick,safety_margin_metres,0.22,s2/s2_sf_2_20260902093822_00003.pcap,05ba919df8d00872adac04ca09b5c6c29f42c1975b9aa2bc5dad57f612a903e5,0,120.0,1200,11,1.1s (at 10 Hz),True,0.9732222222222222,0.00017217203964364558,1,689.3517952962667,11.19,/Users/david/code/velocity.report/data/experiments/try/l3-settling-sweep/raw/lombard-broderick__safety_margin_metres__0.22.json,
2026-09-18T00:12:02-0700,11c6577e3ce2b3c18bdd345dd31f84f1a5b651bd,lombard-broderick,safety_margin_metres,0.3,s2/s2_sf_2_20260902093822_00003.pcap,05ba919df8d00872adac04ca09b5c6c29f42c1975b9aa2bc5dad57f612a903e5,0,120.0,1200,11,1.1s (at 10 Hz),True,0.9739027777777778,0.00016212208997602295,1,699.3895837195705,11.42,/Users/david/code/velocity.report/data/experiments/try/l3-settling-sweep/raw/lombard-broderick__safety_margin_metres__0.3.json,
2026-09-18T00:12:15-0700,11c6577e3ce2b3c18bdd345dd31f84f1a5b651bd,lombard-broderick,noise_relative,0.005,s2/s2_sf_2_20260902093822_00003.pcap,05ba919df8d00872adac04ca09b5c6c29f42c1975b9aa2bc5dad57f612a903e5,0,120.0,1200,11,1.1s (at 10 Hz),True,0.9675555555555555,7.765799080923357e-05,1,684.7664790996785,12.66,/Users/david/code/velocity.report/data/experiments/try/l3-settling-sweep/raw/lombard-broderick__noise_relative__0.005.json,
2026-09-18T00:12:27-0700,11c6577e3ce2b3c18bdd345dd31f84f1a5b651bd,lombard-broderick,noise_relative,0.01,s2/s2_sf_2_20260902093822_00003.pcap,05ba919df8d00872adac04ca09b5c6c29f42c1975b9aa2bc5dad57f612a903e5,0,120.0,1200,11,1.1s (at 10 Hz),True,0.9702361111111111,9.880312926065319e-05,1,677.3872196057661,11.95,/Users/david/code/velocity.report/data/experiments/try/l3-settling-sweep/raw/lombard-broderick__noise_relative__0.01.json,
2026-09-18T00:12:38-0700,11c6577e3ce2b3c18bdd345dd31f84f1a5b651bd,lombard-broderick,noise_relative,0.035,s2/s2_sf_2_20260902093822_00003.pcap,05ba919df8d00872adac04ca09b5c6c29f42c1975b9aa2bc5dad57f612a903e5,0,120.0,1200,11,1.1s (at 10 Hz),True,0.975125,0.0002589877918817516,1,708.8170747340084,11.45,/Users/david/code/velocity.report/data/experiments/try/l3-settling-sweep/raw/lombard-broderick__noise_relative__0.035.json,
2026-09-18T00:12:51-0700,11c6577e3ce2b3c18bdd345dd31f84f1a5b651bd,lombard-broderick,noise_relative,0.05,s2/s2_sf_2_20260902093822_00003.pcap,05ba919df8d00872adac04ca09b5c6c29f42c1975b9aa2bc5dad57f612a903e5,0,120.0,1200,11,1.1s (at 10 Hz),True,0.9767916666666666,0.000298492002570678,1,742.6148814855892,13.19,/Users/david/code/velocity.report/data/experiments/try/l3-settling-sweep/raw/lombard-broderick__noise_relative__0.05.json,
2026-09-18T00:13:03-0700,11c6577e3ce2b3c18bdd345dd31f84f1a5b651bd,lombard-broderick,neighbour_confirmation_count,1,s2/s2_sf_2_20260902093822_00003.pcap,05ba919df8d00872adac04ca09b5c6c29f42c1975b9aa2bc5dad57f612a903e5,0,120.0,1200,133,13.3s (at 10 Hz),True,0.9769444444444444,0.0012441285906928737,1,704.1483082172306,11.28,/Users/david/code/velocity.report/data/experiments/try/l3-settling-sweep/raw/lombard-broderick__neighbour_confirmation_count__1.json,
2026-09-18T00:13:14-0700,11c6577e3ce2b3c18bdd345dd31f84f1a5b651bd,lombard-broderick,neighbour_confirmation_count,2,s2/s2_sf_2_20260902093822_00003.pcap,05ba919df8d00872adac04ca09b5c6c29f42c1975b9aa2bc5dad57f612a903e5,0,120.0,1200,11,1.1s (at 10 Hz),True,0.9728194444444445,0.00027731486891241275,1,686.2575560726982,10.96,/Users/david/code/velocity.report/data/experiments/try/l3-settling-sweep/raw/lombard-broderick__neighbour_confirmation_count__2.json,
2026-09-18T00:13:25-0700,11c6577e3ce2b3c18bdd345dd31f84f1a5b651bd,lombard-broderick,neighbour_confirmation_count,4,s2/s2_sf_2_20260902093822_00003.pcap,05ba919df8d00872adac04ca09b5c6c29f42c1975b9aa2bc5dad57f612a903e5,0,120.0,1200,11,1.1s (at 10 Hz),True,0.972375,0.0001664673061733914,1,684.1579037579809,11.05,/Users/david/code/velocity.report/data/experiments/try/l3-settling-sweep/raw/lombard-broderick__neighbour_confirmation_count__4.json,
2026-09-18T00:13:36-0700,11c6577e3ce2b3c18bdd345dd31f84f1a5b651bd,lombard-broderick,neighbour_confirmation_count,5,s2/s2_sf_2_20260902093822_00003.pcap,05ba919df8d00872adac04ca09b5c6c29f42c1975b9aa2bc5dad57f612a903e5,0,120.0,1200,11,1.1s (at 10 Hz),True,0.9718333333333333,0.00017724860872435637,1,684.3902989767336,10.9,/Users/david/code/velocity.report/data/experiments/try/l3-settling-sweep/raw/lombard-broderick__neighbour_confirmation_count__5.json,
2026-09-18T00:13:47-0700,11c6577e3ce2b3c18bdd345dd31f84f1a5b651bd,lombard-laguna,_baseline,default,s2/s2_sf_2_20260902105830_00019.pcap,7f76cb4a1e38c62a44200b9ca915633b1d74f530b75b6ca591ceaeabf4c02999,0,120.0,1201,12,1.2s (at 10 Hz),True,0.9594166666666667,4.674995296969011e-06,1,705.86159124468,11.72,/Users/david/code/velocity.report/data/experiments/try/l3-settling-sweep/raw/lombard-laguna___baseline__default.json,
2026-09-18T00:13:59-0700,11c6577e3ce2b3c18bdd345dd31f84f1a5b651bd,lombard-laguna,closeness_multiplier,1.5,s2/s2_sf_2_20260902105830_00019.pcap,7f76cb4a1e38c62a44200b9ca915633b1d74f530b75b6ca591ceaeabf4c02999,0,120.0,1201,12,1.2s (at 10 Hz),True,0.9586944444444444,2.776480420884866e-06,1,687.4509749949294,11.13,/Users/david/code/velocity.report/data/experiments/try/l3-settling-sweep/raw/lombard-laguna__closeness_multiplier__1.5.json,
2026-09-18T00:14:11-0700,11c6577e3ce2b3c18bdd345dd31f84f1a5b651bd,lombard-laguna,closeness_multiplier,2.25,s2/s2_sf_2_20260902105830_00019.pcap,7f76cb4a1e38c62a44200b9ca915633b1d74f530b75b6ca591ceaeabf4c02999,0,120.0,1201,12,1.2s (at 10 Hz),True,0.9572916666666667,4.025173995415499e-06,1,705.650417120058,12.29,/Users/david/code/velocity.report/data/experiments/try/l3-settling-sweep/raw/lombard-laguna__closeness_multiplier__2.25.json,
2026-09-18T00:14:14-0700,11c6577e3ce2b3c18bdd345dd31f84f1a5b651bd,1st-mission,_baseline,default,s2/s2_sf_8_20260903141536_00006.pcap,63ff8d93dcb36ac36a550389dde2510b17385b8fa0e2317667dab495152a96b6,1,120.0,1200,12,1.2s (at 10 Hz),True,0.9760833333333333,0.0001564114764235767,1,545.7203676826318,16.54,/Users/david/code/velocity.report/data/experiments/try/l3-settling-sweep/raw/1st-mission___baseline__default__o1.json,
2026-09-18T00:14:23-0700,11c6577e3ce2b3c18bdd345dd31f84f1a5b651bd,lombard-laguna,closeness_multiplier,4.0,s2/s2_sf_2_20260902105830_00019.pcap,7f76cb4a1e38c62a44200b9ca915633b1d74f530b75b6ca591ceaeabf4c02999,0,120.0,1201,12,1.2s (at 10 Hz),True,0.9586805555555555,7.131643644920275e-05,1,720.5949003984064,12.39,/Users/david/code/velocity.report/data/experiments/try/l3-settling-sweep/raw/lombard-laguna__closeness_multiplier__4.0.json,
2026-09-18T00:14:27-0700,11c6577e3ce2b3c18bdd345dd31f84f1a5b651bd,1st-mission,closeness_multiplier,1.5,s2/s2_sf_8_20260903141536_00006.pcap,63ff8d93dcb36ac36a550389dde2510b17385b8fa0e2317667dab495152a96b6,1,120.0,1200,12,1.2s (at 10 Hz),True,0.9715,5.5354734865576606e-05,1,510.69603133756505,12.4,/Users/david/code/velocity.report/data/experiments/try/l3-settling-sweep/raw/1st-mission__closeness_multiplier__1.5__o1.json,
2026-09-18T00:14:36-0700,11c6577e3ce2b3c18bdd345dd31f84f1a5b651bd,lombard-laguna,closeness_multiplier,5.0,s2/s2_sf_2_20260902105830_00019.pcap,7f76cb4a1e38c62a44200b9ca915633b1d74f530b75b6ca591ceaeabf4c02999,0,120.0,1201,12,1.2s (at 10 Hz),True,0.9617361111111111,0.0001622291682955827,1,739.178655498592,12.22,/Users/david/code/velocity.report/data/experiments/try/l3-settling-sweep/raw/lombard-laguna__closeness_multiplier__5.0.json,
2026-09-18T00:14:39-0700,11c6577e3ce2b3c18bdd345dd31f84f1a5b651bd,1st-mission,closeness_multiplier,2.25,s2/s2_sf_8_20260903141536_00006.pcap,63ff8d93dcb36ac36a550389dde2510b17385b8fa0e2317667dab495152a96b6,1,120.0,1200,12,1.2s (at 10 Hz),True,0.9738194444444445,8.479005262994656e-05,1,517.8379661983884,12.33,/Users/david/code/velocity.report/data/experiments/try/l3-settling-sweep/raw/1st-mission__closeness_multiplier__2.25__o1.json,
2026-09-18T00:14:50-0700,11c6577e3ce2b3c18bdd345dd31f84f1a5b651bd,lombard-laguna,safety_margin_metres,0.05,s2/s2_sf_2_20260902105830_00019.pcap,7f76cb4a1e38c62a44200b9ca915633b1d74f530b75b6ca591ceaeabf4c02999,0,120.0,1201,12,1.2s (at 10 Hz),True,0.9588055555555556,1.2361102710208003e-05,1,721.7561636295159,14.39,/Users/david/code/velocity.report/data/experiments/try/l3-settling-sweep/raw/lombard-laguna__safety_margin_metres__0.05.json,
2026-09-18T00:14:54-0700,11c6577e3ce2b3c18bdd345dd31f84f1a5b651bd,1st-mission,closeness_multiplier,4.0,s2/s2_sf_8_20260903141536_00006.pcap,63ff8d93dcb36ac36a550389dde2510b17385b8fa0e2317667dab495152a96b6,1,120.0,1200,12,1.2s (at 10 Hz),True,0.9773055555555555,0.00032703664588328864,1,575.3889662621152,14.78,/Users/david/code/velocity.report/data/experiments/try/l3-settling-sweep/raw/1st-mission__closeness_multiplier__4.0__o1.json,
2026-09-18T00:15:02-0700,11c6577e3ce2b3c18bdd345dd31f84f1a5b651bd,lombard-laguna,safety_margin_metres,0.1,s2/s2_sf_2_20260902105830_00019.pcap,7f76cb4a1e38c62a44200b9ca915633b1d74f530b75b6ca591ceaeabf4c02999,0,120.0,1201,12,1.2s (at 10 Hz),True,0.9589166666666666,5.961620208426974e-06,1,694.8825787201993,12.26,/Users/david/code/velocity.report/data/experiments/try/l3-settling-sweep/raw/lombard-laguna__safety_margin_metres__0.1.json,
2026-09-18T00:15:06-0700,11c6577e3ce2b3c18bdd345dd31f84f1a5b651bd,1st-mission,closeness_multiplier,5.0,s2/s2_sf_8_20260903141536_00006.pcap,63ff8d93dcb36ac36a550389dde2510b17385b8fa0e2317667dab495152a96b6,1,120.0,1200,12,1.2s (at 10 Hz),True,0.9786805555555556,0.0007298741160774296,1,566.9194351805861,12.39,/Users/david/code/velocity.report/data/experiments/try/l3-settling-sweep/raw/1st-mission__closeness_multiplier__5.0__o1.json,
2026-09-18T00:15:15-0700,11c6577e3ce2b3c18bdd345dd31f84f1a5b651bd,lombard-laguna,safety_margin_metres,0.22,s2/s2_sf_2_20260902105830_00019.pcap,7f76cb4a1e38c62a44200b9ca915633b1d74f530b75b6ca591ceaeabf4c02999,0,120.0,1201,12,1.2s (at 10 Hz),True,0.9568888888888889,1.158034761762441e-05,1,717.4291540873201,12.44,/Users/david/code/velocity.report/data/experiments/try/l3-settling-sweep/raw/lombard-laguna__safety_margin_metres__0.22.json,
2026-09-18T00:15:19-0700,11c6577e3ce2b3c18bdd345dd31f84f1a5b651bd,1st-mission,safety_margin_metres,0.05,s2/s2_sf_8_20260903141536_00006.pcap,63ff8d93dcb36ac36a550389dde2510b17385b8fa0e2317667dab495152a96b6,1,120.0,1200,12,1.2s (at 10 Hz),True,0.9746944444444444,0.00013181432221902694,1,531.4511670324033,12.74,/Users/david/code/velocity.report/data/experiments/try/l3-settling-sweep/raw/1st-mission__safety_margin_metres__0.05__o1.json,
2026-09-18T00:15:27-0700,11c6577e3ce2b3c18bdd345dd31f84f1a5b651bd,lombard-laguna,safety_margin_metres,0.3,s2/s2_sf_2_20260902105830_00019.pcap,7f76cb4a1e38c62a44200b9ca915633b1d74f530b75b6ca591ceaeabf4c02999,0,120.0,1201,12,1.2s (at 10 Hz),True,0.9581111111111111,1.09665907149227e-05,1,720.8403252928215,12.6,/Users/david/code/velocity.report/data/experiments/try/l3-settling-sweep/raw/lombard-laguna__safety_margin_metres__0.3.json,
2026-09-18T00:15:32-0700,11c6577e3ce2b3c18bdd345dd31f84f1a5b651bd,1st-mission,safety_margin_metres,0.1,s2/s2_sf_8_20260903141536_00006.pcap,63ff8d93dcb36ac36a550389dde2510b17385b8fa0e2317667dab495152a96b6,1,120.0,1200,12,1.2s (at 10 Hz),True,0.9753888888888889,0.0001312681513050557,1,534.9784131685368,12.65,/Users/david/code/velocity.report/data/experiments/try/l3-settling-sweep/raw/1st-mission__safety_margin_metres__0.1__o1.json,
2026-09-18T00:15:42-0700,11c6577e3ce2b3c18bdd345dd31f84f1a5b651bd,lombard-laguna,noise_relative,0.005,s2/s2_sf_2_20260902105830_00019.pcap,7f76cb4a1e38c62a44200b9ca915633b1d74f530b75b6ca591ceaeabf4c02999,0,120.0,1201,12,1.2s (at 10 Hz),True,0.9557222222222223,4.033715914488133e-06,1,710.9225425797825,14.45,/Users/david/code/velocity.report/data/experiments/try/l3-settling-sweep/raw/lombard-laguna__noise_relative__0.005.json,
2026-09-18T00:15:46-0700,11c6577e3ce2b3c18bdd345dd31f84f1a5b651bd,1st-mission,safety_margin_metres,0.22,s2/s2_sf_8_20260903141536_00006.pcap,63ff8d93dcb36ac36a550389dde2510b17385b8fa0e2317667dab495152a96b6,1,120.0,1200,12,1.2s (at 10 Hz),True,0.9736527777777778,0.00013441564045141185,1,564.9041410495985,14.77,/Users/david/code/velocity.report/data/experiments/try/l3-settling-sweep/raw/1st-mission__safety_margin_metres__0.22__o1.json,
2026-09-18T00:15:54-0700,11c6577e3ce2b3c18bdd345dd31f84f1a5b651bd,lombard-laguna,noise_relative,0.01,s2/s2_sf_2_20260902105830_00019.pcap,7f76cb4a1e38c62a44200b9ca915633b1d74f530b75b6ca591ceaeabf4c02999,0,120.0,1201,12,1.2s (at 10 Hz),True,0.9556944444444444,3.7956398727296222e-06,1,690.5382793198663,12.53,/Users/david/code/velocity.report/data/experiments/try/l3-settling-sweep/raw/lombard-laguna__noise_relative__0.01.json,
2026-09-18T00:15:59-0700,11c6577e3ce2b3c18bdd345dd31f84f1a5b651bd,1st-mission,safety_margin_metres,0.3,s2/s2_sf_8_20260903141536_00006.pcap,63ff8d93dcb36ac36a550389dde2510b17385b8fa0e2317667dab495152a96b6,1,120.0,1200,12,1.2s (at 10 Hz),True,0.9759583333333334,0.00016098704785263832,1,545.996470705432,12.52,/Users/david/code/velocity.report/data/experiments/try/l3-settling-sweep/raw/1st-mission__safety_margin_metres__0.3__o1.json,
2026-09-18T00:16:07-0700,11c6577e3ce2b3c18bdd345dd31f84f1a5b651bd,lombard-laguna,noise_relative,0.035,s2/s2_sf_2_20260902105830_00019.pcap,7f76cb4a1e38c62a44200b9ca915633b1d74f530b75b6ca591ceaeabf4c02999,0,120.0,1201,12,1.2s (at 10 Hz),True,0.9604583333333333,6.16187049179419e-05,1,731.0569172704004,12.27,/Users/david/code/velocity.report/data/experiments/try/l3-settling-sweep/raw/lombard-laguna__noise_relative__0.035.json,
2026-09-18T00:16:12-0700,11c6577e3ce2b3c18bdd345dd31f84f1a5b651bd,1st-mission,noise_relative,0.005,s2/s2_sf_8_20260903141536_00006.pcap,63ff8d93dcb36ac36a550389dde2510b17385b8fa0e2317667dab495152a96b6,1,120.0,1200,12,1.2s (at 10 Hz),True,0.9693194444444444,7.949465831092856e-05,1,503.29490908569875,12.67,/Users/david/code/velocity.report/data/experiments/try/l3-settling-sweep/raw/1st-mission__noise_relative__0.005__o1.json,
2026-09-18T00:16:19-0700,11c6577e3ce2b3c18bdd345dd31f84f1a5b651bd,lombard-laguna,noise_relative,0.05,s2/s2_sf_2_20260902105830_00019.pcap,7f76cb4a1e38c62a44200b9ca915633b1d74f530b75b6ca591ceaeabf4c02999,0,120.0,1201,15,1.5s (at 10 Hz),True,0.965,0.00014245507860139107,1,767.5971646516983,12.75,/Users/david/code/velocity.report/data/experiments/try/l3-settling-sweep/raw/lombard-laguna__noise_relative__0.05.json,
2026-09-18T00:16:24-0700,11c6577e3ce2b3c18bdd345dd31f84f1a5b651bd,1st-mission,noise_relative,0.01,s2/s2_sf_8_20260903141536_00006.pcap,63ff8d93dcb36ac36a550389dde2510b17385b8fa0e2317667dab495152a96b6,1,120.0,1200,12,1.2s (at 10 Hz),True,0.9713888888888889,8.853539188799698e-05,1,512.3515298827566,12.42,/Users/david/code/velocity.report/data/experiments/try/l3-settling-sweep/raw/1st-mission__noise_relative__0.01__o1.json,
2026-09-18T00:16:32-0700,11c6577e3ce2b3c18bdd345dd31f84f1a5b651bd,lombard-laguna,neighbour_confirmation_count,1,s2/s2_sf_2_20260902105830_00019.pcap,7f76cb4a1e38c62a44200b9ca915633b1d74f530b75b6ca591ceaeabf4c02999,0,120.0,1201,303,30.3s (at 10 Hz),True,0.9645,0.0006406031317353257,1,729.7689505212834,12.36,/Users/david/code/velocity.report/data/experiments/try/l3-settling-sweep/raw/lombard-laguna__neighbour_confirmation_count__1.json,
2026-09-18T00:16:37-0700,11c6577e3ce2b3c18bdd345dd31f84f1a5b651bd,1st-mission,noise_relative,0.035,s2/s2_sf_8_20260903141536_00006.pcap,63ff8d93dcb36ac36a550389dde2510b17385b8fa0e2317667dab495152a96b6,1,120.0,1200,12,1.2s (at 10 Hz),True,0.9787777777777777,0.00032737781300063503,1,565.2653110455216,12.66,/Users/david/code/velocity.report/data/experiments/try/l3-settling-sweep/raw/1st-mission__noise_relative__0.035__o1.json,
2026-09-18T00:16:44-0700,11c6577e3ce2b3c18bdd345dd31f84f1a5b651bd,lombard-laguna,neighbour_confirmation_count,2,s2/s2_sf_2_20260902105830_00019.pcap,7f76cb4a1e38c62a44200b9ca915633b1d74f530b75b6ca591ceaeabf4c02999,0,120.0,1201,12,1.2s (at 10 Hz),True,0.9574722222222222,7.01297964519384e-05,1,709.9248455133599,12.31,/Users/david/code/velocity.report/data/experiments/try/l3-settling-sweep/raw/lombard-laguna__neighbour_confirmation_count__2.json,
2026-09-18T00:16:49-0700,11c6577e3ce2b3c18bdd345dd31f84f1a5b651bd,1st-mission,noise_relative,0.05,s2/s2_sf_8_20260903141536_00006.pcap,63ff8d93dcb36ac36a550389dde2510b17385b8fa0e2317667dab495152a96b6,1,120.0,1200,34,3.4s (at 10 Hz),True,0.9814027777777777,0.0007090634213310669,1,602.2536052419298,12.57,/Users/david/code/velocity.report/data/experiments/try/l3-settling-sweep/raw/1st-mission__noise_relative__0.05__o1.json,
2026-09-18T00:16:57-0700,11c6577e3ce2b3c18bdd345dd31f84f1a5b651bd,lombard-laguna,neighbour_confirmation_count,4,s2/s2_sf_2_20260902105830_00019.pcap,7f76cb4a1e38c62a44200b9ca915633b1d74f530b75b6ca591ceaeabf4c02999,0,120.0,1201,12,1.2s (at 10 Hz),True,0.9586805555555555,1.0829351461913784e-05,1,708.4448098515031,12.65,/Users/david/code/velocity.report/data/experiments/try/l3-settling-sweep/raw/lombard-laguna__neighbour_confirmation_count__4.json,
2026-09-18T00:17:02-0700,11c6577e3ce2b3c18bdd345dd31f84f1a5b651bd,1st-mission,neighbour_confirmation_count,1,s2/s2_sf_8_20260903141536_00006.pcap,63ff8d93dcb36ac36a550389dde2510b17385b8fa0e2317667dab495152a96b6,1,120.0,1200,-1,unknown,False,0.983875,0.002642383196464565,1,580.8120809158796,12.72,/Users/david/code/velocity.report/data/experiments/try/l3-settling-sweep/raw/1st-mission__neighbour_confirmation_count__1__o1.json,
2026-09-18T00:17:09-0700,11c6577e3ce2b3c18bdd345dd31f84f1a5b651bd,lombard-laguna,neighbour_confirmation_count,5,s2/s2_sf_2_20260902105830_00019.pcap,7f76cb4a1e38c62a44200b9ca915633b1d74f530b75b6ca591ceaeabf4c02999,0,120.0,1201,12,1.2s (at 10 Hz),True,0.9536388888888889,8.299281843279407e-06,1,703.2576388686609,12.1,/Users/david/code/velocity.report/data/experiments/try/l3-settling-sweep/raw/lombard-laguna__neighbour_confirmation_count__5.json,
2026-09-18T00:17:14-0700,11c6577e3ce2b3c18bdd345dd31f84f1a5b651bd,1st-mission,neighbour_confirmation_count,2,s2/s2_sf_8_20260903141536_00006.pcap,63ff8d93dcb36ac36a550389dde2510b17385b8fa0e2317667dab495152a96b6,1,120.0,1200,22,2.2s (at 10 Hz),True,0.9771944444444445,0.00040555291889916574,1,536.1524346911509,12.3,/Users/david/code/velocity.report/data/experiments/try/l3-settling-sweep/raw/1st-mission__neighbour_confirmation_count__2__o1.json,
2026-09-18T00:17:19-0700,11c6577e3ce2b3c18bdd345dd31f84f1a5b651bd,marina-broderick,_baseline,default,s2/s2_sf_2_20260902100324_00008.pcap,2c47606887cf5d89a1f909d1a5e6eb47e105242c3e0b657cb64e216d803df611,0,120.0,1200,601,60.1s (at 10 Hz),True,0.837625,9.282100632305315e-05,1,718.5268533718018,10.27,/Users/david/code/velocity.report/data/experiments/try/l3-settling-sweep/raw/marina-broderick___baseline__default.json,
2026-09-18T00:17:27-0700,11c6577e3ce2b3c18bdd345dd31f84f1a5b651bd,1st-mission,neighbour_confirmation_count,4,s2/s2_sf_8_20260903141536_00006.pcap,63ff8d93dcb36ac36a550389dde2510b17385b8fa0e2317667dab495152a96b6,1,120.0,1200,12,1.2s (at 10 Hz),True,0.9759305555555555,0.0001437145385702846,1,533.8341468968364,12.39,/Users/david/code/velocity.report/data/experiments/try/l3-settling-sweep/raw/1st-mission__neighbour_confirmation_count__4__o1.json,
2026-09-18T00:17:29-0700,11c6577e3ce2b3c18bdd345dd31f84f1a5b651bd,marina-broderick,closeness_multiplier,1.5,s2/s2_sf_2_20260902100324_00008.pcap,2c47606887cf5d89a1f909d1a5e6eb47e105242c3e0b657cb64e216d803df611,0,120.0,1200,610,61.0s (at 10 Hz),True,0.83075,5.208456123794385e-05,1,708.1795064700572,10.18,/Users/david/code/velocity.report/data/experiments/try/l3-settling-sweep/raw/marina-broderick__closeness_multiplier__1.5.json,
2026-09-18T00:17:41-0700,11c6577e3ce2b3c18bdd345dd31f84f1a5b651bd,marina-broderick,closeness_multiplier,2.25,s2/s2_sf_2_20260902100324_00008.pcap,2c47606887cf5d89a1f909d1a5e6eb47e105242c3e0b657cb64e216d803df611,0,120.0,1200,682,68.2s (at 10 Hz),True,0.8373194444444444,6.131584962031062e-05,1,724.784198915189,11.24,/Users/david/code/velocity.report/data/experiments/try/l3-settling-sweep/raw/marina-broderick__closeness_multiplier__2.25.json,
2026-09-18T00:17:41-0700,11c6577e3ce2b3c18bdd345dd31f84f1a5b651bd,1st-mission,neighbour_confirmation_count,5,s2/s2_sf_8_20260903141536_00006.pcap,63ff8d93dcb36ac36a550389dde2510b17385b8fa0e2317667dab495152a96b6,1,120.0,1200,12,1.2s (at 10 Hz),True,0.9748194444444445,0.00012333375178261803,1,552.5856782595067,14.0,/Users/david/code/velocity.report/data/experiments/try/l3-settling-sweep/raw/1st-mission__neighbour_confirmation_count__5__o1.json,
2026-09-18T00:17:51-0700,11c6577e3ce2b3c18bdd345dd31f84f1a5b651bd,marina-broderick,closeness_multiplier,4.0,s2/s2_sf_2_20260902100324_00008.pcap,2c47606887cf5d89a1f909d1a5e6eb47e105242c3e0b657cb64e216d803df611,0,120.0,1200,612,61.2s (at 10 Hz),True,0.8389861111111111,0.00016572901148843085,1,725.9598225371232,9.98,/Users/david/code/velocity.report/data/experiments/try/l3-settling-sweep/raw/marina-broderick__closeness_multiplier__4.0.json,
2026-09-18T00:17:54-0700,11c6577e3ce2b3c18bdd345dd31f84f1a5b651bd,3rd-folsom,_baseline,default,s2/s2_sf_8_20260903152541_00020.pcap,61bdbb1c81d8eaedbd8ec5dc24b461454d0b8292d62dc744572b56829dfab74a,1,120.0,1200,11,1.1s (at 10 Hz),True,0.9725416666666666,0.00014127142581345066,1,738.8757693900576,13.28,/Users/david/code/velocity.report/data/experiments/try/l3-settling-sweep/raw/3rd-folsom___baseline__default__o1.json,
2026-09-18T00:18:03-0700,11c6577e3ce2b3c18bdd345dd31f84f1a5b651bd,marina-broderick,closeness_multiplier,5.0,s2/s2_sf_2_20260902100324_00008.pcap,2c47606887cf5d89a1f909d1a5e6eb47e105242c3e0b657cb64e216d803df611,0,120.0,1200,502,50.2s (at 10 Hz),True,0.8409166666666666,0.00035727568505448715,1,762.0319922042744,12.16,/Users/david/code/velocity.report/data/experiments/try/l3-settling-sweep/raw/marina-broderick__closeness_multiplier__5.0.json,
2026-09-18T00:18:08-0700,11c6577e3ce2b3c18bdd345dd31f84f1a5b651bd,3rd-folsom,closeness_multiplier,1.5,s2/s2_sf_8_20260903152541_00020.pcap,61bdbb1c81d8eaedbd8ec5dc24b461454d0b8292d62dc744572b56829dfab74a,1,120.0,1200,11,1.1s (at 10 Hz),True,0.9699444444444445,5.51910283956733e-05,1,724.4516868090956,13.82,/Users/david/code/velocity.report/data/experiments/try/l3-settling-sweep/raw/3rd-folsom__closeness_multiplier__1.5__o1.json,
2026-09-18T00:18:15-0700,11c6577e3ce2b3c18bdd345dd31f84f1a5b651bd,marina-broderick,safety_margin_metres,0.05,s2/s2_sf_2_20260902100324_00008.pcap,2c47606887cf5d89a1f909d1a5e6eb47e105242c3e0b657cb64e216d803df611,0,120.0,1200,602,60.2s (at 10 Hz),True,0.8374583333333333,9.382338038392022e-05,1,739.2841600742989,12.35,/Users/david/code/velocity.report/data/experiments/try/l3-settling-sweep/raw/marina-broderick__safety_margin_metres__0.05.json,
2026-09-18T00:18:22-0700,11c6577e3ce2b3c18bdd345dd31f84f1a5b651bd,3rd-folsom,closeness_multiplier,2.25,s2/s2_sf_8_20260903152541_00020.pcap,61bdbb1c81d8eaedbd8ec5dc24b461454d0b8292d62dc744572b56829dfab74a,1,120.0,1200,11,1.1s (at 10 Hz),True,0.9696388888888889,9.109845953635266e-05,1,737.2229209041167,13.87,/Users/david/code/velocity.report/data/experiments/try/l3-settling-sweep/raw/3rd-folsom__closeness_multiplier__2.25__o1.json,
2026-09-18T00:18:26-0700,11c6577e3ce2b3c18bdd345dd31f84f1a5b651bd,marina-broderick,safety_margin_metres,0.1,s2/s2_sf_2_20260902100324_00008.pcap,2c47606887cf5d89a1f909d1a5e6eb47e105242c3e0b657cb64e216d803df611,0,120.0,1200,563,56.3s (at 10 Hz),True,0.8377916666666667,8.648288799693899e-05,1,723.1977255018982,10.87,/Users/david/code/velocity.report/data/experiments/try/l3-settling-sweep/raw/marina-broderick__safety_margin_metres__0.1.json,
2026-09-18T00:18:36-0700,11c6577e3ce2b3c18bdd345dd31f84f1a5b651bd,3rd-folsom,closeness_multiplier,4.0,s2/s2_sf_8_20260903152541_00020.pcap,61bdbb1c81d8eaedbd8ec5dc24b461454d0b8292d62dc744572b56829dfab74a,1,120.0,1200,11,1.1s (at 10 Hz),True,0.9749583333333334,0.000202604126178837,1,768.2424889952562,14.21,/Users/david/code/velocity.report/data/experiments/try/l3-settling-sweep/raw/3rd-folsom__closeness_multiplier__4.0__o1.json,
2026-09-18T00:18:38-0700,11c6577e3ce2b3c18bdd345dd31f84f1a5b651bd,marina-broderick,safety_margin_metres,0.22,s2/s2_sf_2_20260902100324_00008.pcap,2c47606887cf5d89a1f909d1a5e6eb47e105242c3e0b657cb64e216d803df611,0,120.0,1200,611,61.1s (at 10 Hz),True,0.8392222222222222,0.00010115170716207564,1,731.9943565470674,11.8,/Users/david/code/velocity.report/data/experiments/try/l3-settling-sweep/raw/marina-broderick__safety_margin_metres__0.22.json,
2026-09-18T00:18:50-0700,11c6577e3ce2b3c18bdd345dd31f84f1a5b651bd,marina-broderick,safety_margin_metres,0.3,s2/s2_sf_2_20260902100324_00008.pcap,2c47606887cf5d89a1f909d1a5e6eb47e105242c3e0b657cb64e216d803df611,0,120.0,1200,589,58.9s (at 10 Hz),True,0.8394583333333333,9.491718910726724e-05,1,742.0103902979765,12.24,/Users/david/code/velocity.report/data/experiments/try/l3-settling-sweep/raw/marina-broderick__safety_margin_metres__0.3.json,
2026-09-18T00:18:51-0700,11c6577e3ce2b3c18bdd345dd31f84f1a5b651bd,3rd-folsom,closeness_multiplier,5.0,s2/s2_sf_8_20260903152541_00020.pcap,61bdbb1c81d8eaedbd8ec5dc24b461454d0b8292d62dc744572b56829dfab74a,1,120.0,1200,11,1.1s (at 10 Hz),True,0.9768611111111111,0.0003564203232424555,1,796.7980635254642,15.04,/Users/david/code/velocity.report/data/experiments/try/l3-settling-sweep/raw/3rd-folsom__closeness_multiplier__5.0__o1.json,
2026-09-18T00:19:01-0700,11c6577e3ce2b3c18bdd345dd31f84f1a5b651bd,marina-broderick,noise_relative,0.005,s2/s2_sf_2_20260902100324_00008.pcap,2c47606887cf5d89a1f909d1a5e6eb47e105242c3e0b657cb64e216d803df611,0,120.0,1200,874,87.4s (at 10 Hz),True,0.8276388888888889,4.743402552645435e-05,1,710.9268333613022,10.86,/Users/david/code/velocity.report/data/experiments/try/l3-settling-sweep/raw/marina-broderick__noise_relative__0.005.json,
2026-09-18T00:19:05-0700,11c6577e3ce2b3c18bdd345dd31f84f1a5b651bd,3rd-folsom,safety_margin_metres,0.05,s2/s2_sf_8_20260903152541_00020.pcap,61bdbb1c81d8eaedbd8ec5dc24b461454d0b8292d62dc744572b56829dfab74a,1,120.0,1200,11,1.1s (at 10 Hz),True,0.9708194444444445,0.00012809056842078196,1,746.4042260976552,14.11,/Users/david/code/velocity.report/data/experiments/try/l3-settling-sweep/raw/3rd-folsom__safety_margin_metres__0.05__o1.json,
2026-09-18T00:19:12-0700,11c6577e3ce2b3c18bdd345dd31f84f1a5b651bd,marina-broderick,noise_relative,0.01,s2/s2_sf_2_20260902100324_00008.pcap,2c47606887cf5d89a1f909d1a5e6eb47e105242c3e0b657cb64e216d803df611,0,120.0,1200,717,71.7s (at 10 Hz),True,0.8325833333333333,6.172287988215481e-05,1,716.6648984085678,10.8,/Users/david/code/velocity.report/data/experiments/try/l3-settling-sweep/raw/marina-broderick__noise_relative__0.01.json,
2026-09-18T00:19:18-0700,11c6577e3ce2b3c18bdd345dd31f84f1a5b651bd,3rd-folsom,safety_margin_metres,0.1,s2/s2_sf_8_20260903152541_00020.pcap,61bdbb1c81d8eaedbd8ec5dc24b461454d0b8292d62dc744572b56829dfab74a,1,120.0,1200,11,1.1s (at 10 Hz),True,0.9725833333333334,0.0001413510082342855,1,731.0356439036929,12.32,/Users/david/code/velocity.report/data/experiments/try/l3-settling-sweep/raw/3rd-folsom__safety_margin_metres__0.1__o1.json,
2026-09-18T00:19:22-0700,11c6577e3ce2b3c18bdd345dd31f84f1a5b651bd,marina-broderick,noise_relative,0.035,s2/s2_sf_2_20260902100324_00008.pcap,2c47606887cf5d89a1f909d1a5e6eb47e105242c3e0b657cb64e216d803df611,0,120.0,1200,622,62.2s (at 10 Hz),True,0.8401111111111111,0.0001843494303258622,1,739.6332661023674,10.08,/Users/david/code/velocity.report/data/experiments/try/l3-settling-sweep/raw/marina-broderick__noise_relative__0.035.json,
2026-09-18T00:19:30-0700,11c6577e3ce2b3c18bdd345dd31f84f1a5b651bd,3rd-folsom,safety_margin_metres,0.22,s2/s2_sf_8_20260903152541_00020.pcap,61bdbb1c81d8eaedbd8ec5dc24b461454d0b8292d62dc744572b56829dfab74a,1,120.0,1200,11,1.1s (at 10 Hz),True,0.9728055555555556,0.00014487341772821298,1,746.2294337683104,12.8,/Users/david/code/velocity.report/data/experiments/try/l3-settling-sweep/raw/3rd-folsom__safety_margin_metres__0.22__o1.json,
2026-09-18T00:19:32-0700,11c6577e3ce2b3c18bdd345dd31f84f1a5b651bd,marina-broderick,noise_relative,0.05,s2/s2_sf_2_20260902100324_00008.pcap,2c47606887cf5d89a1f909d1a5e6eb47e105242c3e0b657cb64e216d803df611,0,120.0,1200,504,50.4s (at 10 Hz),True,0.8418472222222222,0.0003131800008777889,1,757.3351426261693,10.12,/Users/david/code/velocity.report/data/experiments/try/l3-settling-sweep/raw/marina-broderick__noise_relative__0.05.json,
2026-09-18T00:19:42-0700,11c6577e3ce2b3c18bdd345dd31f84f1a5b651bd,marina-broderick,neighbour_confirmation_count,1,s2/s2_sf_2_20260902100324_00008.pcap,2c47606887cf5d89a1f909d1a5e6eb47e105242c3e0b657cb64e216d803df611,0,120.0,1200,506,50.6s (at 10 Hz),True,0.8434166666666667,0.001348029422126365,1,739.9248427362251,10.25,/Users/david/code/velocity.report/data/experiments/try/l3-settling-sweep/raw/marina-broderick__neighbour_confirmation_count__1.json,
2026-09-18T00:19:43-0700,11c6577e3ce2b3c18bdd345dd31f84f1a5b651bd,3rd-folsom,safety_margin_metres,0.3,s2/s2_sf_8_20260903152541_00020.pcap,61bdbb1c81d8eaedbd8ec5dc24b461454d0b8292d62dc744572b56829dfab74a,1,120.0,1200,11,1.1s (at 10 Hz),True,0.9740972222222222,0.00014739431596493292,1,752.9681899194411,12.91,/Users/david/code/velocity.report/data/experiments/try/l3-settling-sweep/raw/3rd-folsom__safety_margin_metres__0.3__o1.json,
2026-09-18T00:19:52-0700,11c6577e3ce2b3c18bdd345dd31f84f1a5b651bd,marina-broderick,neighbour_confirmation_count,2,s2/s2_sf_2_20260902100324_00008.pcap,2c47606887cf5d89a1f909d1a5e6eb47e105242c3e0b657cb64e216d803df611,0,120.0,1200,601,60.1s (at 10 Hz),True,0.83825,0.00019807693512685187,1,721.2713821784803,10.07,/Users/david/code/velocity.report/data/experiments/try/l3-settling-sweep/raw/marina-broderick__neighbour_confirmation_count__2.json,
2026-09-18T00:19:56-0700,11c6577e3ce2b3c18bdd345dd31f84f1a5b651bd,3rd-folsom,noise_relative,0.005,s2/s2_sf_8_20260903152541_00020.pcap,61bdbb1c81d8eaedbd8ec5dc24b461454d0b8292d62dc744572b56829dfab74a,1,120.0,1200,11,1.1s (at 10 Hz),True,0.96975,8.100347452485167e-05,1,691.0173154593108,12.51,/Users/david/code/velocity.report/data/experiments/try/l3-settling-sweep/raw/3rd-folsom__noise_relative__0.005__o1.json,
2026-09-18T00:20:03-0700,11c6577e3ce2b3c18bdd345dd31f84f1a5b651bd,marina-broderick,neighbour_confirmation_count,4,s2/s2_sf_2_20260902100324_00008.pcap,2c47606887cf5d89a1f909d1a5e6eb47e105242c3e0b657cb64e216d803df611,0,120.0,1200,623,62.3s (at 10 Hz),True,0.8374444444444444,8.943499731821367e-05,1,721.4445734377073,10.07,/Users/david/code/velocity.report/data/experiments/try/l3-settling-sweep/raw/marina-broderick__neighbour_confirmation_count__4.json,
2026-09-18T00:20:09-0700,11c6577e3ce2b3c18bdd345dd31f84f1a5b651bd,3rd-folsom,noise_relative,0.01,s2/s2_sf_8_20260903152541_00020.pcap,61bdbb1c81d8eaedbd8ec5dc24b461454d0b8292d62dc744572b56829dfab74a,1,120.0,1200,11,1.1s (at 10 Hz),True,0.9714305555555556,8.76727600243079e-05,1,711.6535178645469,12.89,/Users/david/code/velocity.report/data/experiments/try/l3-settling-sweep/raw/3rd-folsom__noise_relative__0.01__o1.json,
2026-09-18T00:20:14-0700,11c6577e3ce2b3c18bdd345dd31f84f1a5b651bd,marina-broderick,neighbour_confirmation_count,5,s2/s2_sf_2_20260902100324_00008.pcap,2c47606887cf5d89a1f909d1a5e6eb47e105242c3e0b657cb64e216d803df611,0,120.0,1200,568,56.8s (at 10 Hz),True,0.8377777777777777,9.062764098508338e-05,1,730.5822446949602,11.64,/Users/david/code/velocity.report/data/experiments/try/l3-settling-sweep/raw/marina-broderick__neighbour_confirmation_count__5.json,
2026-09-18T00:20:23-0700,11c6577e3ce2b3c18bdd345dd31f84f1a5b651bd,3rd-folsom,noise_relative,0.035,s2/s2_sf_8_20260903152541_00020.pcap,61bdbb1c81d8eaedbd8ec5dc24b461454d0b8292d62dc744572b56829dfab74a,1,120.0,1200,11,1.1s (at 10 Hz),True,0.9751805555555556,0.0002448404337954556,1,775.7327417999516,13.79,/Users/david/code/velocity.report/data/experiments/try/l3-settling-sweep/raw/3rd-folsom__noise_relative__0.035__o1.json,
2026-09-18T00:20:25-0700,11c6577e3ce2b3c18bdd345dd31f84f1a5b651bd,marina-webster-beach,_baseline,default,s2/s2_sf_2_20260902102827_00013.pcap,698d2bcd123707097ed0105ee48456b81c77ba3ecceaf39e688547bcb875767e,0,120.0,1201,550,55.0s (at 10 Hz),True,0.8165694444444445,0.00011995240438761776,1,731.7203238480771,10.79,/Users/david/code/velocity.report/data/experiments/try/l3-settling-sweep/raw/marina-webster-beach___baseline__default.json,
2026-09-18T00:20:35-0700,11c6577e3ce2b3c18bdd345dd31f84f1a5b651bd,3rd-folsom,noise_relative,0.05,s2/s2_sf_8_20260903152541_00020.pcap,61bdbb1c81d8eaedbd8ec5dc24b461454d0b8292d62dc744572b56829dfab74a,1,120.0,1200,11,1.1s (at 10 Hz),True,0.9797777777777777,0.0003773270939375311,1,782.1067135404853,12.51,/Users/david/code/velocity.report/data/experiments/try/l3-settling-sweep/raw/3rd-folsom__noise_relative__0.05__o1.json,
2026-09-18T00:20:35-0700,11c6577e3ce2b3c18bdd345dd31f84f1a5b651bd,marina-webster-beach,closeness_multiplier,1.5,s2/s2_sf_2_20260902102827_00013.pcap,698d2bcd123707097ed0105ee48456b81c77ba3ecceaf39e688547bcb875767e,0,120.0,1201,584,58.4s (at 10 Hz),True,0.8152361111111112,7.443811474110223e-05,1,694.8498901136344,10.25,/Users/david/code/velocity.report/data/experiments/try/l3-settling-sweep/raw/marina-webster-beach__closeness_multiplier__1.5.json,
2026-09-18T00:20:47-0700,11c6577e3ce2b3c18bdd345dd31f84f1a5b651bd,marina-webster-beach,closeness_multiplier,2.25,s2/s2_sf_2_20260902102827_00013.pcap,698d2bcd123707097ed0105ee48456b81c77ba3ecceaf39e688547bcb875767e,0,120.0,1201,558,55.8s (at 10 Hz),True,0.8158472222222222,0.00014991901486554465,1,740.3050680104186,11.35,/Users/david/code/velocity.report/data/experiments/try/l3-settling-sweep/raw/marina-webster-beach__closeness_multiplier__2.25.json,
2026-09-18T00:20:49-0700,11c6577e3ce2b3c18bdd345dd31f84f1a5b651bd,3rd-folsom,neighbour_confirmation_count,1,s2/s2_sf_8_20260903152541_00020.pcap,61bdbb1c81d8eaedbd8ec5dc24b461454d0b8292d62dc744572b56829dfab74a,1,120.0,1200,339,33.9s (at 10 Hz),True,0.9772916666666667,0.0009195886169179929,1,782.5915867263554,14.06,/Users/david/code/velocity.report/data/experiments/try/l3-settling-sweep/raw/3rd-folsom__neighbour_confirmation_count__1__o1.json,
2026-09-18T00:20:58-0700,11c6577e3ce2b3c18bdd345dd31f84f1a5b651bd,marina-webster-beach,closeness_multiplier,4.0,s2/s2_sf_2_20260902102827_00013.pcap,698d2bcd123707097ed0105ee48456b81c77ba3ecceaf39e688547bcb875767e,0,120.0,1201,391,39.1s (at 10 Hz),True,0.8180416666666667,0.00018476392986450653,1,752.4131988658551,11.59,/Users/david/code/velocity.report/data/experiments/try/l3-settling-sweep/raw/marina-webster-beach__closeness_multiplier__4.0.json,
2026-09-18T00:21:03-0700,11c6577e3ce2b3c18bdd345dd31f84f1a5b651bd,3rd-folsom,neighbour_confirmation_count,2,s2/s2_sf_8_20260903152541_00020.pcap,61bdbb1c81d8eaedbd8ec5dc24b461454d0b8292d62dc744572b56829dfab74a,1,120.0,1200,11,1.1s (at 10 Hz),True,0.9733472222222223,0.00024805010218336776,1,738.2158644996504,13.3,/Users/david/code/velocity.report/data/experiments/try/l3-settling-sweep/raw/3rd-folsom__neighbour_confirmation_count__2__o1.json,
2026-09-18T00:21:08-0700,11c6577e3ce2b3c18bdd345dd31f84f1a5b651bd,marina-webster-beach,closeness_multiplier,5.0,s2/s2_sf_2_20260902102827_00013.pcap,698d2bcd123707097ed0105ee48456b81c77ba3ecceaf39e688547bcb875767e,0,120.0,1201,266,26.6s (at 10 Hz),True,0.8173055555555555,0.0002007124010550786,1,762.7061822383849,10.08,/Users/david/code/velocity.report/data/experiments/try/l3-settling-sweep/raw/marina-webster-beach__closeness_multiplier__5.0.json,
2026-09-18T00:21:15-0700,11c6577e3ce2b3c18bdd345dd31f84f1a5b651bd,3rd-folsom,neighbour_confirmation_count,4,s2/s2_sf_8_20260903152541_00020.pcap,61bdbb1c81d8eaedbd8ec5dc24b461454d0b8292d62dc744572b56829dfab74a,1,120.0,1200,11,1.1s (at 10 Hz),True,0.9740972222222222,0.00014274775161227758,1,735.6713338561347,12.34,/Users/david/code/velocity.report/data/experiments/try/l3-settling-sweep/raw/3rd-folsom__neighbour_confirmation_count__4__o1.json,
2026-09-18T00:21:19-0700,11c6577e3ce2b3c18bdd345dd31f84f1a5b651bd,marina-webster-beach,safety_margin_metres,0.05,s2/s2_sf_2_20260902102827_00013.pcap,698d2bcd123707097ed0105ee48456b81c77ba3ecceaf39e688547bcb875767e,0,120.0,1201,583,58.3s (at 10 Hz),True,0.81675,0.00015709683042280223,1,719.7825562017481,10.66,/Users/david/code/velocity.report/data/experiments/try/l3-settling-sweep/raw/marina-webster-beach__safety_margin_metres__0.05.json,
2026-09-18T00:21:28-0700,11c6577e3ce2b3c18bdd345dd31f84f1a5b651bd,3rd-folsom,neighbour_confirmation_count,5,s2/s2_sf_8_20260903152541_00020.pcap,61bdbb1c81d8eaedbd8ec5dc24b461454d0b8292d62dc744572b56829dfab74a,1,120.0,1200,11,1.1s (at 10 Hz),True,0.9707916666666667,0.00013709984162827774,1,743.0590583286836,13.16,/Users/david/code/velocity.report/data/experiments/try/l3-settling-sweep/raw/3rd-folsom__neighbour_confirmation_count__5__o1.json,
2026-09-18T00:21:31-0700,11c6577e3ce2b3c18bdd345dd31f84f1a5b651bd,marina-webster-beach,safety_margin_metres,0.1,s2/s2_sf_2_20260902102827_00013.pcap,698d2bcd123707097ed0105ee48456b81c77ba3ecceaf39e688547bcb875767e,0,120.0,1201,583,58.3s (at 10 Hz),True,0.81675,0.00019463283648921638,1,728.848824949835,11.48,/Users/david/code/velocity.report/data/experiments/try/l3-settling-sweep/raw/marina-webster-beach__safety_margin_metres__0.1.json,
2026-09-18T00:21:41-0700,11c6577e3ce2b3c18bdd345dd31f84f1a5b651bd,marina-webster-beach,safety_margin_metres,0.22,s2/s2_sf_2_20260902102827_00013.pcap,698d2bcd123707097ed0105ee48456b81c77ba3ecceaf39e688547bcb875767e,0,120.0,1201,478,47.8s (at 10 Hz),True,0.8170694444444444,0.00012257602071861928,1,730.0246987030206,10.24,/Users/david/code/velocity.report/data/experiments/try/l3-settling-sweep/raw/marina-webster-beach__safety_margin_metres__0.22.json,
2026-09-18T00:21:42-0700,11c6577e3ce2b3c18bdd345dd31f84f1a5b651bd,broadway-gough,_baseline,default,s2/s2-1_20260901151357_00030.pcap,f07efa3dff199600ae14fb388f79b2819b12d66119fdf812dbba35f7db467700,1,120.0,1200,12,1.2s (at 10 Hz),True,0.9692083333333333,9.871783486775054e-05,1,858.3254517575914,13.79,/Users/david/code/velocity.report/data/experiments/try/l3-settling-sweep/raw/broadway-gough___baseline__default__o1.json,
2026-09-18T00:21:51-0700,11c6577e3ce2b3c18bdd345dd31f84f1a5b651bd,marina-webster-beach,safety_margin_metres,0.3,s2/s2_sf_2_20260902102827_00013.pcap,698d2bcd123707097ed0105ee48456b81c77ba3ecceaf39e688547bcb875767e,0,120.0,1201,441,44.1s (at 10 Hz),True,0.8163055555555555,0.00012109307170078535,1,732.3602783543744,9.98,/Users/david/code/velocity.report/data/experiments/try/l3-settling-sweep/raw/marina-webster-beach__safety_margin_metres__0.3.json,
2026-09-18T00:21:54-0700,11c6577e3ce2b3c18bdd345dd31f84f1a5b651bd,broadway-gough,closeness_multiplier,1.5,s2/s2-1_20260901151357_00030.pcap,f07efa3dff199600ae14fb388f79b2819b12d66119fdf812dbba35f7db467700,1,120.0,1200,11,1.1s (at 10 Hz),True,0.9695,5.030919186509734e-05,1,827.2626353790614,12.32,/Users/david/code/velocity.report/data/experiments/try/l3-settling-sweep/raw/broadway-gough__closeness_multiplier__1.5__o1.json,
2026-09-18T00:22:01-0700,11c6577e3ce2b3c18bdd345dd31f84f1a5b651bd,marina-webster-beach,noise_relative,0.005,s2/s2_sf_2_20260902102827_00013.pcap,698d2bcd123707097ed0105ee48456b81c77ba3ecceaf39e688547bcb875767e,0,120.0,1201,608,60.8s (at 10 Hz),True,0.808875,4.550099167006603e-05,1,682.0970827108982,10.05,/Users/david/code/velocity.report/data/experiments/try/l3-settling-sweep/raw/marina-webster-beach__noise_relative__0.005.json,
2026-09-18T00:22:07-0700,11c6577e3ce2b3c18bdd345dd31f84f1a5b651bd,broadway-gough,closeness_multiplier,2.25,s2/s2-1_20260901151357_00030.pcap,f07efa3dff199600ae14fb388f79b2819b12d66119fdf812dbba35f7db467700,1,120.0,1200,12,1.2s (at 10 Hz),True,0.9693472222222222,6.187768765097817e-05,1,838.0817130657803,12.42,/Users/david/code/velocity.report/data/experiments/try/l3-settling-sweep/raw/broadway-gough__closeness_multiplier__2.25__o1.json,
2026-09-18T00:22:11-0700,11c6577e3ce2b3c18bdd345dd31f84f1a5b651bd,marina-webster-beach,noise_relative,0.01,s2/s2_sf_2_20260902102827_00013.pcap,698d2bcd123707097ed0105ee48456b81c77ba3ecceaf39e688547bcb875767e,0,120.0,1201,571,57.1s (at 10 Hz),True,0.8145833333333333,7.601092366671597e-05,1,694.6640409207162,10.23,/Users/david/code/velocity.report/data/experiments/try/l3-settling-sweep/raw/marina-webster-beach__noise_relative__0.01.json,
2026-09-18T00:22:19-0700,11c6577e3ce2b3c18bdd345dd31f84f1a5b651bd,broadway-gough,closeness_multiplier,4.0,s2/s2-1_20260901151357_00030.pcap,f07efa3dff199600ae14fb388f79b2819b12d66119fdf812dbba35f7db467700,1,120.0,1200,11,1.1s (at 10 Hz),True,0.9705972222222222,0.0001390846999207576,1,848.8186826552953,12.05,/Users/david/code/velocity.report/data/experiments/try/l3-settling-sweep/raw/broadway-gough__closeness_multiplier__4.0__o1.json,
2026-09-18T00:22:21-0700,11c6577e3ce2b3c18bdd345dd31f84f1a5b651bd,marina-webster-beach,noise_relative,0.035,s2/s2_sf_2_20260902102827_00013.pcap,698d2bcd123707097ed0105ee48456b81c77ba3ecceaf39e688547bcb875767e,0,120.0,1201,257,25.7s (at 10 Hz),True,0.8174722222222223,0.00018590345665737932,1,750.147150769649,9.84,/Users/david/code/velocity.report/data/experiments/try/l3-settling-sweep/raw/marina-webster-beach__noise_relative__0.035.json,
2026-09-18T00:22:32-0700,11c6577e3ce2b3c18bdd345dd31f84f1a5b651bd,broadway-gough,closeness_multiplier,5.0,s2/s2-1_20260901151357_00030.pcap,f07efa3dff199600ae14fb388f79b2819b12d66119fdf812dbba35f7db467700,1,120.0,1200,11,1.1s (at 10 Hz),True,0.9720694444444444,0.00020528320122100175,1,879.6579605366558,13.36,/Users/david/code/velocity.report/data/experiments/try/l3-settling-sweep/raw/broadway-gough__closeness_multiplier__5.0__o1.json,
2026-09-18T00:22:32-0700,11c6577e3ce2b3c18bdd345dd31f84f1a5b651bd,marina-webster-beach,noise_relative,0.05,s2/s2_sf_2_20260902102827_00013.pcap,698d2bcd123707097ed0105ee48456b81c77ba3ecceaf39e688547bcb875767e,0,120.0,1201,186,18.6s (at 10 Hz),True,0.8196805555555555,0.00023852694435428433,1,812.7197248250504,11.2,/Users/david/code/velocity.report/data/experiments/try/l3-settling-sweep/raw/marina-webster-beach__noise_relative__0.05.json,
2026-09-18T00:22:42-0700,11c6577e3ce2b3c18bdd345dd31f84f1a5b651bd,marina-webster-beach,neighbour_confirmation_count,1,s2/s2_sf_2_20260902102827_00013.pcap,698d2bcd123707097ed0105ee48456b81c77ba3ecceaf39e688547bcb875767e,0,120.0,1201,836,83.6s (at 10 Hz),True,0.8204305555555556,0.0004474760972742758,1,766.4489512620406,10.17,/Users/david/code/velocity.report/data/experiments/try/l3-settling-sweep/raw/marina-webster-beach__neighbour_confirmation_count__1.json,
2026-09-18T00:22:45-0700,11c6577e3ce2b3c18bdd345dd31f84f1a5b651bd,broadway-gough,safety_margin_metres,0.05,s2/s2-1_20260901151357_00030.pcap,f07efa3dff199600ae14fb388f79b2819b12d66119fdf812dbba35f7db467700,1,120.0,1200,12,1.2s (at 10 Hz),True,0.9693611111111111,8.592303878927574e-05,1,841.8830271943146,12.41,/Users/david/code/velocity.report/data/experiments/try/l3-settling-sweep/raw/broadway-gough__safety_margin_metres__0.05__o1.json,
2026-09-18T00:22:53-0700,11c6577e3ce2b3c18bdd345dd31f84f1a5b651bd,marina-webster-beach,neighbour_confirmation_count,2,s2/s2_sf_2_20260902102827_00013.pcap,698d2bcd123707097ed0105ee48456b81c77ba3ecceaf39e688547bcb875767e,0,120.0,1201,419,41.9s (at 10 Hz),True,0.8175833333333333,0.00018856749514763527,1,733.5603404342065,10.38,/Users/david/code/velocity.report/data/experiments/try/l3-settling-sweep/raw/marina-webster-beach__neighbour_confirmation_count__2.json,
2026-09-18T00:22:57-0700,11c6577e3ce2b3c18bdd345dd31f84f1a5b651bd,broadway-gough,safety_margin_metres,0.1,s2/s2-1_20260901151357_00030.pcap,f07efa3dff199600ae14fb388f79b2819b12d66119fdf812dbba35f7db467700,1,120.0,1200,12,1.2s (at 10 Hz),True,0.9694861111111112,9.304938000397837e-05,1,853.3571622996146,12.78,/Users/david/code/velocity.report/data/experiments/try/l3-settling-sweep/raw/broadway-gough__safety_margin_metres__0.1__o1.json,
2026-09-18T00:23:03-0700,11c6577e3ce2b3c18bdd345dd31f84f1a5b651bd,marina-webster-beach,neighbour_confirmation_count,4,s2/s2_sf_2_20260902102827_00013.pcap,698d2bcd123707097ed0105ee48456b81c77ba3ecceaf39e688547bcb875767e,0,120.0,1201,565,56.5s (at 10 Hz),True,0.8153472222222222,0.00011936281804151159,1,715.3454390597053,10.16,/Users/david/code/velocity.report/data/experiments/try/l3-settling-sweep/raw/marina-webster-beach__neighbour_confirmation_count__4.json,
2026-09-18T00:23:09-0700,11c6577e3ce2b3c18bdd345dd31f84f1a5b651bd,broadway-gough,safety_margin_metres,0.22,s2/s2-1_20260901151357_00030.pcap,f07efa3dff199600ae14fb388f79b2819b12d66119fdf812dbba35f7db467700,1,120.0,1200,12,1.2s (at 10 Hz),True,0.9703888888888889,0.0001035441136711068,1,843.2000629758974,12.15,/Users/david/code/velocity.report/data/experiments/try/l3-settling-sweep/raw/broadway-gough__safety_margin_metres__0.22__o1.json,
2026-09-18T00:23:13-0700,11c6577e3ce2b3c18bdd345dd31f84f1a5b651bd,marina-webster-beach,neighbour_confirmation_count,5,s2/s2_sf_2_20260902102827_00013.pcap,698d2bcd123707097ed0105ee48456b81c77ba3ecceaf39e688547bcb875767e,0,120.0,1201,565,56.5s (at 10 Hz),True,0.8155,0.00011962147093274527,1,717.9516145514,10.12,/Users/david/code/velocity.report/data/experiments/try/l3-settling-sweep/raw/marina-webster-beach__neighbour_confirmation_count__5.json,
2026-09-18T00:23:22-0700,11c6577e3ce2b3c18bdd345dd31f84f1a5b651bd,broadway-gough,safety_margin_metres,0.3,s2/s2-1_20260901151357_00030.pcap,f07efa3dff199600ae14fb388f79b2819b12d66119fdf812dbba35f7db467700,1,120.0,1200,12,1.2s (at 10 Hz),True,0.9708194444444445,0.00011329320711915417,1,861.0372251391293,12.86,/Users/david/code/velocity.report/data/experiments/try/l3-settling-sweep/raw/broadway-gough__safety_margin_metres__0.3__o1.json,
2026-09-18T00:23:27-0700,11c6577e3ce2b3c18bdd345dd31f84f1a5b651bd,pierce-haight,_baseline,default,s2/s2-1_20260901132347_00008.pcap,c9b3b0f8d58807fdf7fbd7e6212bf0e758646dcdca406146754d5863e8e70b6f,0,120.0,1200,11,1.1s (at 10 Hz),True,0.9904027777777777,0.0001324424423612954,1,495.6496795635895,13.66,/Users/david/code/velocity.report/data/experiments/try/l3-settling-sweep/raw/pierce-haight___baseline__default.json,
2026-09-18T00:23:36-0700,11c6577e3ce2b3c18bdd345dd31f84f1a5b651bd,broadway-gough,noise_relative,0.005,s2/s2-1_20260901151357_00030.pcap,f07efa3dff199600ae14fb388f79b2819b12d66119fdf812dbba35f7db467700,1,120.0,1200,11,1.1s (at 10 Hz),True,0.9674444444444444,4.6002540977561465e-05,1,835.1641351785919,13.4,/Users/david/code/velocity.report/data/experiments/try/l3-settling-sweep/raw/broadway-gough__noise_relative__0.005__o1.json,
2026-09-18T00:23:41-0700,11c6577e3ce2b3c18bdd345dd31f84f1a5b651bd,pierce-haight,closeness_multiplier,1.5,s2/s2-1_20260901132347_00008.pcap,c9b3b0f8d58807fdf7fbd7e6212bf0e758646dcdca406146754d5863e8e70b6f,0,120.0,1200,11,1.1s (at 10 Hz),True,0.9880833333333333,5.582000124826249e-05,1,415.7556717550814,13.74,/Users/david/code/velocity.report/data/experiments/try/l3-settling-sweep/raw/pierce-haight__closeness_multiplier__1.5.json,
2026-09-18T00:23:50-0700,11c6577e3ce2b3c18bdd345dd31f84f1a5b651bd,broadway-gough,noise_relative,0.01,s2/s2-1_20260901151357_00030.pcap,f07efa3dff199600ae14fb388f79b2819b12d66119fdf812dbba35f7db467700,1,120.0,1200,12,1.2s (at 10 Hz),True,0.9689027777777778,5.790159039890785e-05,1,851.6268688808933,13.95,/Users/david/code/velocity.report/data/experiments/try/l3-settling-sweep/raw/broadway-gough__noise_relative__0.01__o1.json,
2026-09-18T00:23:54-0700,11c6577e3ce2b3c18bdd345dd31f84f1a5b651bd,pierce-haight,closeness_multiplier,2.25,s2/s2-1_20260901132347_00008.pcap,c9b3b0f8d58807fdf7fbd7e6212bf0e758646dcdca406146754d5863e8e70b6f,0,120.0,1200,11,1.1s (at 10 Hz),True,0.9896111111111111,9.729134713907533e-05,1,461.8946836580026,13.59,/Users/david/code/velocity.report/data/experiments/try/l3-settling-sweep/raw/pierce-haight__closeness_multiplier__2.25.json,
2026-09-18T00:24:03-0700,11c6577e3ce2b3c18bdd345dd31f84f1a5b651bd,broadway-gough,noise_relative,0.035,s2/s2-1_20260901151357_00030.pcap,f07efa3dff199600ae14fb388f79b2819b12d66119fdf812dbba35f7db467700,1,120.0,1200,12,1.2s (at 10 Hz),True,0.971625,0.00018914442918168547,1,880.7497033892248,13.64,/Users/david/code/velocity.report/data/experiments/try/l3-settling-sweep/raw/broadway-gough__noise_relative__0.035__o1.json,
2026-09-18T00:24:08-0700,11c6577e3ce2b3c18bdd345dd31f84f1a5b651bd,pierce-haight,closeness_multiplier,4.0,s2/s2-1_20260901132347_00008.pcap,c9b3b0f8d58807fdf7fbd7e6212bf0e758646dcdca406146754d5863e8e70b6f,0,120.0,1200,11,1.1s (at 10 Hz),True,0.9914166666666666,0.0001147337023750189,1,562.214872096607,13.43,/Users/david/code/velocity.report/data/experiments/try/l3-settling-sweep/raw/pierce-haight__closeness_multiplier__4.0.json,
2026-09-18T00:24:16-0700,11c6577e3ce2b3c18bdd345dd31f84f1a5b651bd,broadway-gough,noise_relative,0.05,s2/s2-1_20260901151357_00030.pcap,f07efa3dff199600ae14fb388f79b2819b12d66119fdf812dbba35f7db467700,1,120.0,1200,12,1.2s (at 10 Hz),True,0.9735138888888889,0.00025185902171795605,1,883.9914256773144,12.91,/Users/david/code/velocity.report/data/experiments/try/l3-settling-sweep/raw/broadway-gough__noise_relative__0.05__o1.json,
2026-09-18T00:24:21-0700,11c6577e3ce2b3c18bdd345dd31f84f1a5b651bd,pierce-haight,closeness_multiplier,5.0,s2/s2-1_20260901132347_00008.pcap,c9b3b0f8d58807fdf7fbd7e6212bf0e758646dcdca406146754d5863e8e70b6f,0,120.0,1200,11,1.1s (at 10 Hz),True,0.9920555555555556,0.00015018773222253315,1,618.4585736685893,13.1,/Users/david/code/velocity.report/data/experiments/try/l3-settling-sweep/raw/pierce-haight__closeness_multiplier__5.0.json,
2026-09-18T00:24:29-0700,11c6577e3ce2b3c18bdd345dd31f84f1a5b651bd,broadway-gough,neighbour_confirmation_count,1,s2/s2-1_20260901151357_00030.pcap,f07efa3dff199600ae14fb388f79b2819b12d66119fdf812dbba35f7db467700,1,120.0,1200,47,4.7s (at 10 Hz),True,0.9734305555555556,0.00024313230868976149,1,863.4720133548304,12.6,/Users/david/code/velocity.report/data/experiments/try/l3-settling-sweep/raw/broadway-gough__neighbour_confirmation_count__1__o1.json,
2026-09-18T00:24:34-0700,11c6577e3ce2b3c18bdd345dd31f84f1a5b651bd,pierce-haight,safety_margin_metres,0.05,s2/s2-1_20260901132347_00008.pcap,c9b3b0f8d58807fdf7fbd7e6212bf0e758646dcdca406146754d5863e8e70b6f,0,120.0,1200,11,1.1s (at 10 Hz),True,0.990375,7.411095255394485e-05,1,471.7734303785042,12.82,/Users/david/code/velocity.report/data/experiments/try/l3-settling-sweep/raw/pierce-haight__safety_margin_metres__0.05.json,
2026-09-18T00:24:42-0700,11c6577e3ce2b3c18bdd345dd31f84f1a5b651bd,broadway-gough,neighbour_confirmation_count,2,s2/s2-1_20260901151357_00030.pcap,f07efa3dff199600ae14fb388f79b2819b12d66119fdf812dbba35f7db467700,1,120.0,1200,12,1.2s (at 10 Hz),True,0.9704444444444444,0.00011809393969054239,1,851.61960441951,12.59,/Users/david/code/velocity.report/data/experiments/try/l3-settling-sweep/raw/broadway-gough__neighbour_confirmation_count__2__o1.json,
2026-09-18T00:24:46-0700,11c6577e3ce2b3c18bdd345dd31f84f1a5b651bd,pierce-haight,safety_margin_metres,0.1,s2/s2-1_20260901132347_00008.pcap,c9b3b0f8d58807fdf7fbd7e6212bf0e758646dcdca406146754d5863e8e70b6f,0,120.0,1200,11,1.1s (at 10 Hz),True,0.9900833333333333,7.8268021128962e-05,1,481.0419016356648,12.81,/Users/david/code/velocity.report/data/experiments/try/l3-settling-sweep/raw/pierce-haight__safety_margin_metres__0.1.json,
2026-09-18T00:24:54-0700,11c6577e3ce2b3c18bdd345dd31f84f1a5b651bd,broadway-gough,neighbour_confirmation_count,4,s2/s2-1_20260901151357_00030.pcap,f07efa3dff199600ae14fb388f79b2819b12d66119fdf812dbba35f7db467700,1,120.0,1200,12,1.2s (at 10 Hz),True,0.9698333333333333,9.877483503541084e-05,1,852.1458297531076,12.69,/Users/david/code/velocity.report/data/experiments/try/l3-settling-sweep/raw/broadway-gough__neighbour_confirmation_count__4__o1.json,
2026-09-18T00:24:59-0700,11c6577e3ce2b3c18bdd345dd31f84f1a5b651bd,pierce-haight,safety_margin_metres,0.22,s2/s2-1_20260901132347_00008.pcap,c9b3b0f8d58807fdf7fbd7e6212bf0e758646dcdca406146754d5863e8e70b6f,0,120.0,1200,11,1.1s (at 10 Hz),True,0.990625,8.517220753199028e-05,1,501.483463021381,12.92,/Users/david/code/velocity.report/data/experiments/try/l3-settling-sweep/raw/pierce-haight__safety_margin_metres__0.22.json,
2026-09-18T00:25:07-0700,11c6577e3ce2b3c18bdd345dd31f84f1a5b651bd,broadway-gough,neighbour_confirmation_count,5,s2/s2-1_20260901151357_00030.pcap,f07efa3dff199600ae14fb388f79b2819b12d66119fdf812dbba35f7db467700,1,120.0,1200,12,1.2s (at 10 Hz),True,0.9686111111111111,9.939227237728606e-05,1,859.4440349870949,13.12,/Users/david/code/velocity.report/data/experiments/try/l3-settling-sweep/raw/broadway-gough__neighbour_confirmation_count__5__o1.json,
2026-09-18T00:25:13-0700,11c6577e3ce2b3c18bdd345dd31f84f1a5b651bd,pierce-haight,safety_margin_metres,0.3,s2/s2-1_20260901132347_00008.pcap,c9b3b0f8d58807fdf7fbd7e6212bf0e758646dcdca406146754d5863e8e70b6f,0,120.0,1200,11,1.1s (at 10 Hz),True,0.9915,9.510172683892705e-05,1,520.6937720625315,13.28,/Users/david/code/velocity.report/data/experiments/try/l3-settling-sweep/raw/pierce-haight__safety_margin_metres__0.3.json,
2026-09-18T00:25:21-0700,11c6577e3ce2b3c18bdd345dd31f84f1a5b651bd,bush-powell,_baseline,default,s2/s2_sf_6_20260903114056_00021.pcap,6dcfcc521f6b1ff137bc61fbb74cfb698403db34a54a8c7881e6c572c8b05492,1,120.0,1200,11,1.1s (at 10 Hz),True,0.9848333333333333,0.00010462144283380944,1,707.1409008856547,14.03,/Users/david/code/velocity.report/data/experiments/try/l3-settling-sweep/raw/bush-powell___baseline__default__o1.json,
2026-09-18T00:25:26-0700,11c6577e3ce2b3c18bdd345dd31f84f1a5b651bd,pierce-haight,noise_relative,0.005,s2/s2-1_20260901132347_00008.pcap,c9b3b0f8d58807fdf7fbd7e6212bf0e758646dcdca406146754d5863e8e70b6f,0,120.0,1200,11,1.1s (at 10 Hz),True,0.9870138888888889,3.897793923052756e-05,1,392.5387462182509,13.44,/Users/david/code/velocity.report/data/experiments/try/l3-settling-sweep/raw/pierce-haight__noise_relative__0.005.json,
2026-09-18T00:25:34-0700,11c6577e3ce2b3c18bdd345dd31f84f1a5b651bd,bush-powell,closeness_multiplier,1.5,s2/s2_sf_6_20260903114056_00021.pcap,6dcfcc521f6b1ff137bc61fbb74cfb698403db34a54a8c7881e6c572c8b05492,1,120.0,1200,11,1.1s (at 10 Hz),True,0.9822777777777778,4.837762420002756e-05,1,667.9639867654545,12.85,/Users/david/code/velocity.report/data/experiments/try/l3-settling-sweep/raw/bush-powell__closeness_multiplier__1.5__o1.json,
2026-09-18T00:25:39-0700,11c6577e3ce2b3c18bdd345dd31f84f1a5b651bd,pierce-haight,noise_relative,0.01,s2/s2-1_20260901132347_00008.pcap,c9b3b0f8d58807fdf7fbd7e6212bf0e758646dcdca406146754d5863e8e70b6f,0,120.0,1200,11,1.1s (at 10 Hz),True,0.9890555555555556,4.877629397775446e-05,1,428.03847666123687,12.74,/Users/david/code/velocity.report/data/experiments/try/l3-settling-sweep/raw/pierce-haight__noise_relative__0.01.json,
2026-09-18T00:25:47-0700,11c6577e3ce2b3c18bdd345dd31f84f1a5b651bd,bush-powell,closeness_multiplier,2.25,s2/s2_sf_6_20260903114056_00021.pcap,6dcfcc521f6b1ff137bc61fbb74cfb698403db34a54a8c7881e6c572c8b05492,1,120.0,1200,11,1.1s (at 10 Hz),True,0.9835138888888889,7.277849079329561e-05,1,684.0356290511629,12.69,/Users/david/code/velocity.report/data/experiments/try/l3-settling-sweep/raw/bush-powell__closeness_multiplier__2.25__o1.json,
2026-09-18T00:25:52-0700,11c6577e3ce2b3c18bdd345dd31f84f1a5b651bd,pierce-haight,noise_relative,0.035,s2/s2-1_20260901132347_00008.pcap,c9b3b0f8d58807fdf7fbd7e6212bf0e758646dcdca406146754d5863e8e70b6f,0,120.0,1200,11,1.1s (at 10 Hz),True,0.9919166666666667,0.0001275176663092701,1,586.3108320031365,12.92,/Users/david/code/velocity.report/data/experiments/try/l3-settling-sweep/raw/pierce-haight__noise_relative__0.035.json,
2026-09-18T00:26:00-0700,11c6577e3ce2b3c18bdd345dd31f84f1a5b651bd,bush-powell,closeness_multiplier,4.0,s2/s2_sf_6_20260903114056_00021.pcap,6dcfcc521f6b1ff137bc61fbb74cfb698403db34a54a8c7881e6c572c8b05492,1,120.0,1200,11,1.1s (at 10 Hz),True,0.9862083333333334,0.00019514832888541957,1,713.1439153886237,13.28,/Users/david/code/velocity.report/data/experiments/try/l3-settling-sweep/raw/bush-powell__closeness_multiplier__4.0__o1.json,
2026-09-18T00:26:05-0700,11c6577e3ce2b3c18bdd345dd31f84f1a5b651bd,pierce-haight,noise_relative,0.05,s2/s2-1_20260901132347_00008.pcap,c9b3b0f8d58807fdf7fbd7e6212bf0e758646dcdca406146754d5863e8e70b6f,0,120.0,1200,11,1.1s (at 10 Hz),True,0.9928333333333333,0.00017932472420163306,1,662.7645906776341,13.46,/Users/david/code/velocity.report/data/experiments/try/l3-settling-sweep/raw/pierce-haight__noise_relative__0.05.json,
2026-09-18T00:26:14-0700,11c6577e3ce2b3c18bdd345dd31f84f1a5b651bd,bush-powell,closeness_multiplier,5.0,s2/s2_sf_6_20260903114056_00021.pcap,6dcfcc521f6b1ff137bc61fbb74cfb698403db34a54a8c7881e6c572c8b05492,1,120.0,1200,11,1.1s (at 10 Hz),True,0.9879444444444444,0.000372057867705802,1,729.0845470393072,13.25,/Users/david/code/velocity.report/data/experiments/try/l3-settling-sweep/raw/bush-powell__closeness_multiplier__5.0__o1.json,
2026-09-18T00:26:19-0700,11c6577e3ce2b3c18bdd345dd31f84f1a5b651bd,pierce-haight,neighbour_confirmation_count,1,s2/s2-1_20260901132347_00008.pcap,c9b3b0f8d58807fdf7fbd7e6212bf0e758646dcdca406146754d5863e8e70b6f,0,120.0,1200,411,41.1s (at 10 Hz),True,0.9935694444444444,0.0007330329865118006,1,600.8817115618491,13.4,/Users/david/code/velocity.report/data/experiments/try/l3-settling-sweep/raw/pierce-haight__neighbour_confirmation_count__1.json,
2026-09-18T00:26:27-0700,11c6577e3ce2b3c18bdd345dd31f84f1a5b651bd,bush-powell,safety_margin_metres,0.05,s2/s2_sf_6_20260903114056_00021.pcap,6dcfcc521f6b1ff137bc61fbb74cfb698403db34a54a8c7881e6c572c8b05492,1,120.0,1200,11,1.1s (at 10 Hz),True,0.9845416666666666,9.146343859089874e-05,1,686.9211844202745,13.76,/Users/david/code/velocity.report/data/experiments/try/l3-settling-sweep/raw/bush-powell__safety_margin_metres__0.05__o1.json,
2026-09-18T00:26:33-0700,11c6577e3ce2b3c18bdd345dd31f84f1a5b651bd,pierce-haight,neighbour_confirmation_count,2,s2/s2-1_20260901132347_00008.pcap,c9b3b0f8d58807fdf7fbd7e6212bf0e758646dcdca406146754d5863e8e70b6f,0,120.0,1200,11,1.1s (at 10 Hz),True,0.9912916666666667,0.00011757441633993094,1,510.44345901111063,13.8,/Users/david/code/velocity.report/data/experiments/try/l3-settling-sweep/raw/pierce-haight__neighbour_confirmation_count__2.json,
2026-09-18T00:26:41-0700,11c6577e3ce2b3c18bdd345dd31f84f1a5b651bd,bush-powell,safety_margin_metres,0.1,s2/s2_sf_6_20260903114056_00021.pcap,6dcfcc521f6b1ff137bc61fbb74cfb698403db34a54a8c7881e6c572c8b05492,1,120.0,1200,11,1.1s (at 10 Hz),True,0.9831944444444445,0.00011127891892323625,1,688.6873428450347,13.41,/Users/david/code/velocity.report/data/experiments/try/l3-settling-sweep/raw/bush-powell__safety_margin_metres__0.1__o1.json,
2026-09-18T00:26:46-0700,11c6577e3ce2b3c18bdd345dd31f84f1a5b651bd,pierce-haight,neighbour_confirmation_count,4,s2/s2-1_20260901132347_00008.pcap,c9b3b0f8d58807fdf7fbd7e6212bf0e758646dcdca406146754d5863e8e70b6f,0,120.0,1200,11,1.1s (at 10 Hz),True,0.9903194444444444,8.160775803073205e-05,1,489.1619847692243,13.14,/Users/david/code/velocity.report/data/experiments/try/l3-settling-sweep/raw/pierce-haight__neighbour_confirmation_count__4.json,
2026-09-18T00:26:54-0700,11c6577e3ce2b3c18bdd345dd31f84f1a5b651bd,bush-powell,safety_margin_metres,0.22,s2/s2_sf_6_20260903114056_00021.pcap,6dcfcc521f6b1ff137bc61fbb74cfb698403db34a54a8c7881e6c572c8b05492,1,120.0,1200,11,1.1s (at 10 Hz),True,0.986625,0.00012106734270291148,1,699.6575446598251,12.86,/Users/david/code/velocity.report/data/experiments/try/l3-settling-sweep/raw/bush-powell__safety_margin_metres__0.22__o1.json,
2026-09-18T00:26:59-0700,11c6577e3ce2b3c18bdd345dd31f84f1a5b651bd,pierce-haight,neighbour_confirmation_count,5,s2/s2-1_20260901132347_00008.pcap,c9b3b0f8d58807fdf7fbd7e6212bf0e758646dcdca406146754d5863e8e70b6f,0,120.0,1200,11,1.1s (at 10 Hz),True,0.9903333333333333,8.16703037871006e-05,1,489.28618310333223,12.89,/Users/david/code/velocity.report/data/experiments/try/l3-settling-sweep/raw/pierce-haight__neighbour_confirmation_count__5.json,
2026-09-18T00:27:07-0700,11c6577e3ce2b3c18bdd345dd31f84f1a5b651bd,bush-powell,safety_margin_metres,0.3,s2/s2_sf_6_20260903114056_00021.pcap,6dcfcc521f6b1ff137bc61fbb74cfb698403db34a54a8c7881e6c572c8b05492,1,120.0,1200,11,1.1s (at 10 Hz),True,0.9848611111111111,0.00012589168383583203,1,705.5163446622479,12.87,/Users/david/code/velocity.report/data/experiments/try/l3-settling-sweep/raw/bush-powell__safety_margin_metres__0.3__o1.json,
2026-09-18T00:27:13-0700,11c6577e3ce2b3c18bdd345dd31f84f1a5b651bd,van-ness-sacramento,_baseline,default,s2/s2_sf_4_20260902142714_00001.pcap,19a42e6d2a12d9cb261079e88d76a0c7ac6a5a6ff3e8e90fad3c62980d212e27,0,120.0,1200,12,1.2s (at 10 Hz),True,0.9789166666666667,0.00032434725558147423,1,407.27235322493686,13.88,/Users/david/code/velocity.report/data/experiments/try/l3-settling-sweep/raw/van-ness-sacramento___baseline__default.json,
2026-09-18T00:27:21-0700,11c6577e3ce2b3c18bdd345dd31f84f1a5b651bd,bush-powell,noise_relative,0.005,s2/s2_sf_6_20260903114056_00021.pcap,6dcfcc521f6b1ff137bc61fbb74cfb698403db34a54a8c7881e6c572c8b05492,1,120.0,1200,11,1.1s (at 10 Hz),True,0.9810277777777778,5.7321047325601346e-05,1,660.0759407650706,14.25,/Users/david/code/velocity.report/data/experiments/try/l3-settling-sweep/raw/bush-powell__noise_relative__0.005__o1.json,
2026-09-18T00:27:26-0700,11c6577e3ce2b3c18bdd345dd31f84f1a5b651bd,van-ness-sacramento,closeness_multiplier,1.5,s2/s2_sf_4_20260902142714_00001.pcap,19a42e6d2a12d9cb261079e88d76a0c7ac6a5a6ff3e8e90fad3c62980d212e27,0,120.0,1200,12,1.2s (at 10 Hz),True,0.9755416666666666,0.0001735733250813158,1,383.1985933740514,13.02,/Users/david/code/velocity.report/data/experiments/try/l3-settling-sweep/raw/van-ness-sacramento__closeness_multiplier__1.5.json,
2026-09-18T00:27:34-0700,11c6577e3ce2b3c18bdd345dd31f84f1a5b651bd,bush-powell,noise_relative,0.01,s2/s2_sf_6_20260903114056_00021.pcap,6dcfcc521f6b1ff137bc61fbb74cfb698403db34a54a8c7881e6c572c8b05492,1,120.0,1200,11,1.1s (at 10 Hz),True,0.979,6.893319249915605e-05,1,679.6076353421859,13.06,/Users/david/code/velocity.report/data/experiments/try/l3-settling-sweep/raw/bush-powell__noise_relative__0.01__o1.json,
2026-09-18T00:27:39-0700,11c6577e3ce2b3c18bdd345dd31f84f1a5b651bd,van-ness-sacramento,closeness_multiplier,2.25,s2/s2_sf_4_20260902142714_00001.pcap,19a42e6d2a12d9cb261079e88d76a0c7ac6a5a6ff3e8e90fad3c62980d212e27,0,120.0,1200,12,1.2s (at 10 Hz),True,0.98075,0.00023316486811933638,1,383.24612683037356,12.98,/Users/david/code/velocity.report/data/experiments/try/l3-settling-sweep/raw/van-ness-sacramento__closeness_multiplier__2.25.json,
2026-09-18T00:27:47-0700,11c6577e3ce2b3c18bdd345dd31f84f1a5b651bd,bush-powell,noise_relative,0.035,s2/s2_sf_6_20260903114056_00021.pcap,6dcfcc521f6b1ff137bc61fbb74cfb698403db34a54a8c7881e6c572c8b05492,1,120.0,1200,11,1.1s (at 10 Hz),True,0.9871388888888889,0.00019234399150532574,1,720.5957734192532,13.15,/Users/david/code/velocity.report/data/experiments/try/l3-settling-sweep/raw/bush-powell__noise_relative__0.035__o1.json,
2026-09-18T00:27:52-0700,11c6577e3ce2b3c18bdd345dd31f84f1a5b651bd,van-ness-sacramento,closeness_multiplier,4.0,s2/s2_sf_4_20260902142714_00001.pcap,19a42e6d2a12d9cb261079e88d76a0c7ac6a5a6ff3e8e90fad3c62980d212e27,0,120.0,1200,12,1.2s (at 10 Hz),True,0.9815277777777778,0.000497487034328733,1,405.6490448563747,13.09,/Users/david/code/velocity.report/data/experiments/try/l3-settling-sweep/raw/van-ness-sacramento__closeness_multiplier__4.0.json,
2026-09-18T00:28:00-0700,11c6577e3ce2b3c18bdd345dd31f84f1a5b651bd,bush-powell,noise_relative,0.05,s2/s2_sf_6_20260903114056_00021.pcap,6dcfcc521f6b1ff137bc61fbb74cfb698403db34a54a8c7881e6c572c8b05492,1,120.0,1200,12,1.2s (at 10 Hz),True,0.9900138888888889,0.0003753418293002809,1,746.626534420112,13.06,/Users/david/code/velocity.report/data/experiments/try/l3-settling-sweep/raw/bush-powell__noise_relative__0.05__o1.json,
2026-09-18T00:28:04-0700,11c6577e3ce2b3c18bdd345dd31f84f1a5b651bd,van-ness-sacramento,closeness_multiplier,5.0,s2/s2_sf_4_20260902142714_00001.pcap,19a42e6d2a12d9cb261079e88d76a0c7ac6a5a6ff3e8e90fad3c62980d212e27,0,120.0,1200,20,2.0s (at 10 Hz),True,0.9837916666666666,0.0007460647338877521,1,415.9339291008428,12.39,/Users/david/code/velocity.report/data/experiments/try/l3-settling-sweep/raw/van-ness-sacramento__closeness_multiplier__5.0.json,
2026-09-18T00:28:13-0700,11c6577e3ce2b3c18bdd345dd31f84f1a5b651bd,bush-powell,neighbour_confirmation_count,1,s2/s2_sf_6_20260903114056_00021.pcap,6dcfcc521f6b1ff137bc61fbb74cfb698403db34a54a8c7881e6c572c8b05492,1,120.0,1200,48,4.8s (at 10 Hz),True,0.9881944444444445,0.0010586334470082245,1,709.9222066057624,12.48,/Users/david/code/velocity.report/data/experiments/try/l3-settling-sweep/raw/bush-powell__neighbour_confirmation_count__1__o1.json,
2026-09-18T00:28:17-0700,11c6577e3ce2b3c18bdd345dd31f84f1a5b651bd,van-ness-sacramento,safety_margin_metres,0.05,s2/s2_sf_4_20260902142714_00001.pcap,19a42e6d2a12d9cb261079e88d76a0c7ac6a5a6ff3e8e90fad3c62980d212e27,0,120.0,1200,12,1.2s (at 10 Hz),True,0.9790555555555556,0.00033562381818079054,1,382.82566816092606,12.46,/Users/david/code/velocity.report/data/experiments/try/l3-settling-sweep/raw/van-ness-sacramento__safety_margin_metres__0.05.json,
2026-09-18T00:28:25-0700,11c6577e3ce2b3c18bdd345dd31f84f1a5b651bd,bush-powell,neighbour_confirmation_count,2,s2/s2_sf_6_20260903114056_00021.pcap,6dcfcc521f6b1ff137bc61fbb74cfb698403db34a54a8c7881e6c572c8b05492,1,120.0,1200,11,1.1s (at 10 Hz),True,0.9864305555555556,0.0002087111981688257,1,696.5064134153724,12.62,/Users/david/code/velocity.report/data/experiments/try/l3-settling-sweep/raw/bush-powell__neighbour_confirmation_count__2__o1.json,
2026-09-18T00:28:29-0700,11c6577e3ce2b3c18bdd345dd31f84f1a5b651bd,van-ness-sacramento,safety_margin_metres,0.1,s2/s2_sf_4_20260902142714_00001.pcap,19a42e6d2a12d9cb261079e88d76a0c7ac6a5a6ff3e8e90fad3c62980d212e27,0,120.0,1200,12,1.2s (at 10 Hz),True,0.9795416666666666,0.00035117060768812144,1,375.1931742453245,12.21,/Users/david/code/velocity.report/data/experiments/try/l3-settling-sweep/raw/van-ness-sacramento__safety_margin_metres__0.1.json,
2026-09-18T00:28:38-0700,11c6577e3ce2b3c18bdd345dd31f84f1a5b651bd,bush-powell,neighbour_confirmation_count,4,s2/s2_sf_6_20260903114056_00021.pcap,6dcfcc521f6b1ff137bc61fbb74cfb698403db34a54a8c7881e6c572c8b05492,1,120.0,1200,11,1.1s (at 10 Hz),True,0.9867083333333333,0.00011483840541418967,1,700.2441901383669,12.88,/Users/david/code/velocity.report/data/experiments/try/l3-settling-sweep/raw/bush-powell__neighbour_confirmation_count__4__o1.json,
2026-09-18T00:28:42-0700,11c6577e3ce2b3c18bdd345dd31f84f1a5b651bd,van-ness-sacramento,safety_margin_metres,0.22,s2/s2_sf_4_20260902142714_00001.pcap,19a42e6d2a12d9cb261079e88d76a0c7ac6a5a6ff3e8e90fad3c62980d212e27,0,120.0,1200,12,1.2s (at 10 Hz),True,0.9795277777777778,0.0003501452662242707,1,396.64174914216034,12.75,/Users/david/code/velocity.report/data/experiments/try/l3-settling-sweep/raw/van-ness-sacramento__safety_margin_metres__0.22.json,
2026-09-18T00:28:51-0700,11c6577e3ce2b3c18bdd345dd31f84f1a5b651bd,bush-powell,neighbour_confirmation_count,5,s2/s2_sf_6_20260903114056_00021.pcap,6dcfcc521f6b1ff137bc61fbb74cfb698403db34a54a8c7881e6c572c8b05492,1,120.0,1200,11,1.1s (at 10 Hz),True,0.9848611111111111,0.00011787997490449681,1,691.3057960795375,12.69,/Users/david/code/velocity.report/data/experiments/try/l3-settling-sweep/raw/bush-powell__neighbour_confirmation_count__5__o1.json,
2026-09-18T00:28:54-0700,11c6577e3ce2b3c18bdd345dd31f84f1a5b651bd,van-ness-sacramento,safety_margin_metres,0.3,s2/s2_sf_4_20260902142714_00001.pcap,19a42e6d2a12d9cb261079e88d76a0c7ac6a5a6ff3e8e90fad3c62980d212e27,0,120.0,1200,12,1.2s (at 10 Hz),True,0.9795277777777778,0.0003721761324489234,1,393.8852054561438,12.3,/Users/david/code/velocity.report/data/experiments/try/l3-settling-sweep/raw/van-ness-sacramento__safety_margin_metres__0.3.json,
2026-09-18T00:29:05-0700,11c6577e3ce2b3c18bdd345dd31f84f1a5b651bd,california-leon-baker,_baseline,default,s2/s2-1_20260901143353_00022.pcap,c3985fe1a695c34376ff07be222f96a0537d38592627110ccd5f286bc121b6a0,1,120.0,1201,11,1.1s (at 10 Hz),True,0.970625,1.2884658726740226e-05,1,784.6674393646705,13.57,/Users/david/code/velocity.report/data/experiments/try/l3-settling-sweep/raw/california-leon-baker___baseline__default__o1.json,
2026-09-18T00:29:07-0700,11c6577e3ce2b3c18bdd345dd31f84f1a5b651bd,van-ness-sacramento,noise_relative,0.005,s2/s2_sf_4_20260902142714_00001.pcap,19a42e6d2a12d9cb261079e88d76a0c7ac6a5a6ff3e8e90fad3c62980d212e27,0,120.0,1200,12,1.2s (at 10 Hz),True,0.9757222222222223,0.00014007989472410203,1,374.7531031145021,13.11,/Users/david/code/velocity.report/data/experiments/try/l3-settling-sweep/raw/van-ness-sacramento__noise_relative__0.005.json,
2026-09-18T00:29:18-0700,11c6577e3ce2b3c18bdd345dd31f84f1a5b651bd,california-leon-baker,closeness_multiplier,1.5,s2/s2-1_20260901143353_00022.pcap,c3985fe1a695c34376ff07be222f96a0537d38592627110ccd5f286bc121b6a0,1,120.0,1201,11,1.1s (at 10 Hz),True,0.9697222222222223,9.977467542456048e-06,1,786.2802205671727,13.6,/Users/david/code/velocity.report/data/experiments/try/l3-settling-sweep/raw/california-leon-baker__closeness_multiplier__1.5__o1.json,
2026-09-18T00:29:21-0700,11c6577e3ce2b3c18bdd345dd31f84f1a5b651bd,van-ness-sacramento,noise_relative,0.01,s2/s2_sf_4_20260902142714_00001.pcap,19a42e6d2a12d9cb261079e88d76a0c7ac6a5a6ff3e8e90fad3c62980d212e27,0,120.0,1200,12,1.2s (at 10 Hz),True,0.9737777777777777,0.00019894981426305214,1,394.5257587859425,13.52,/Users/david/code/velocity.report/data/experiments/try/l3-settling-sweep/raw/van-ness-sacramento__noise_relative__0.01.json,
2026-09-18T00:29:31-0700,11c6577e3ce2b3c18bdd345dd31f84f1a5b651bd,california-leon-baker,closeness_multiplier,2.25,s2/s2-1_20260901143353_00022.pcap,c3985fe1a695c34376ff07be222f96a0537d38592627110ccd5f286bc121b6a0,1,120.0,1201,11,1.1s (at 10 Hz),True,0.970375,1.1468654828267163e-05,1,768.1832052327994,12.85,/Users/david/code/velocity.report/data/experiments/try/l3-settling-sweep/raw/california-leon-baker__closeness_multiplier__2.25__o1.json,
2026-09-18T00:29:33-0700,11c6577e3ce2b3c18bdd345dd31f84f1a5b651bd,van-ness-sacramento,noise_relative,0.035,s2/s2_sf_4_20260902142714_00001.pcap,19a42e6d2a12d9cb261079e88d76a0c7ac6a5a6ff3e8e90fad3c62980d212e27,0,120.0,1200,20,2.0s (at 10 Hz),True,0.9835416666666666,0.0006732159862369263,1,413.4986796582645,12.59,/Users/david/code/velocity.report/data/experiments/try/l3-settling-sweep/raw/van-ness-sacramento__noise_relative__0.035.json,
2026-09-18T00:29:43-0700,11c6577e3ce2b3c18bdd345dd31f84f1a5b651bd,california-leon-baker,closeness_multiplier,4.0,s2/s2-1_20260901143353_00022.pcap,c3985fe1a695c34376ff07be222f96a0537d38592627110ccd5f286bc121b6a0,1,120.0,1201,11,1.1s (at 10 Hz),True,0.9711388888888889,1.7290381793526158e-05,1,778.9761448471154,12.21,/Users/david/code/velocity.report/data/experiments/try/l3-settling-sweep/raw/california-leon-baker__closeness_multiplier__4.0__o1.json,
2026-09-18T00:29:45-0700,11c6577e3ce2b3c18bdd345dd31f84f1a5b651bd,van-ness-sacramento,noise_relative,0.05,s2/s2_sf_4_20260902142714_00001.pcap,19a42e6d2a12d9cb261079e88d76a0c7ac6a5a6ff3e8e90fad3c62980d212e27,0,120.0,1200,54,5.4s (at 10 Hz),True,0.9866388888888888,0.0010698584385516914,1,424.98451532982347,12.24,/Users/david/code/velocity.report/data/experiments/try/l3-settling-sweep/raw/van-ness-sacramento__noise_relative__0.05.json,
2026-09-18T00:29:56-0700,11c6577e3ce2b3c18bdd345dd31f84f1a5b651bd,california-leon-baker,closeness_multiplier,5.0,s2/s2-1_20260901143353_00022.pcap,c3985fe1a695c34376ff07be222f96a0537d38592627110ccd5f286bc121b6a0,1,120.0,1201,11,1.1s (at 10 Hz),True,0.9710833333333333,2.1943339961764086e-05,1,790.9033296146915,12.35,/Users/david/code/velocity.report/data/experiments/try/l3-settling-sweep/raw/california-leon-baker__closeness_multiplier__5.0__o1.json,
2026-09-18T00:29:58-0700,11c6577e3ce2b3c18bdd345dd31f84f1a5b651bd,van-ness-sacramento,neighbour_confirmation_count,1,s2/s2_sf_4_20260902142714_00001.pcap,19a42e6d2a12d9cb261079e88d76a0c7ac6a5a6ff3e8e90fad3c62980d212e27,0,120.0,1200,-1,unknown,False,0.9868888888888889,0.003755974333123955,1,421.17420063048866,12.34,/Users/david/code/velocity.report/data/experiments/try/l3-settling-sweep/raw/van-ness-sacramento__neighbour_confirmation_count__1.json,
2026-09-18T00:30:08-0700,11c6577e3ce2b3c18bdd345dd31f84f1a5b651bd,california-leon-baker,safety_margin_metres,0.05,s2/s2-1_20260901143353_00022.pcap,c3985fe1a695c34376ff07be222f96a0537d38592627110ccd5f286bc121b6a0,1,120.0,1201,11,1.1s (at 10 Hz),True,0.9707083333333333,1.3489377503413177e-05,1,779.8411669599806,12.77,/Users/david/code/velocity.report/data/experiments/try/l3-settling-sweep/raw/california-leon-baker__safety_margin_metres__0.05__o1.json,
2026-09-18T00:30:11-0700,11c6577e3ce2b3c18bdd345dd31f84f1a5b651bd,van-ness-sacramento,neighbour_confirmation_count,2,s2/s2_sf_4_20260902142714_00001.pcap,19a42e6d2a12d9cb261079e88d76a0c7ac6a5a6ff3e8e90fad3c62980d212e27,0,120.0,1200,34,3.4s (at 10 Hz),True,0.9810972222222222,0.0007720068412811544,1,398.09775053440734,13.09,/Users/david/code/velocity.report/data/experiments/try/l3-settling-sweep/raw/van-ness-sacramento__neighbour_confirmation_count__2.json,
2026-09-18T00:30:22-0700,11c6577e3ce2b3c18bdd345dd31f84f1a5b651bd,california-leon-baker,safety_margin_metres,0.1,s2/s2-1_20260901143353_00022.pcap,c3985fe1a695c34376ff07be222f96a0537d38592627110ccd5f286bc121b6a0,1,120.0,1201,11,1.1s (at 10 Hz),True,0.9706388888888889,1.3215006310062581e-05,1,783.9383138253728,13.35,/Users/david/code/velocity.report/data/experiments/try/l3-settling-sweep/raw/california-leon-baker__safety_margin_metres__0.1__o1.json,
2026-09-18T00:30:24-0700,11c6577e3ce2b3c18bdd345dd31f84f1a5b651bd,van-ness-sacramento,neighbour_confirmation_count,4,s2/s2_sf_4_20260902142714_00001.pcap,19a42e6d2a12d9cb261079e88d76a0c7ac6a5a6ff3e8e90fad3c62980d212e27,0,120.0,1200,12,1.2s (at 10 Hz),True,0.980125,0.000337488585097222,1,399.57427482322265,13.09,/Users/david/code/velocity.report/data/experiments/try/l3-settling-sweep/raw/van-ness-sacramento__neighbour_confirmation_count__4.json,
2026-09-18T00:30:34-0700,11c6577e3ce2b3c18bdd345dd31f84f1a5b651bd,california-leon-baker,safety_margin_metres,0.22,s2/s2-1_20260901143353_00022.pcap,c3985fe1a695c34376ff07be222f96a0537d38592627110ccd5f286bc121b6a0,1,120.0,1201,11,1.1s (at 10 Hz),True,0.9708055555555556,1.3933952274702473e-05,1,773.8210249220292,12.49,/Users/david/code/velocity.report/data/experiments/try/l3-settling-sweep/raw/california-leon-baker__safety_margin_metres__0.22__o1.json,
2026-09-18T00:30:36-0700,11c6577e3ce2b3c18bdd345dd31f84f1a5b651bd,van-ness-sacramento,neighbour_confirmation_count,5,s2/s2_sf_4_20260902142714_00001.pcap,19a42e6d2a12d9cb261079e88d76a0c7ac6a5a6ff3e8e90fad3c62980d212e27,0,120.0,1200,12,1.2s (at 10 Hz),True,0.9794722222222222,0.00035393139555976966,1,380.8061455999546,12.18,/Users/david/code/velocity.report/data/experiments/try/l3-settling-sweep/raw/van-ness-sacramento__neighbour_confirmation_count__5.json,
2026-09-18T00:30:46-0700,11c6577e3ce2b3c18bdd345dd31f84f1a5b651bd,california-leon-baker,safety_margin_metres,0.3,s2/s2-1_20260901143353_00022.pcap,c3985fe1a695c34376ff07be222f96a0537d38592627110ccd5f286bc121b6a0,1,120.0,1201,11,1.1s (at 10 Hz),True,0.9708055555555556,1.4883028723853995e-05,1,773.9816732953733,11.74,/Users/david/code/velocity.report/data/experiments/try/l3-settling-sweep/raw/california-leon-baker__safety_margin_metres__0.3__o1.json,
2026-09-18T00:30:58-0700,11c6577e3ce2b3c18bdd345dd31f84f1a5b651bd,california-leon-baker,noise_relative,0.005,s2/s2-1_20260901143353_00022.pcap,c3985fe1a695c34376ff07be222f96a0537d38592627110ccd5f286bc121b6a0,1,120.0,1201,11,1.1s (at 10 Hz),True,0.9686805555555555,1.1236953948816652e-05,1,738.692895548068,11.85,/Users/david/code/velocity.report/data/experiments/try/l3-settling-sweep/raw/california-leon-baker__noise_relative__0.005__o1.json,
2026-09-18T00:31:09-0700,11c6577e3ce2b3c18bdd345dd31f84f1a5b651bd,california-leon-baker,noise_relative,0.01,s2/s2-1_20260901143353_00022.pcap,c3985fe1a695c34376ff07be222f96a0537d38592627110ccd5f286bc121b6a0,1,120.0,1201,11,1.1s (at 10 Hz),True,0.9695694444444445,1.069323745518007e-05,1,741.9186924322079,11.19,/Users/david/code/velocity.report/data/experiments/try/l3-settling-sweep/raw/california-leon-baker__noise_relative__0.01__o1.json,
2026-09-18T00:31:21-0700,11c6577e3ce2b3c18bdd345dd31f84f1a5b651bd,california-leon-baker,noise_relative,0.035,s2/s2-1_20260901143353_00022.pcap,c3985fe1a695c34376ff07be222f96a0537d38592627110ccd5f286bc121b6a0,1,120.0,1201,11,1.1s (at 10 Hz),True,0.9710694444444444,1.997647107867427e-05,1,780.7843585966217,11.37,/Users/david/code/velocity.report/data/experiments/try/l3-settling-sweep/raw/california-leon-baker__noise_relative__0.035__o1.json,
2026-09-18T00:31:32-0700,11c6577e3ce2b3c18bdd345dd31f84f1a5b651bd,california-leon-baker,noise_relative,0.05,s2/s2-1_20260901143353_00022.pcap,c3985fe1a695c34376ff07be222f96a0537d38592627110ccd5f286bc121b6a0,1,120.0,1201,11,1.1s (at 10 Hz),True,0.9715972222222222,2.616155770728509e-05,1,802.562776070331,11.25,/Users/david/code/velocity.report/data/experiments/try/l3-settling-sweep/raw/california-leon-baker__noise_relative__0.05__o1.json,
2026-09-18T00:31:43-0700,11c6577e3ce2b3c18bdd345dd31f84f1a5b651bd,california-leon-baker,neighbour_confirmation_count,1,s2/s2-1_20260901143353_00022.pcap,c3985fe1a695c34376ff07be222f96a0537d38592627110ccd5f286bc121b6a0,1,120.0,1201,18,1.8s (at 10 Hz),True,0.9720833333333333,4.313080305794334e-05,1,777.173467638234,11.49,/Users/david/code/velocity.report/data/experiments/try/l3-settling-sweep/raw/california-leon-baker__neighbour_confirmation_count__1__o1.json,
2026-09-18T00:31:55-0700,11c6577e3ce2b3c18bdd345dd31f84f1a5b651bd,california-leon-baker,neighbour_confirmation_count,2,s2/s2-1_20260901143353_00022.pcap,c3985fe1a695c34376ff07be222f96a0537d38592627110ccd5f286bc121b6a0,1,120.0,1201,11,1.1s (at 10 Hz),True,0.9710694444444444,1.6642394511670556e-05,1,764.1718037101134,11.36,/Users/david/code/velocity.report/data/experiments/try/l3-settling-sweep/raw/california-leon-baker__neighbour_confirmation_count__2__o1.json,
2026-09-18T00:32:06-0700,11c6577e3ce2b3c18bdd345dd31f84f1a5b651bd,california-leon-baker,neighbour_confirmation_count,4,s2/s2-1_20260901143353_00022.pcap,c3985fe1a695c34376ff07be222f96a0537d38592627110ccd5f286bc121b6a0,1,120.0,1201,11,1.1s (at 10 Hz),True,0.970625,1.2904113426979386e-05,1,758.649295270802,11.19,/Users/david/code/velocity.report/data/experiments/try/l3-settling-sweep/raw/california-leon-baker__neighbour_confirmation_count__4__o1.json,
2026-09-18T00:32:17-0700,11c6577e3ce2b3c18bdd345dd31f84f1a5b651bd,california-leon-baker,neighbour_confirmation_count,5,s2/s2-1_20260901143353_00022.pcap,c3985fe1a695c34376ff07be222f96a0537d38592627110ccd5f286bc121b6a0,1,120.0,1201,11,1.1s (at 10 Hz),True,0.9706111111111111,1.3639505465879203e-05,1,764.0561358823193,11.45,/Users/david/code/velocity.report/data/experiments/try/l3-settling-sweep/raw/california-leon-baker__neighbour_confirmation_count__5__o1.json,
2026-09-18T00:32:29-0700,11c6577e3ce2b3c18bdd345dd31f84f1a5b651bd,columbus-broadway,_baseline,default,s2/s2_sf_3_20260902132537_00003.pcap,931b9f76e6a9f945626ea9438517af537eb5d13fce88a1da9f0cd08fdc2c48a7,1,120.0,1200,11,1.1s (at 10 Hz),True,0.9666944444444444,0.00018745708507138993,1,450.0825119967817,12.03,/Users/david/code/velocity.report/data/experiments/try/l3-settling-sweep/raw/columbus-broadway___baseline__default__o1.json,
2026-09-18T00:32:41-0700,11c6577e3ce2b3c18bdd345dd31f84f1a5b651bd,columbus-broadway,closeness_multiplier,1.5,s2/s2_sf_3_20260902132537_00003.pcap,931b9f76e6a9f945626ea9438517af537eb5d13fce88a1da9f0cd08fdc2c48a7,1,120.0,1200,12,1.2s (at 10 Hz),True,0.9604722222222222,8.606086380233867e-05,1,409.51988315932556,11.16,/Users/david/code/velocity.report/data/experiments/try/l3-settling-sweep/raw/columbus-broadway__closeness_multiplier__1.5__o1.json,
2026-09-18T00:32:52-0700,11c6577e3ce2b3c18bdd345dd31f84f1a5b651bd,columbus-broadway,closeness_multiplier,2.25,s2/s2_sf_3_20260902132537_00003.pcap,931b9f76e6a9f945626ea9438517af537eb5d13fce88a1da9f0cd08fdc2c48a7,1,120.0,1200,11,1.1s (at 10 Hz),True,0.9628888888888889,0.00010515188669006898,1,430.3878231017771,11.35,/Users/david/code/velocity.report/data/experiments/try/l3-settling-sweep/raw/columbus-broadway__closeness_multiplier__2.25__o1.json,
2026-09-18T00:33:03-0700,11c6577e3ce2b3c18bdd345dd31f84f1a5b651bd,columbus-broadway,closeness_multiplier,4.0,s2/s2_sf_3_20260902132537_00003.pcap,931b9f76e6a9f945626ea9438517af537eb5d13fce88a1da9f0cd08fdc2c48a7,1,120.0,1200,14,1.4s (at 10 Hz),True,0.9677638888888889,0.00035976696074605316,1,457.3392700813732,11.21,/Users/david/code/velocity.report/data/experiments/try/l3-settling-sweep/raw/columbus-broadway__closeness_multiplier__4.0__o1.json,
2026-09-18T00:33:14-0700,11c6577e3ce2b3c18bdd345dd31f84f1a5b651bd,columbus-broadway,closeness_multiplier,5.0,s2/s2_sf_3_20260902132537_00003.pcap,931b9f76e6a9f945626ea9438517af537eb5d13fce88a1da9f0cd08fdc2c48a7,1,120.0,1200,38,3.8s (at 10 Hz),True,0.9698888888888889,0.0005509319812983362,1,462.6079734219269,10.66,/Users/david/code/velocity.report/data/experiments/try/l3-settling-sweep/raw/columbus-broadway__closeness_multiplier__5.0__o1.json,
2026-09-18T00:33:25-0700,11c6577e3ce2b3c18bdd345dd31f84f1a5b651bd,columbus-broadway,safety_margin_metres,0.05,s2/s2_sf_3_20260902132537_00003.pcap,931b9f76e6a9f945626ea9438517af537eb5d13fce88a1da9f0cd08fdc2c48a7,1,120.0,1200,11,1.1s (at 10 Hz),True,0.9645138888888889,0.0001855296933048122,1,417.7590467276262,10.72,/Users/david/code/velocity.report/data/experiments/try/l3-settling-sweep/raw/columbus-broadway__safety_margin_metres__0.05__o1.json,
2026-09-18T00:33:36-0700,11c6577e3ce2b3c18bdd345dd31f84f1a5b651bd,columbus-broadway,safety_margin_metres,0.1,s2/s2_sf_3_20260902132537_00003.pcap,931b9f76e6a9f945626ea9438517af537eb5d13fce88a1da9f0cd08fdc2c48a7,1,120.0,1200,11,1.1s (at 10 Hz),True,0.9659722222222222,0.00018078235253533663,1,429.33092739036664,11.25,/Users/david/code/velocity.report/data/experiments/try/l3-settling-sweep/raw/columbus-broadway__safety_margin_metres__0.1__o1.json,
2026-09-18T00:33:48-0700,11c6577e3ce2b3c18bdd345dd31f84f1a5b651bd,columbus-broadway,safety_margin_metres,0.22,s2/s2_sf_3_20260902132537_00003.pcap,931b9f76e6a9f945626ea9438517af537eb5d13fce88a1da9f0cd08fdc2c48a7,1,120.0,1200,11,1.1s (at 10 Hz),True,0.9673333333333334,0.0001971192238308816,1,452.60224270617965,11.73,/Users/david/code/velocity.report/data/experiments/try/l3-settling-sweep/raw/columbus-broadway__safety_margin_metres__0.22__o1.json,
2026-09-18T00:33:59-0700,11c6577e3ce2b3c18bdd345dd31f84f1a5b651bd,columbus-broadway,safety_margin_metres,0.3,s2/s2_sf_3_20260902132537_00003.pcap,931b9f76e6a9f945626ea9438517af537eb5d13fce88a1da9f0cd08fdc2c48a7,1,120.0,1200,12,1.2s (at 10 Hz),True,0.965875,0.00021242594893205148,1,438.29476726629565,10.88,/Users/david/code/velocity.report/data/experiments/try/l3-settling-sweep/raw/columbus-broadway__safety_margin_metres__0.3__o1.json,
2026-09-18T00:34:12-0700,11c6577e3ce2b3c18bdd345dd31f84f1a5b651bd,columbus-broadway,noise_relative,0.005,s2/s2_sf_3_20260902132537_00003.pcap,931b9f76e6a9f945626ea9438517af537eb5d13fce88a1da9f0cd08fdc2c48a7,1,120.0,1200,12,1.2s (at 10 Hz),True,0.9581388888888889,6.120026566534812e-05,1,417.20494013278056,13.64,/Users/david/code/velocity.report/data/experiments/try/l3-settling-sweep/raw/columbus-broadway__noise_relative__0.005__o1.json,
2026-09-18T00:34:23-0700,11c6577e3ce2b3c18bdd345dd31f84f1a5b651bd,columbus-broadway,noise_relative,0.01,s2/s2_sf_3_20260902132537_00003.pcap,931b9f76e6a9f945626ea9438517af537eb5d13fce88a1da9f0cd08fdc2c48a7,1,120.0,1200,12,1.2s (at 10 Hz),True,0.9615416666666666,0.00010642979801530461,1,402.2642168970548,10.82,/Users/david/code/velocity.report/data/experiments/try/l3-settling-sweep/raw/columbus-broadway__noise_relative__0.01__o1.json,
2026-09-18T00:34:34-0700,11c6577e3ce2b3c18bdd345dd31f84f1a5b651bd,columbus-broadway,noise_relative,0.035,s2/s2_sf_3_20260902132537_00003.pcap,931b9f76e6a9f945626ea9438517af537eb5d13fce88a1da9f0cd08fdc2c48a7,1,120.0,1200,24,2.4s (at 10 Hz),True,0.9684722222222222,0.0003699514019266019,1,462.1239638606052,10.95,/Users/david/code/velocity.report/data/experiments/try/l3-settling-sweep/raw/columbus-broadway__noise_relative__0.035__o1.json,
2026-09-18T00:34:45-0700,11c6577e3ce2b3c18bdd345dd31f84f1a5b651bd,columbus-broadway,noise_relative,0.05,s2/s2_sf_3_20260902132537_00003.pcap,931b9f76e6a9f945626ea9438517af537eb5d13fce88a1da9f0cd08fdc2c48a7,1,120.0,1200,42,4.2s (at 10 Hz),True,0.9704166666666667,0.0006626964978820721,1,490.25504508372694,10.98,/Users/david/code/velocity.report/data/experiments/try/l3-settling-sweep/raw/columbus-broadway__noise_relative__0.05__o1.json,
2026-09-18T00:34:56-0700,11c6577e3ce2b3c18bdd345dd31f84f1a5b651bd,columbus-broadway,neighbour_confirmation_count,1,s2/s2_sf_3_20260902132537_00003.pcap,931b9f76e6a9f945626ea9438517af537eb5d13fce88a1da9f0cd08fdc2c48a7,1,120.0,1200,60,6.0s (at 10 Hz),True,0.9720972222222222,0.0014933201176949632,1,454.7478390078724,11.0,/Users/david/code/velocity.report/data/experiments/try/l3-settling-sweep/raw/columbus-broadway__neighbour_confirmation_count__1__o1.json,
2026-09-18T00:35:07-0700,11c6577e3ce2b3c18bdd345dd31f84f1a5b651bd,columbus-broadway,neighbour_confirmation_count,2,s2/s2_sf_3_20260902132537_00003.pcap,931b9f76e6a9f945626ea9438517af537eb5d13fce88a1da9f0cd08fdc2c48a7,1,120.0,1200,12,1.2s (at 10 Hz),True,0.9669583333333334,0.0003394076225915679,1,430.6993292253774,10.89,/Users/david/code/velocity.report/data/experiments/try/l3-settling-sweep/raw/columbus-broadway__neighbour_confirmation_count__2__o1.json,
2026-09-18T00:35:18-0700,11c6577e3ce2b3c18bdd345dd31f84f1a5b651bd,columbus-broadway,neighbour_confirmation_count,4,s2/s2_sf_3_20260902132537_00003.pcap,931b9f76e6a9f945626ea9438517af537eb5d13fce88a1da9f0cd08fdc2c48a7,1,120.0,1200,11,1.1s (at 10 Hz),True,0.9668194444444445,0.0001687089525992515,1,430.7478846733993,11.1,/Users/david/code/velocity.report/data/experiments/try/l3-settling-sweep/raw/columbus-broadway__neighbour_confirmation_count__4__o1.json,
2026-09-18T00:35:29-0700,11c6577e3ce2b3c18bdd345dd31f84f1a5b651bd,columbus-broadway,neighbour_confirmation_count,5,s2/s2_sf_3_20260902132537_00003.pcap,931b9f76e6a9f945626ea9438517af537eb5d13fce88a1da9f0cd08fdc2c48a7,1,120.0,1200,11,1.1s (at 10 Hz),True,0.9672361111111111,0.00017825795183756037,1,428.8481497968151,10.93,/Users/david/code/velocity.report/data/experiments/try/l3-settling-sweep/raw/columbus-broadway__neighbour_confirmation_count__5__o1.json,
2026-09-18T00:35:41-0700,11c6577e3ce2b3c18bdd345dd31f84f1a5b651bd,columbus-north-point,_baseline,default,s2/s2_sf_2_20260902115835_00031.pcap,04ce3b8ec1c67284e4d0259ea4b89743bfe97ea89ebd882b4acbebee27e8a777,1,120.0,1200,11,1.1s (at 10 Hz),True,0.9728472222222222,9.131771532107469e-05,1,839.2149047041188,11.52,/Users/david/code/velocity.report/data/experiments/try/l3-settling-sweep/raw/columbus-north-point___baseline__default__o1.json,
2026-09-18T00:35:52-0700,11c6577e3ce2b3c18bdd345dd31f84f1a5b651bd,columbus-north-point,closeness_multiplier,1.5,s2/s2_sf_2_20260902115835_00031.pcap,04ce3b8ec1c67284e4d0259ea4b89743bfe97ea89ebd882b4acbebee27e8a777,1,120.0,1200,11,1.1s (at 10 Hz),True,0.9714583333333333,4.9377124565103924e-05,1,823.0523411251697,11.31,/Users/david/code/velocity.report/data/experiments/try/l3-settling-sweep/raw/columbus-north-point__closeness_multiplier__1.5__o1.json,
2026-09-18T00:36:03-0700,11c6577e3ce2b3c18bdd345dd31f84f1a5b651bd,columbus-north-point,closeness_multiplier,2.25,s2/s2_sf_2_20260902115835_00031.pcap,04ce3b8ec1c67284e4d0259ea4b89743bfe97ea89ebd882b4acbebee27e8a777,1,120.0,1200,11,1.1s (at 10 Hz),True,0.9723611111111111,6.53191345262676e-05,1,826.3776746179117,10.96,/Users/david/code/velocity.report/data/experiments/try/l3-settling-sweep/raw/columbus-north-point__closeness_multiplier__2.25__o1.json,
2026-09-18T00:36:14-0700,11c6577e3ce2b3c18bdd345dd31f84f1a5b651bd,columbus-north-point,closeness_multiplier,4.0,s2/s2_sf_2_20260902115835_00031.pcap,04ce3b8ec1c67284e4d0259ea4b89743bfe97ea89ebd882b4acbebee27e8a777,1,120.0,1200,11,1.1s (at 10 Hz),True,0.9735555555555555,0.00021389355019838871,1,846.5513153389637,11.02,/Users/david/code/velocity.report/data/experiments/try/l3-settling-sweep/raw/columbus-north-point__closeness_multiplier__4.0__o1.json,
2026-09-18T00:36:25-0700,11c6577e3ce2b3c18bdd345dd31f84f1a5b651bd,columbus-north-point,closeness_multiplier,5.0,s2/s2_sf_2_20260902115835_00031.pcap,04ce3b8ec1c67284e4d0259ea4b89743bfe97ea89ebd882b4acbebee27e8a777,1,120.0,1200,11,1.1s (at 10 Hz),True,0.9735555555555555,0.0003824038926896352,1,864.7513124857338,11.57,/Users/david/code/velocity.report/data/experiments/try/l3-settling-sweep/raw/columbus-north-point__closeness_multiplier__5.0__o1.json,
2026-09-18T00:36:37-0700,11c6577e3ce2b3c18bdd345dd31f84f1a5b651bd,columbus-north-point,safety_margin_metres,0.05,s2/s2_sf_2_20260902115835_00031.pcap,04ce3b8ec1c67284e4d0259ea4b89743bfe97ea89ebd882b4acbebee27e8a777,1,120.0,1200,11,1.1s (at 10 Hz),True,0.9727638888888889,8.07809520900406e-05,1,833.9947743400106,11.1,/Users/david/code/velocity.report/data/experiments/try/l3-settling-sweep/raw/columbus-north-point__safety_margin_metres__0.05__o1.json,
2026-09-18T00:36:48-0700,11c6577e3ce2b3c18bdd345dd31f84f1a5b651bd,columbus-north-point,safety_margin_metres,0.1,s2/s2_sf_2_20260902115835_00031.pcap,04ce3b8ec1c67284e4d0259ea4b89743bfe97ea89ebd882b4acbebee27e8a777,1,120.0,1200,11,1.1s (at 10 Hz),True,0.9728888888888889,8.561984003482838e-05,1,837.4738179534033,11.18,/Users/david/code/velocity.report/data/experiments/try/l3-settling-sweep/raw/columbus-north-point__safety_margin_metres__0.1__o1.json,
2026-09-18T00:36:59-0700,11c6577e3ce2b3c18bdd345dd31f84f1a5b651bd,columbus-north-point,safety_margin_metres,0.22,s2/s2_sf_2_20260902115835_00031.pcap,04ce3b8ec1c67284e4d0259ea4b89743bfe97ea89ebd882b4acbebee27e8a777,1,120.0,1200,11,1.1s (at 10 Hz),True,0.9729166666666667,9.843115606750498e-05,1,838.7374304068522,11.1,/Users/david/code/velocity.report/data/experiments/try/l3-settling-sweep/raw/columbus-north-point__safety_margin_metres__0.22__o1.json,
2026-09-18T00:37:10-0700,11c6577e3ce2b3c18bdd345dd31f84f1a5b651bd,columbus-north-point,safety_margin_metres,0.3,s2/s2_sf_2_20260902115835_00031.pcap,04ce3b8ec1c67284e4d0259ea4b89743bfe97ea89ebd882b4acbebee27e8a777,1,120.0,1200,11,1.1s (at 10 Hz),True,0.9729861111111111,0.0001074090820381099,1,839.4853900506745,11.05,/Users/david/code/velocity.report/data/experiments/try/l3-settling-sweep/raw/columbus-north-point__safety_margin_metres__0.3__o1.json,
2026-09-18T00:37:21-0700,11c6577e3ce2b3c18bdd345dd31f84f1a5b651bd,columbus-north-point,noise_relative,0.005,s2/s2_sf_2_20260902115835_00031.pcap,04ce3b8ec1c67284e4d0259ea4b89743bfe97ea89ebd882b4acbebee27e8a777,1,120.0,1200,11,1.1s (at 10 Hz),True,0.9709444444444445,5.387867105987281e-05,1,814.3898266292842,11.12,/Users/david/code/velocity.report/data/experiments/try/l3-settling-sweep/raw/columbus-north-point__noise_relative__0.005__o1.json,
2026-09-18T00:37:32-0700,11c6577e3ce2b3c18bdd345dd31f84f1a5b651bd,columbus-north-point,noise_relative,0.01,s2/s2_sf_2_20260902115835_00031.pcap,04ce3b8ec1c67284e4d0259ea4b89743bfe97ea89ebd882b4acbebee27e8a777,1,120.0,1200,11,1.1s (at 10 Hz),True,0.9714722222222222,6.379230987603679e-05,1,825.522803305407,11.36,/Users/david/code/velocity.report/data/experiments/try/l3-settling-sweep/raw/columbus-north-point__noise_relative__0.01__o1.json,
2026-09-18T00:37:44-0700,11c6577e3ce2b3c18bdd345dd31f84f1a5b651bd,columbus-north-point,noise_relative,0.035,s2/s2_sf_2_20260902115835_00031.pcap,04ce3b8ec1c67284e4d0259ea4b89743bfe97ea89ebd882b4acbebee27e8a777,1,120.0,1200,11,1.1s (at 10 Hz),True,0.9742361111111111,0.00022480700531348684,1,857.7688359826075,11.77,/Users/david/code/velocity.report/data/experiments/try/l3-settling-sweep/raw/columbus-north-point__noise_relative__0.035__o1.json,
2026-09-18T00:37:58-0700,11c6577e3ce2b3c18bdd345dd31f84f1a5b651bd,columbus-north-point,noise_relative,0.05,s2/s2_sf_2_20260902115835_00031.pcap,04ce3b8ec1c67284e4d0259ea4b89743bfe97ea89ebd882b4acbebee27e8a777,1,120.0,1200,12,1.2s (at 10 Hz),True,0.9765833333333334,0.00045442071237945743,1,900.3879881673636,13.53,/Users/david/code/velocity.report/data/experiments/try/l3-settling-sweep/raw/columbus-north-point__noise_relative__0.05__o1.json,
2026-09-18T00:38:10-0700,11c6577e3ce2b3c18bdd345dd31f84f1a5b651bd,columbus-north-point,neighbour_confirmation_count,1,s2/s2_sf_2_20260902115835_00031.pcap,04ce3b8ec1c67284e4d0259ea4b89743bfe97ea89ebd882b4acbebee27e8a777,1,120.0,1200,358,35.8s (at 10 Hz),True,0.9767222222222223,0.0016855534035975493,1,874.7493032250725,12.33,/Users/david/code/velocity.report/data/experiments/try/l3-settling-sweep/raw/columbus-north-point__neighbour_confirmation_count__1__o1.json,
2026-09-18T00:38:21-0700,11c6577e3ce2b3c18bdd345dd31f84f1a5b651bd,columbus-north-point,neighbour_confirmation_count,2,s2/s2_sf_2_20260902115835_00031.pcap,04ce3b8ec1c67284e4d0259ea4b89743bfe97ea89ebd882b4acbebee27e8a777,1,120.0,1200,11,1.1s (at 10 Hz),True,0.9728888888888889,0.0002651555288280887,1,841.776952946551,11.22,/Users/david/code/velocity.report/data/experiments/try/l3-settling-sweep/raw/columbus-north-point__neighbour_confirmation_count__2__o1.json,
2026-09-18T00:38:33-0700,11c6577e3ce2b3c18bdd345dd31f84f1a5b651bd,columbus-north-point,neighbour_confirmation_count,4,s2/s2_sf_2_20260902115835_00031.pcap,04ce3b8ec1c67284e4d0259ea4b89743bfe97ea89ebd882b4acbebee27e8a777,1,120.0,1200,11,1.1s (at 10 Hz),True,0.9725416666666666,8.998016304195545e-05,1,838.5905488196736,11.27,/Users/david/code/velocity.report/data/experiments/try/l3-settling-sweep/raw/columbus-north-point__neighbour_confirmation_count__4__o1.json,
2026-09-18T00:38:44-0700,11c6577e3ce2b3c18bdd345dd31f84f1a5b651bd,columbus-north-point,neighbour_confirmation_count,5,s2/s2_sf_2_20260902115835_00031.pcap,04ce3b8ec1c67284e4d0259ea4b89743bfe97ea89ebd882b4acbebee27e8a777,1,120.0,1200,11,1.1s (at 10 Hz),True,0.9729583333333334,8.76816216275509e-05,1,837.2276419282543,11.15,/Users/david/code/velocity.report/data/experiments/try/l3-settling-sweep/raw/columbus-north-point__neighbour_confirmation_count__5__o1.json,
2026-09-18T00:38:55-0700,11c6577e3ce2b3c18bdd345dd31f84f1a5b651bd,embarcadero-bay,_baseline,default,s2/s2_sf_2_20260902124017_00003.pcap,28b927078c768b89c906decb0ec8ec902010eda7e14ef552b8b7a751714a24b9,1,120.0,1200,11,1.1s (at 10 Hz),True,0.9705138888888889,0.0001892227251981651,1,601.5772142478927,11.18,/Users/david/code/velocity.report/data/experiments/try/l3-settling-sweep/raw/embarcadero-bay___baseline__default__o1.json,
2026-09-18T00:39:06-0700,11c6577e3ce2b3c18bdd345dd31f84f1a5b651bd,embarcadero-bay,closeness_multiplier,1.5,s2/s2_sf_2_20260902124017_00003.pcap,28b927078c768b89c906decb0ec8ec902010eda7e14ef552b8b7a751714a24b9,1,120.0,1200,11,1.1s (at 10 Hz),True,0.966375,8.57033297014277e-05,1,573.6046939450122,10.85,/Users/david/code/velocity.report/data/experiments/try/l3-settling-sweep/raw/embarcadero-bay__closeness_multiplier__1.5__o1.json,
2026-09-18T00:39:17-0700,11c6577e3ce2b3c18bdd345dd31f84f1a5b651bd,embarcadero-bay,closeness_multiplier,2.25,s2/s2_sf_2_20260902124017_00003.pcap,28b927078c768b89c906decb0ec8ec902010eda7e14ef552b8b7a751714a24b9,1,120.0,1200,11,1.1s (at 10 Hz),True,0.968625,0.00011664173692487851,1,586.5119657016676,10.63,/Users/david/code/velocity.report/data/experiments/try/l3-settling-sweep/raw/embarcadero-bay__closeness_multiplier__2.25__o1.json,
2026-09-18T00:39:27-0700,11c6577e3ce2b3c18bdd345dd31f84f1a5b651bd,embarcadero-bay,closeness_multiplier,4.0,s2/s2_sf_2_20260902124017_00003.pcap,28b927078c768b89c906decb0ec8ec902010eda7e14ef552b8b7a751714a24b9,1,120.0,1200,11,1.1s (at 10 Hz),True,0.9718472222222222,0.0002467385945101276,1,622.0396152801795,10.63,/Users/david/code/velocity.report/data/experiments/try/l3-settling-sweep/raw/embarcadero-bay__closeness_multiplier__4.0__o1.json,
2026-09-18T00:39:38-0700,11c6577e3ce2b3c18bdd345dd31f84f1a5b651bd,embarcadero-bay,closeness_multiplier,5.0,s2/s2_sf_2_20260902124017_00003.pcap,28b927078c768b89c906decb0ec8ec902010eda7e14ef552b8b7a751714a24b9,1,120.0,1200,11,1.1s (at 10 Hz),True,0.9730694444444444,0.00043256280711204,1,647.8721399922924,10.75,/Users/david/code/velocity.report/data/experiments/try/l3-settling-sweep/raw/embarcadero-bay__closeness_multiplier__5.0__o1.json,
2026-09-18T00:39:49-0700,11c6577e3ce2b3c18bdd345dd31f84f1a5b651bd,embarcadero-bay,safety_margin_metres,0.05,s2/s2_sf_2_20260902124017_00003.pcap,28b927078c768b89c906decb0ec8ec902010eda7e14ef552b8b7a751714a24b9,1,120.0,1200,11,1.1s (at 10 Hz),True,0.9701666666666666,0.00016677398461584168,1,597.8298831815839,10.84,/Users/david/code/velocity.report/data/experiments/try/l3-settling-sweep/raw/embarcadero-bay__safety_margin_metres__0.05__o1.json,
2026-09-18T00:40:00-0700,11c6577e3ce2b3c18bdd345dd31f84f1a5b651bd,embarcadero-bay,safety_margin_metres,0.1,s2/s2_sf_2_20260902124017_00003.pcap,28b927078c768b89c906decb0ec8ec902010eda7e14ef552b8b7a751714a24b9,1,120.0,1200,11,1.1s (at 10 Hz),True,0.9703472222222222,0.0001762007302641774,1,607.1451656766621,11.18,/Users/david/code/velocity.report/data/experiments/try/l3-settling-sweep/raw/embarcadero-bay__safety_margin_metres__0.1__o1.json,
2026-09-18T00:40:12-0700,11c6577e3ce2b3c18bdd345dd31f84f1a5b651bd,embarcadero-bay,safety_margin_metres,0.22,s2/s2_sf_2_20260902124017_00003.pcap,28b927078c768b89c906decb0ec8ec902010eda7e14ef552b8b7a751714a24b9,1,120.0,1200,11,1.1s (at 10 Hz),True,0.9710277777777778,0.00018364697948267418,1,609.2857796721687,11.74,/Users/david/code/velocity.report/data/experiments/try/l3-settling-sweep/raw/embarcadero-bay__safety_margin_metres__0.22__o1.json,
2026-09-18T00:40:23-0700,11c6577e3ce2b3c18bdd345dd31f84f1a5b651bd,embarcadero-bay,safety_margin_metres,0.3,s2/s2_sf_2_20260902124017_00003.pcap,28b927078c768b89c906decb0ec8ec902010eda7e14ef552b8b7a751714a24b9,1,120.0,1200,11,1.1s (at 10 Hz),True,0.9712083333333333,0.00019185172075269656,1,607.1797731920432,10.85,/Users/david/code/velocity.report/data/experiments/try/l3-settling-sweep/raw/embarcadero-bay__safety_margin_metres__0.3__o1.json,
2026-09-18T00:40:35-0700,11c6577e3ce2b3c18bdd345dd31f84f1a5b651bd,embarcadero-bay,noise_relative,0.005,s2/s2_sf_2_20260902124017_00003.pcap,28b927078c768b89c906decb0ec8ec902010eda7e14ef552b8b7a751714a24b9,1,120.0,1200,11,1.1s (at 10 Hz),True,0.9645416666666666,7.645462358233723e-05,1,566.7616887698533,12.21,/Users/david/code/velocity.report/data/experiments/try/l3-settling-sweep/raw/embarcadero-bay__noise_relative__0.005__o1.json,
2026-09-18T00:40:46-0700,11c6577e3ce2b3c18bdd345dd31f84f1a5b651bd,embarcadero-bay,noise_relative,0.01,s2/s2_sf_2_20260902124017_00003.pcap,28b927078c768b89c906decb0ec8ec902010eda7e14ef552b8b7a751714a24b9,1,120.0,1200,11,1.1s (at 10 Hz),True,0.9667083333333333,0.00012038283949661038,1,588.1891297788889,11.56,/Users/david/code/velocity.report/data/experiments/try/l3-settling-sweep/raw/embarcadero-bay__noise_relative__0.01__o1.json,
2026-09-18T00:40:58-0700,11c6577e3ce2b3c18bdd345dd31f84f1a5b651bd,embarcadero-bay,noise_relative,0.035,s2/s2_sf_2_20260902124017_00003.pcap,28b927078c768b89c906decb0ec8ec902010eda7e14ef552b8b7a751714a24b9,1,120.0,1200,11,1.1s (at 10 Hz),True,0.9732361111111111,0.00032588647479523216,1,646.9731422944643,11.59,/Users/david/code/velocity.report/data/experiments/try/l3-settling-sweep/raw/embarcadero-bay__noise_relative__0.035__o1.json,
2026-09-18T00:41:09-0700,11c6577e3ce2b3c18bdd345dd31f84f1a5b651bd,embarcadero-bay,noise_relative,0.05,s2/s2_sf_2_20260902124017_00003.pcap,28b927078c768b89c906decb0ec8ec902010eda7e14ef552b8b7a751714a24b9,1,120.0,1200,24,2.4s (at 10 Hz),True,0.9743472222222223,0.0005754007684919138,1,688.6478126380911,11.37,/Users/david/code/velocity.report/data/experiments/try/l3-settling-sweep/raw/embarcadero-bay__noise_relative__0.05__o1.json,
2026-09-18T00:41:20-0700,11c6577e3ce2b3c18bdd345dd31f84f1a5b651bd,embarcadero-bay,neighbour_confirmation_count,1,s2/s2_sf_2_20260902124017_00003.pcap,28b927078c768b89c906decb0ec8ec902010eda7e14ef552b8b7a751714a24b9,1,120.0,1200,-1,unknown,False,0.9741527777777778,0.0016151694859564785,1,636.4811445843254,10.91,/Users/david/code/velocity.report/data/experiments/try/l3-settling-sweep/raw/embarcadero-bay__neighbour_confirmation_count__1__o1.json,
2026-09-18T00:41:31-0700,11c6577e3ce2b3c18bdd345dd31f84f1a5b651bd,embarcadero-bay,neighbour_confirmation_count,2,s2/s2_sf_2_20260902124017_00003.pcap,28b927078c768b89c906decb0ec8ec902010eda7e14ef552b8b7a751714a24b9,1,120.0,1200,14,1.4s (at 10 Hz),True,0.9712361111111111,0.00031779913084142424,1,602.1697864977334,10.84,/Users/david/code/velocity.report/data/experiments/try/l3-settling-sweep/raw/embarcadero-bay__neighbour_confirmation_count__2__o1.json,
2026-09-18T00:41:45-0700,11c6577e3ce2b3c18bdd345dd31f84f1a5b651bd,embarcadero-bay,neighbour_confirmation_count,4,s2/s2_sf_2_20260902124017_00003.pcap,28b927078c768b89c906decb0ec8ec902010eda7e14ef552b8b7a751714a24b9,1,120.0,1200,11,1.1s (at 10 Hz),True,0.9707083333333333,0.00019748211373719733,1,617.7822180252107,13.63,/Users/david/code/velocity.report/data/experiments/try/l3-settling-sweep/raw/embarcadero-bay__neighbour_confirmation_count__4__o1.json,
2026-09-18T00:41:57-0700,11c6577e3ce2b3c18bdd345dd31f84f1a5b651bd,embarcadero-bay,neighbour_confirmation_count,5,s2/s2_sf_2_20260902124017_00003.pcap,28b927078c768b89c906decb0ec8ec902010eda7e14ef552b8b7a751714a24b9,1,120.0,1200,11,1.1s (at 10 Hz),True,0.9706388888888889,0.00017189139812222632,1,609.9192399049881,11.7,/Users/david/code/velocity.report/data/experiments/try/l3-settling-sweep/raw/embarcadero-bay__neighbour_confirmation_count__5__o1.json,
2026-09-18T00:42:08-0700,11c6577e3ce2b3c18bdd345dd31f84f1a5b651bd,embarcadero-broadway,_baseline,default,s2/s2_sf_4_20260902152749_00002.pcap,4df20ccf7f0be950fd56b3f464f20bf64baaf3d29a647a60e5558ad883c42406,1,120.0,1200,11,1.1s (at 10 Hz),True,0.9521666666666667,0.00011876132914217648,1,515.3782017620631,11.22,/Users/david/code/velocity.report/data/experiments/try/l3-settling-sweep/raw/embarcadero-broadway___baseline__default__o1.json,
2026-09-18T00:42:19-0700,11c6577e3ce2b3c18bdd345dd31f84f1a5b651bd,embarcadero-broadway,closeness_multiplier,1.5,s2/s2_sf_4_20260902152749_00002.pcap,4df20ccf7f0be950fd56b3f464f20bf64baaf3d29a647a60e5558ad883c42406,1,120.0,1200,11,1.1s (at 10 Hz),True,0.9469305555555556,7.807243276070282e-05,1,496.53868493231056,10.68,/Users/david/code/velocity.report/data/experiments/try/l3-settling-sweep/raw/embarcadero-broadway__closeness_multiplier__1.5__o1.json,
2026-09-18T00:42:29-0700,11c6577e3ce2b3c18bdd345dd31f84f1a5b651bd,embarcadero-broadway,closeness_multiplier,2.25,s2/s2_sf_4_20260902152749_00002.pcap,4df20ccf7f0be950fd56b3f464f20bf64baaf3d29a647a60e5558ad883c42406,1,120.0,1200,11,1.1s (at 10 Hz),True,0.9503055555555555,0.00010218223564729988,1,511.0309403408261,10.73,/Users/david/code/velocity.report/data/experiments/try/l3-settling-sweep/raw/embarcadero-broadway__closeness_multiplier__2.25__o1.json,
2026-09-18T00:42:41-0700,11c6577e3ce2b3c18bdd345dd31f84f1a5b651bd,embarcadero-broadway,closeness_multiplier,4.0,s2/s2_sf_4_20260902152749_00002.pcap,4df20ccf7f0be950fd56b3f464f20bf64baaf3d29a647a60e5558ad883c42406,1,120.0,1200,11,1.1s (at 10 Hz),True,0.9535,0.0001861964654872704,1,528.6581599953388,11.55,/Users/david/code/velocity.report/data/experiments/try/l3-settling-sweep/raw/embarcadero-broadway__closeness_multiplier__4.0__o1.json,
2026-09-18T00:42:52-0700,11c6577e3ce2b3c18bdd345dd31f84f1a5b651bd,embarcadero-broadway,closeness_multiplier,5.0,s2/s2_sf_4_20260902152749_00002.pcap,4df20ccf7f0be950fd56b3f464f20bf64baaf3d29a647a60e5558ad883c42406,1,120.0,1200,11,1.1s (at 10 Hz),True,0.9548888888888889,0.0003042191019038348,1,538.9719135443332,11.2,/Users/david/code/velocity.report/data/experiments/try/l3-settling-sweep/raw/embarcadero-broadway__closeness_multiplier__5.0__o1.json,
2026-09-18T00:43:03-0700,11c6577e3ce2b3c18bdd345dd31f84f1a5b651bd,embarcadero-broadway,safety_margin_metres,0.05,s2/s2_sf_4_20260902152749_00002.pcap,4df20ccf7f0be950fd56b3f464f20bf64baaf3d29a647a60e5558ad883c42406,1,120.0,1200,11,1.1s (at 10 Hz),True,0.9515972222222222,0.00012447324394099108,1,514.84555206889,10.82,/Users/david/code/velocity.report/data/experiments/try/l3-settling-sweep/raw/embarcadero-broadway__safety_margin_metres__0.05__o1.json,
2026-09-18T00:43:14-0700,11c6577e3ce2b3c18bdd345dd31f84f1a5b651bd,embarcadero-broadway,safety_margin_metres,0.1,s2/s2_sf_4_20260902152749_00002.pcap,4df20ccf7f0be950fd56b3f464f20bf64baaf3d29a647a60e5558ad883c42406,1,120.0,1200,11,1.1s (at 10 Hz),True,0.9518333333333333,0.0001182763145689476,1,513.448710091636,10.81,/Users/david/code/velocity.report/data/experiments/try/l3-settling-sweep/raw/embarcadero-broadway__safety_margin_metres__0.1__o1.json,
2026-09-18T00:43:24-0700,11c6577e3ce2b3c18bdd345dd31f84f1a5b651bd,embarcadero-broadway,safety_margin_metres,0.22,s2/s2_sf_4_20260902152749_00002.pcap,4df20ccf7f0be950fd56b3f464f20bf64baaf3d29a647a60e5558ad883c42406,1,120.0,1200,11,1.1s (at 10 Hz),True,0.9523611111111111,0.00012292301513046021,1,521.1155753244859,10.51,/Users/david/code/velocity.report/data/experiments/try/l3-settling-sweep/raw/embarcadero-broadway__safety_margin_metres__0.22__o1.json,
2026-09-18T00:43:35-0700,11c6577e3ce2b3c18bdd345dd31f84f1a5b651bd,embarcadero-broadway,safety_margin_metres,0.3,s2/s2_sf_4_20260902152749_00002.pcap,4df20ccf7f0be950fd56b3f464f20bf64baaf3d29a647a60e5558ad883c42406,1,120.0,1200,11,1.1s (at 10 Hz),True,0.953,0.0001244889043275844,1,518.9007811589133,10.99,/Users/david/code/velocity.report/data/experiments/try/l3-settling-sweep/raw/embarcadero-broadway__safety_margin_metres__0.3__o1.json,
2026-09-18T00:43:47-0700,11c6577e3ce2b3c18bdd345dd31f84f1a5b651bd,embarcadero-broadway,noise_relative,0.005,s2/s2_sf_4_20260902152749_00002.pcap,4df20ccf7f0be950fd56b3f464f20bf64baaf3d29a647a60e5558ad883c42406,1,120.0,1200,11,1.1s (at 10 Hz),True,0.9429861111111111,5.378318799114218e-05,1,493.8717136755284,11.61,/Users/david/code/velocity.report/data/experiments/try/l3-settling-sweep/raw/embarcadero-broadway__noise_relative__0.005__o1.json,
2026-09-18T00:43:57-0700,11c6577e3ce2b3c18bdd345dd31f84f1a5b651bd,embarcadero-broadway,noise_relative,0.01,s2/s2_sf_4_20260902152749_00002.pcap,4df20ccf7f0be950fd56b3f464f20bf64baaf3d29a647a60e5558ad883c42406,1,120.0,1200,11,1.1s (at 10 Hz),True,0.9475972222222222,7.708726268004338e-05,1,500.0948598062351,10.53,/Users/david/code/velocity.report/data/experiments/try/l3-settling-sweep/raw/embarcadero-broadway__noise_relative__0.01__o1.json,
2026-09-18T00:44:08-0700,11c6577e3ce2b3c18bdd345dd31f84f1a5b651bd,embarcadero-broadway,noise_relative,0.035,s2/s2_sf_4_20260902152749_00002.pcap,4df20ccf7f0be950fd56b3f464f20bf64baaf3d29a647a60e5558ad883c42406,1,120.0,1200,11,1.1s (at 10 Hz),True,0.9552361111111111,0.0002494092953710316,1,533.0774095991393,10.71,/Users/david/code/velocity.report/data/experiments/try/l3-settling-sweep/raw/embarcadero-broadway__noise_relative__0.035__o1.json,
2026-09-18T00:44:19-0700,11c6577e3ce2b3c18bdd345dd31f84f1a5b651bd,embarcadero-broadway,noise_relative,0.05,s2/s2_sf_4_20260902152749_00002.pcap,4df20ccf7f0be950fd56b3f464f20bf64baaf3d29a647a60e5558ad883c42406,1,120.0,1200,25,2.5s (at 10 Hz),True,0.95725,0.0005004676940693707,1,556.5628971881257,10.82,/Users/david/code/velocity.report/data/experiments/try/l3-settling-sweep/raw/embarcadero-broadway__noise_relative__0.05__o1.json,
2026-09-18T00:44:30-0700,11c6577e3ce2b3c18bdd345dd31f84f1a5b651bd,embarcadero-broadway,neighbour_confirmation_count,1,s2/s2_sf_4_20260902152749_00002.pcap,4df20ccf7f0be950fd56b3f464f20bf64baaf3d29a647a60e5558ad883c42406,1,120.0,1200,-1,unknown,False,0.9575,0.0013460954883560583,1,540.6865680301712,10.83,/Users/david/code/velocity.report/data/experiments/try/l3-settling-sweep/raw/embarcadero-broadway__neighbour_confirmation_count__1__o1.json,
2026-09-18T00:44:41-0700,11c6577e3ce2b3c18bdd345dd31f84f1a5b651bd,embarcadero-broadway,neighbour_confirmation_count,2,s2/s2_sf_4_20260902152749_00002.pcap,4df20ccf7f0be950fd56b3f464f20bf64baaf3d29a647a60e5558ad883c42406,1,120.0,1200,11,1.1s (at 10 Hz),True,0.9530416666666667,0.0002622899557326133,1,522.1853713985922,11.05,/Users/david/code/velocity.report/data/experiments/try/l3-settling-sweep/raw/embarcadero-broadway__neighbour_confirmation_count__2__o1.json,
2026-09-18T00:44:52-0700,11c6577e3ce2b3c18bdd345dd31f84f1a5b651bd,embarcadero-broadway,neighbour_confirmation_count,4,s2/s2_sf_4_20260902152749_00002.pcap,4df20ccf7f0be950fd56b3f464f20bf64baaf3d29a647a60e5558ad883c42406,1,120.0,1200,11,1.1s (at 10 Hz),True,0.9520972222222223,0.00012685525605893156,1,514.2393108780324,10.91,/Users/david/code/velocity.report/data/experiments/try/l3-settling-sweep/raw/embarcadero-broadway__neighbour_confirmation_count__4__o1.json,
2026-09-18T00:45:03-0700,11c6577e3ce2b3c18bdd345dd31f84f1a5b651bd,embarcadero-broadway,neighbour_confirmation_count,5,s2/s2_sf_4_20260902152749_00002.pcap,4df20ccf7f0be950fd56b3f464f20bf64baaf3d29a647a60e5558ad883c42406,1,120.0,1200,11,1.1s (at 10 Hz),True,0.9524166666666667,0.00012295501422691465,1,514.6635313675737,10.72,/Users/david/code/velocity.report/data/experiments/try/l3-settling-sweep/raw/embarcadero-broadway__neighbour_confirmation_count__5__o1.json,
2026-09-18T00:45:14-0700,11c6577e3ce2b3c18bdd345dd31f84f1a5b651bd,embarcadero-bryant,_baseline,default,s2/s2_sf_8_20260903144538_00012.pcap,c1501b20b206ee34a9fdc2a8e3cf9bbdf67dfa49839efe3732832ecb88d8beec,1,120.0,1201,14,1.4s (at 10 Hz),True,0.9340972222222222,3.215464526964234e-05,1,535.2747007657423,10.93,/Users/david/code/velocity.report/data/experiments/try/l3-settling-sweep/raw/embarcadero-bryant___baseline__default__o1.json,
2026-09-18T00:45:24-0700,11c6577e3ce2b3c18bdd345dd31f84f1a5b651bd,embarcadero-bryant,closeness_multiplier,1.5,s2/s2_sf_8_20260903144538_00012.pcap,c1501b20b206ee34a9fdc2a8e3cf9bbdf67dfa49839efe3732832ecb88d8beec,1,120.0,1201,14,1.4s (at 10 Hz),True,0.9275694444444444,9.844254192218387e-06,1,510.77427566070224,10.49,/Users/david/code/velocity.report/data/experiments/try/l3-settling-sweep/raw/embarcadero-bryant__closeness_multiplier__1.5__o1.json,
2026-09-18T00:45:35-0700,11c6577e3ce2b3c18bdd345dd31f84f1a5b651bd,embarcadero-bryant,closeness_multiplier,2.25,s2/s2_sf_8_20260903144538_00012.pcap,c1501b20b206ee34a9fdc2a8e3cf9bbdf67dfa49839efe3732832ecb88d8beec,1,120.0,1201,14,1.4s (at 10 Hz),True,0.9310277777777778,2.1320288868549136e-05,1,527.6465226601426,10.74,/Users/david/code/velocity.report/data/experiments/try/l3-settling-sweep/raw/embarcadero-bryant__closeness_multiplier__2.25__o1.json,
2026-09-18T00:45:45-0700,11c6577e3ce2b3c18bdd345dd31f84f1a5b651bd,embarcadero-bryant,closeness_multiplier,4.0,s2/s2_sf_8_20260903144538_00012.pcap,c1501b20b206ee34a9fdc2a8e3cf9bbdf67dfa49839efe3732832ecb88d8beec,1,120.0,1201,14,1.4s (at 10 Hz),True,0.9390694444444444,6.167740778454254e-05,1,540.5339505716356,10.51,/Users/david/code/velocity.report/data/experiments/try/l3-settling-sweep/raw/embarcadero-bryant__closeness_multiplier__4.0__o1.json,
2026-09-18T00:45:56-0700,11c6577e3ce2b3c18bdd345dd31f84f1a5b651bd,embarcadero-bryant,closeness_multiplier,5.0,s2/s2_sf_8_20260903144538_00012.pcap,c1501b20b206ee34a9fdc2a8e3cf9bbdf67dfa49839efe3732832ecb88d8beec,1,120.0,1201,14,1.4s (at 10 Hz),True,0.9334166666666667,8.986410846880453e-05,1,564.1503585989346,10.85,/Users/david/code/velocity.report/data/experiments/try/l3-settling-sweep/raw/embarcadero-bryant__closeness_multiplier__5.0__o1.json,
2026-09-18T00:46:07-0700,11c6577e3ce2b3c18bdd345dd31f84f1a5b651bd,embarcadero-bryant,safety_margin_metres,0.05,s2/s2_sf_8_20260903144538_00012.pcap,c1501b20b206ee34a9fdc2a8e3cf9bbdf67dfa49839efe3732832ecb88d8beec,1,120.0,1201,14,1.4s (at 10 Hz),True,0.9333611111111111,3.2002942021344695e-05,1,537.1167078360763,10.87,/Users/david/code/velocity.report/data/experiments/try/l3-settling-sweep/raw/embarcadero-bryant__safety_margin_metres__0.05__o1.json,
2026-09-18T00:46:18-0700,11c6577e3ce2b3c18bdd345dd31f84f1a5b651bd,embarcadero-bryant,safety_margin_metres,0.1,s2/s2_sf_8_20260903144538_00012.pcap,c1501b20b206ee34a9fdc2a8e3cf9bbdf67dfa49839efe3732832ecb88d8beec,1,120.0,1201,14,1.4s (at 10 Hz),True,0.9310555555555555,3.532781545686859e-05,1,536.2302941702966,10.76,/Users/david/code/velocity.report/data/experiments/try/l3-settling-sweep/raw/embarcadero-bryant__safety_margin_metres__0.1__o1.json,
2026-09-18T00:46:30-0700,11c6577e3ce2b3c18bdd345dd31f84f1a5b651bd,embarcadero-bryant,safety_margin_metres,0.22,s2/s2_sf_8_20260903144538_00012.pcap,c1501b20b206ee34a9fdc2a8e3cf9bbdf67dfa49839efe3732832ecb88d8beec,1,120.0,1201,14,1.4s (at 10 Hz),True,0.9332222222222222,3.9589186563127824e-05,1,555.0561376354328,11.88,/Users/david/code/velocity.report/data/experiments/try/l3-settling-sweep/raw/embarcadero-bryant__safety_margin_metres__0.22__o1.json,
2026-09-18T00:46:40-0700,11c6577e3ce2b3c18bdd345dd31f84f1a5b651bd,embarcadero-bryant,safety_margin_metres,0.3,s2/s2_sf_8_20260903144538_00012.pcap,c1501b20b206ee34a9fdc2a8e3cf9bbdf67dfa49839efe3732832ecb88d8beec,1,120.0,1201,14,1.4s (at 10 Hz),True,0.9380416666666667,3.536181022199629e-05,1,531.756659115474,10.66,/Users/david/code/velocity.report/data/experiments/try/l3-settling-sweep/raw/embarcadero-bryant__safety_margin_metres__0.3__o1.json,
2026-09-18T00:46:51-0700,11c6577e3ce2b3c18bdd345dd31f84f1a5b651bd,embarcadero-bryant,noise_relative,0.005,s2/s2_sf_8_20260903144538_00012.pcap,c1501b20b206ee34a9fdc2a8e3cf9bbdf67dfa49839efe3732832ecb88d8beec,1,120.0,1201,14,1.4s (at 10 Hz),True,0.9236388888888889,1.1475655015228956e-05,1,495.62441731075756,10.27,/Users/david/code/velocity.report/data/experiments/try/l3-settling-sweep/raw/embarcadero-bryant__noise_relative__0.005__o1.json,
2026-09-18T00:47:01-0700,11c6577e3ce2b3c18bdd345dd31f84f1a5b651bd,embarcadero-bryant,noise_relative,0.01,s2/s2_sf_8_20260903144538_00012.pcap,c1501b20b206ee34a9fdc2a8e3cf9bbdf67dfa49839efe3732832ecb88d8beec,1,120.0,1201,14,1.4s (at 10 Hz),True,0.9282916666666666,1.3075630413420597e-05,1,505.53174140072116,10.3,/Users/david/code/velocity.report/data/experiments/try/l3-settling-sweep/raw/embarcadero-bryant__noise_relative__0.01__o1.json,
2026-09-18T00:47:12-0700,11c6577e3ce2b3c18bdd345dd31f84f1a5b651bd,embarcadero-bryant,noise_relative,0.035,s2/s2_sf_8_20260903144538_00012.pcap,c1501b20b206ee34a9fdc2a8e3cf9bbdf67dfa49839efe3732832ecb88d8beec,1,120.0,1201,14,1.4s (at 10 Hz),True,0.9405833333333333,6.786505436123572e-05,1,558.146230176309,10.79,/Users/david/code/velocity.report/data/experiments/try/l3-settling-sweep/raw/embarcadero-bryant__noise_relative__0.035__o1.json,
2026-09-18T00:47:22-0700,11c6577e3ce2b3c18bdd345dd31f84f1a5b651bd,embarcadero-bryant,noise_relative,0.05,s2/s2_sf_8_20260903144538_00012.pcap,c1501b20b206ee34a9fdc2a8e3cf9bbdf67dfa49839efe3732832ecb88d8beec,1,120.0,1201,30,3.0s (at 10 Hz),True,0.948,0.00010338043066235482,1,561.1587113220816,10.29,/Users/david/code/velocity.report/data/experiments/try/l3-settling-sweep/raw/embarcadero-bryant__noise_relative__0.05__o1.json,
2026-09-18T00:47:32-0700,11c6577e3ce2b3c18bdd345dd31f84f1a5b651bd,embarcadero-bryant,neighbour_confirmation_count,1,s2/s2_sf_8_20260903144538_00012.pcap,c1501b20b206ee34a9fdc2a8e3cf9bbdf67dfa49839efe3732832ecb88d8beec,1,120.0,1201,1201,120.1s (at 10 Hz),True,0.9500277777777778,0.0002209589076828744,1,561.8602233852812,10.17,/Users/david/code/velocity.report/data/experiments/try/l3-settling-sweep/raw/embarcadero-bryant__neighbour_confirmation_count__1__o1.json,
2026-09-18T00:47:43-0700,11c6577e3ce2b3c18bdd345dd31f84f1a5b651bd,embarcadero-bryant,neighbour_confirmation_count,2,s2/s2_sf_8_20260903144538_00012.pcap,c1501b20b206ee34a9fdc2a8e3cf9bbdf67dfa49839efe3732832ecb88d8beec,1,120.0,1201,27,2.7s (at 10 Hz),True,0.9346388888888889,6.865067700334926e-05,1,525.3362855529467,10.22,/Users/david/code/velocity.report/data/experiments/try/l3-settling-sweep/raw/embarcadero-bryant__neighbour_confirmation_count__2__o1.json,
2026-09-18T00:47:53-0700,11c6577e3ce2b3c18bdd345dd31f84f1a5b651bd,embarcadero-bryant,neighbour_confirmation_count,4,s2/s2_sf_8_20260903144538_00012.pcap,c1501b20b206ee34a9fdc2a8e3cf9bbdf67dfa49839efe3732832ecb88d8beec,1,120.0,1201,14,1.4s (at 10 Hz),True,0.933625,4.055520450036231e-05,1,529.3014980437661,10.53,/Users/david/code/velocity.report/data/experiments/try/l3-settling-sweep/raw/embarcadero-bryant__neighbour_confirmation_count__4__o1.json,
2026-09-18T00:48:04-0700,11c6577e3ce2b3c18bdd345dd31f84f1a5b651bd,embarcadero-bryant,neighbour_confirmation_count,5,s2/s2_sf_8_20260903144538_00012.pcap,c1501b20b206ee34a9fdc2a8e3cf9bbdf67dfa49839efe3732832ecb88d8beec,1,120.0,1201,14,1.4s (at 10 Hz),True,0.9344027777777778,3.3091487047662596e-05,1,527.5348038705649,10.5,/Users/david/code/velocity.report/data/experiments/try/l3-settling-sweep/raw/embarcadero-bryant__neighbour_confirmation_count__5__o1.json,
2026-09-18T00:48:15-0700,11c6577e3ce2b3c18bdd345dd31f84f1a5b651bd,embarcadero-folsom,_baseline,default,s2/s2_sf_7_20260903132248_00002.pcap,d11d32c4c163fe9b4e85de4145d115dd9af9e8c39df44702f43014386e08ace6,1,120.0,1200,11,1.1s (at 10 Hz),True,0.9414583333333333,0.00010918494274849651,1,500.0942833960316,10.89,/Users/david/code/velocity.report/data/experiments/try/l3-settling-sweep/raw/embarcadero-folsom___baseline__default__o1.json,
2026-09-18T00:48:25-0700,11c6577e3ce2b3c18bdd345dd31f84f1a5b651bd,embarcadero-folsom,closeness_multiplier,1.5,s2/s2_sf_7_20260903132248_00002.pcap,d11d32c4c163fe9b4e85de4145d115dd9af9e8c39df44702f43014386e08ace6,1,120.0,1200,11,1.1s (at 10 Hz),True,0.9376388888888889,7.442798317934763e-05,1,478.28213597985484,10.54,/Users/david/code/velocity.report/data/experiments/try/l3-settling-sweep/raw/embarcadero-folsom__closeness_multiplier__1.5__o1.json,
2026-09-18T00:48:36-0700,11c6577e3ce2b3c18bdd345dd31f84f1a5b651bd,embarcadero-folsom,closeness_multiplier,2.25,s2/s2_sf_7_20260903132248_00002.pcap,d11d32c4c163fe9b4e85de4145d115dd9af9e8c39df44702f43014386e08ace6,1,120.0,1200,11,1.1s (at 10 Hz),True,0.9406527777777778,9.105841256520653e-05,1,489.4890663989251,10.61,/Users/david/code/velocity.report/data/experiments/try/l3-settling-sweep/raw/embarcadero-folsom__closeness_multiplier__2.25__o1.json,
2026-09-18T00:48:46-0700,11c6577e3ce2b3c18bdd345dd31f84f1a5b651bd,embarcadero-folsom,closeness_multiplier,4.0,s2/s2_sf_7_20260903132248_00002.pcap,d11d32c4c163fe9b4e85de4145d115dd9af9e8c39df44702f43014386e08ace6,1,120.0,1200,11,1.1s (at 10 Hz),True,0.9424722222222223,0.00016694832812414161,1,509.22645819210703,10.68,/Users/david/code/velocity.report/data/experiments/try/l3-settling-sweep/raw/embarcadero-folsom__closeness_multiplier__4.0__o1.json,
2026-09-18T00:48:57-0700,11c6577e3ce2b3c18bdd345dd31f84f1a5b651bd,embarcadero-folsom,closeness_multiplier,5.0,s2/s2_sf_7_20260903132248_00002.pcap,d11d32c4c163fe9b4e85de4145d115dd9af9e8c39df44702f43014386e08ace6,1,120.0,1200,11,1.1s (at 10 Hz),True,0.9442777777777778,0.0001956572029916832,1,517.1557039477555,10.51,/Users/david/code/velocity.report/data/experiments/try/l3-settling-sweep/raw/embarcadero-folsom__closeness_multiplier__5.0__o1.json,
2026-09-18T00:49:10-0700,11c6577e3ce2b3c18bdd345dd31f84f1a5b651bd,embarcadero-folsom,safety_margin_metres,0.05,s2/s2_sf_7_20260903132248_00002.pcap,d11d32c4c163fe9b4e85de4145d115dd9af9e8c39df44702f43014386e08ace6,1,120.0,1200,11,1.1s (at 10 Hz),True,0.9398888888888889,0.00017503427388953677,1,539.8228809551956,13.17,/Users/david/code/velocity.report/data/experiments/try/l3-settling-sweep/raw/embarcadero-folsom__safety_margin_metres__0.05__o1.json,
2026-09-18T00:49:22-0700,11c6577e3ce2b3c18bdd345dd31f84f1a5b651bd,embarcadero-folsom,safety_margin_metres,0.1,s2/s2_sf_7_20260903132248_00002.pcap,d11d32c4c163fe9b4e85de4145d115dd9af9e8c39df44702f43014386e08ace6,1,120.0,1200,11,1.1s (at 10 Hz),True,0.94125,0.00013381740939212068,1,511.7090748118637,11.49,/Users/david/code/velocity.report/data/experiments/try/l3-settling-sweep/raw/embarcadero-folsom__safety_margin_metres__0.1__o1.json,
2026-09-18T01:40:44-0700,de78dd6fba779f902afc3972f846be1b58fd3a38,1st-mission,noise_relative,0.065,s2/s2_sf_8_20260903141035_00005.pcap,cfa3a235463bbe3a89895c85c2cef4fc138996d6447eebddaac7eb38b78a3c11,0,120.0,1200,439,43.9s (at 10 Hz),True,0.9827222222222223,0.0012338741164546418,1,533.4335462716942,11.03,/Users/david/code/velocity.report/data/experiments/try/l3-settling-sweep/raw/1st-mission__noise_relative__0.065__o0.json,
2026-09-18T01:40:55-0700,de78dd6fba779f902afc3972f846be1b58fd3a38,3rd-folsom,noise_relative,0.065,s2/s2_sf_8_20260903152041_00019.pcap,1d19feceed93820cc4b20de2bd4cb4a94da08012466499cf86309f689131531f,0,120.0,1201,47,4.7s (at 10 Hz),True,0.9777916666666666,0.00014923796961342368,1,794.5730742461045,10.85,/Users/david/code/velocity.report/data/experiments/try/l3-settling-sweep/raw/3rd-folsom__noise_relative__0.065__o0.json,
2026-09-18T01:41:06-0700,de78dd6fba779f902afc3972f846be1b58fd3a38,ashbury-downey,noise_relative,0.065,s2/s2-sf-0.pcapng,2eec35d381fa4c4ba5a6bf1218982c76e53749287d53691115261f14d8aefbed,0,120.0,1200,11,1.1s (at 10 Hz),True,0.9900416666666667,0.00036621511737969383,1,996.6784085967201,11.03,/Users/david/code/velocity.report/data/experiments/try/l3-settling-sweep/raw/ashbury-downey__noise_relative__0.065__o0.json,
2026-09-18T01:41:17-0700,de78dd6fba779f902afc3972f846be1b58fd3a38,broadway-gough,noise_relative,0.065,s2/s2-1_20260901150856_00029.pcap,30ca5559051e291e1a73a6bd22a69316fb4bf3172bf662064655eb7ef42fc9db,0,120.0,1201,12,1.2s (at 10 Hz),True,0.983875,2.035956496666813e-05,1,791.6397464673414,10.77,/Users/david/code/velocity.report/data/experiments/try/l3-settling-sweep/raw/broadway-gough__noise_relative__0.065__o0.json,
2026-09-18T01:41:28-0700,de78dd6fba779f902afc3972f846be1b58fd3a38,bush-powell,noise_relative,0.065,s2/s2_sf_6_20260903113556_00020.pcap,19d49af8a0498d700c383a851bc512b7423a1388969663b27b12d9e23de97d7c,0,120.0,1201,20,2.0s (at 10 Hz),True,0.9906944444444444,7.142931964755274e-05,1,722.9107107808776,10.86,/Users/david/code/velocity.report/data/experiments/try/l3-settling-sweep/raw/bush-powell__noise_relative__0.065__o0.json,
2026-09-18T01:41:38-0700,de78dd6fba779f902afc3972f846be1b58fd3a38,california-leon-baker,noise_relative,0.065,s2/s2-1_20260901142853_00021.pcap,6ba305456f6be0fae61f63e9b303cb80e0ac2e5bf1f605a46e3086552d0cafb8,0,120.0,1201,11,1.1s (at 10 Hz),True,0.9860833333333333,4.4049644157572854e-05,1,874.1078199385898,10.8,/Users/david/code/velocity.report/data/experiments/try/l3-settling-sweep/raw/california-leon-baker__noise_relative__0.065__o0.json,
2026-09-18T01:41:49-0700,de78dd6fba779f902afc3972f846be1b58fd3a38,columbus-broadway,noise_relative,0.065,s2/s2_sf_3_20260902132037_00002.pcap,135bf02a909df5eeee1f2e526914d975e52cdb562781729174082e7fd6b5e6f0,0,120.0,1200,56,5.6s (at 10 Hz),True,0.9667083333333333,0.0006168552414203691,1,532.4200537333161,10.67,/Users/david/code/velocity.report/data/experiments/try/l3-settling-sweep/raw/columbus-broadway__noise_relative__0.065__o0.json,
2026-09-18T01:42:00-0700,de78dd6fba779f902afc3972f846be1b58fd3a38,columbus-north-point,noise_relative,0.065,s2/s2_sf_2_20260902115334_00030.pcap,35f520e2232732a6b227dc6b676865a403fd4f7e0c6874c6d9ea040cebad9a87,0,120.0,1201,91,9.1s (at 10 Hz),True,0.9780972222222222,0.00021036554665760033,1,746.929809863255,11.06,/Users/david/code/velocity.report/data/experiments/try/l3-settling-sweep/raw/columbus-north-point__noise_relative__0.065__o0.json,
2026-09-18T01:42:11-0700,de78dd6fba779f902afc3972f846be1b58fd3a38,embarcadero-bay,noise_relative,0.065,s2/s2_sf_2_20260902123517_00002.pcap,cd4811a1246fefd1e3acc51b3d01e771c7121c0b8ee08122b35e1ec049e0e9da,0,120.0,1200,460,46.0s (at 10 Hz),True,0.9661388888888889,0.0005432019417375402,1,827.0834938615911,10.87,/Users/david/code/velocity.report/data/experiments/try/l3-settling-sweep/raw/embarcadero-bay__noise_relative__0.065__o0.json,
2026-09-18T01:42:22-0700,de78dd6fba779f902afc3972f846be1b58fd3a38,embarcadero-broadway,noise_relative,0.065,s2/s2_sf_4_20260902152249_00001.pcap,57a73964321e905a94d290aaf8c97a3b1e6975f64ab12f4622049a13b1347d4a,0,120.0,1200,805,80.5s (at 10 Hz),True,0.9503333333333334,0.0005543540697241968,1,639.798199462177,11.1,/Users/david/code/velocity.report/data/experiments/try/l3-settling-sweep/raw/embarcadero-broadway__noise_relative__0.065__o0.json,
2026-09-18T01:42:32-0700,de78dd6fba779f902afc3972f846be1b58fd3a38,embarcadero-bryant,noise_relative,0.065,s2/s2_sf_8_20260903144037_00011.pcap,3c55a2292c59ee964927f38689e29ac46cbfd2790880f317e295db5f47c29c33,0,120.0,1201,42,4.2s (at 10 Hz),True,0.9227916666666667,0.0002986057223573701,1,629.6610075104228,10.04,/Users/david/code/velocity.report/data/experiments/try/l3-settling-sweep/raw/embarcadero-bryant__noise_relative__0.065__o0.json,
2026-09-18T01:42:43-0700,de78dd6fba779f902afc3972f846be1b58fd3a38,embarcadero-folsom,noise_relative,0.065,s2/s2_sf_7_20260903131748_00001.pcap,05cf29bb0d972d1edfc8acb701946f43b927881dc667aa630b2624f325ff6818,0,120.0,1201,30,3.0s (at 10 Hz),True,0.9483333333333334,5.357637846630719e-05,1,687.5924721734036,10.43,/Users/david/code/velocity.report/data/experiments/try/l3-settling-sweep/raw/embarcadero-folsom__noise_relative__0.065__o0.json,
2026-09-18T01:42:54-0700,de78dd6fba779f902afc3972f846be1b58fd3a38,franklin-mcallister,noise_relative,0.065,s2/s2_sf_6_20260903103552_00008.pcap,cc8709a8862b42d34e4838772f4ae92c9a7f8fa0f73f9d08689937eb38e0962d,0,120.0,1200,26,2.6s (at 10 Hz),True,0.9902777777777778,0.0007446422417883906,1,669.9653576437588,11.15,/Users/david/code/velocity.report/data/experiments/try/l3-settling-sweep/raw/franklin-mcallister__noise_relative__0.065__o0.json,
2026-09-18T01:43:05-0700,de78dd6fba779f902afc3972f846be1b58fd3a38,fulton-divisadero,noise_relative,0.065,s2/s2-1_20260901135850_00015.pcap,9ae37cfd7a00343c35d86014131c68abae7950283154f43485dea798a372c870,0,120.0,1200,39,3.9s (at 10 Hz),True,0.9839166666666667,0.0005373403466063082,1,880.850427712374,11.03,/Users/david/code/velocity.report/data/experiments/try/l3-settling-sweep/raw/fulton-divisadero__noise_relative__0.065__o0.json,
2026-09-18T01:43:16-0700,de78dd6fba779f902afc3972f846be1b58fd3a38,haight-divisadero,noise_relative,0.065,s2/s2-1_20260901125845_00003.pcap,3e92f3723bd8131d6e0c6865d00517df7c2f634856f2ac0cd2c8fd2fd463bb28,0,120.0,1200,11,1.1s (at 10 Hz),True,0.9837361111111111,0.00017939393531762147,1,819.0414519476485,10.87,/Users/david/code/velocity.report/data/experiments/try/l3-settling-sweep/raw/haight-divisadero__noise_relative__0.065__o0.json,
2026-09-18T01:43:27-0700,de78dd6fba779f902afc3972f846be1b58fd3a38,howard-6th,noise_relative,0.065,s2/s2_sf_8_20260903155043_00025.pcap,f1430cebc207062edba56c8f3d4e594ccc3f5a2ec3481af58ba2e5aa0390d25d,0,120.0,1200,11,1.1s (at 10 Hz),True,0.9819861111111111,0.00040348473936062493,1,875.436473699843,11.06,/Users/david/code/velocity.report/data/experiments/try/l3-settling-sweep/raw/howard-6th__noise_relative__0.065__o0.json,
2026-09-18T01:43:38-0700,de78dd6fba779f902afc3972f846be1b58fd3a38,hyde-ofarrell,noise_relative,0.065,s2/s2_sf_6_20260903110555_00014.pcap,9d86ffa150130ad2490d90bf45b01f42ec3609b222745c1cd39b5d9ca251aee7,0,120.0,1200,18,1.8s (at 10 Hz),True,0.9911527777777778,0.0005885336100265957,1,805.1450471532867,11.11,/Users/david/code/velocity.report/data/experiments/try/l3-settling-sweep/raw/hyde-ofarrell__noise_relative__0.065__o0.json,
2026-09-18T01:43:49-0700,de78dd6fba779f902afc3972f846be1b58fd3a38,laguna-eddy,noise_relative,0.065,s2/s2-1_20260901154400_00036.pcap,d08c66075818462dd641ddead01eeacfa9199599fc63bcf6e23c25c784b29a53,0,120.0,1200,11,1.1s (at 10 Hz),True,0.9946666666666667,0.00035183004406011626,1,851.8862684316354,11.23,/Users/david/code/velocity.report/data/experiments/try/l3-settling-sweep/raw/laguna-eddy__noise_relative__0.065__o0.json,
2026-09-18T01:44:00-0700,de78dd6fba779f902afc3972f846be1b58fd3a38,lombard-broderick,noise_relative,0.065,s2/s2_sf_2_20260902093822_00003.pcap,05ba919df8d00872adac04ca09b5c6c29f42c1975b9aa2bc5dad57f612a903e5,0,120.0,1200,74,7.4s (at 10 Hz),True,0.9769861111111111,0.00039241298964670456,1,731.5457259428799,10.94,/Users/david/code/velocity.report/data/experiments/try/l3-settling-sweep/raw/lombard-broderick__noise_relative__0.065__o0.json,
2026-09-18T01:44:11-0700,de78dd6fba779f902afc3972f846be1b58fd3a38,lombard-laguna,noise_relative,0.065,s2/s2_sf_2_20260902105830_00019.pcap,7f76cb4a1e38c62a44200b9ca915633b1d74f530b75b6ca591ceaeabf4c02999,0,120.0,1201,33,3.3s (at 10 Hz),True,0.9689027777777778,0.00025431797156820203,1,797.4076633075788,10.82,/Users/david/code/velocity.report/data/experiments/try/l3-settling-sweep/raw/lombard-laguna__noise_relative__0.065__o0.json,
2026-09-18T01:44:20-0700,de78dd6fba779f902afc3972f846be1b58fd3a38,marina-broderick,noise_relative,0.065,s2/s2_sf_2_20260902100324_00008.pcap,2c47606887cf5d89a1f909d1a5e6eb47e105242c3e0b657cb64e216d803df611,0,120.0,1200,441,44.1s (at 10 Hz),True,0.8433888888888889,0.0004498449420724151,1,768.6385778275476,8.97,/Users/david/code/velocity.report/data/experiments/try/l3-settling-sweep/raw/marina-broderick__noise_relative__0.065__o0.json,
2026-09-18T01:44:29-0700,de78dd6fba779f902afc3972f846be1b58fd3a38,marina-webster-beach,noise_relative,0.065,s2/s2_sf_2_20260902102827_00013.pcap,698d2bcd123707097ed0105ee48456b81c77ba3ecceaf39e688547bcb875767e,0,120.0,1201,135,13.5s (at 10 Hz),True,0.8195694444444445,0.00031162895026510645,1,825.2712975986714,9.27,/Users/david/code/velocity.report/data/experiments/try/l3-settling-sweep/raw/marina-webster-beach__noise_relative__0.065__o0.json,
2026-09-18T01:44:40-0700,de78dd6fba779f902afc3972f846be1b58fd3a38,pierce-haight,noise_relative,0.065,s2/s2-1_20260901132347_00008.pcap,c9b3b0f8d58807fdf7fbd7e6212bf0e758646dcdca406146754d5863e8e70b6f,0,120.0,1200,11,1.1s (at 10 Hz),True,0.9933472222222223,0.00023932298166537945,1,708.7543099229597,11.16,/Users/david/code/velocity.report/data/experiments/try/l3-settling-sweep/raw/pierce-haight__noise_relative__0.065__o0.json,
2026-09-18T01:44:51-0700,de78dd6fba779f902afc3972f846be1b58fd3a38,van-ness-sacramento,noise_relative,0.065,s2/s2_sf_4_20260902142714_00001.pcap,19a42e6d2a12d9cb261079e88d76a0c7ac6a5a6ff3e8e90fad3c62980d212e27,0,120.0,1200,166,16.6s (at 10 Hz),True,0.9887361111111111,0.0015809729423891517,1,383.80664147550885,10.67,/Users/david/code/velocity.report/data/experiments/try/l3-settling-sweep/raw/van-ness-sacramento__noise_relative__0.065__o0.json,
2026-09-18T01:45:02-0700,de78dd6fba779f902afc3972f846be1b58fd3a38,embarcadero-folsom,safety_margin_metres,0.22,s2/s2_sf_7_20260903132248_00002.pcap,d11d32c4c163fe9b4e85de4145d115dd9af9e8c39df44702f43014386e08ace6,1,120.0,1200,11,1.1s (at 10 Hz),True,0.9417638888888888,0.00011261709337798839,1,499.791747164747,10.83,/Users/david/code/velocity.report/data/experiments/try/l3-settling-sweep/raw/embarcadero-folsom__safety_margin_metres__0.22__o1.json,
2026-09-18T01:45:12-0700,de78dd6fba779f902afc3972f846be1b58fd3a38,embarcadero-folsom,safety_margin_metres,0.3,s2/s2_sf_7_20260903132248_00002.pcap,d11d32c4c163fe9b4e85de4145d115dd9af9e8c39df44702f43014386e08ace6,1,120.0,1200,11,1.1s (at 10 Hz),True,0.9417638888888888,0.00010571289432846726,1,497.45866945890543,10.23,/Users/david/code/velocity.report/data/experiments/try/l3-settling-sweep/raw/embarcadero-folsom__safety_margin_metres__0.3__o1.json,
2026-09-18T01:45:23-0700,de78dd6fba779f902afc3972f846be1b58fd3a38,embarcadero-folsom,noise_relative,0.005,s2/s2_sf_7_20260903132248_00002.pcap,d11d32c4c163fe9b4e85de4145d115dd9af9e8c39df44702f43014386e08ace6,1,120.0,1200,11,1.1s (at 10 Hz),True,0.9348194444444444,6.770891698763526e-05,1,468.12376127297307,10.28,/Users/david/code/velocity.report/data/experiments/try/l3-settling-sweep/raw/embarcadero-folsom__noise_relative__0.005__o1.json,
2026-09-18T01:45:33-0700,de78dd6fba779f902afc3972f846be1b58fd3a38,embarcadero-folsom,noise_relative,0.01,s2/s2_sf_7_20260903132248_00002.pcap,d11d32c4c163fe9b4e85de4145d115dd9af9e8c39df44702f43014386e08ace6,1,120.0,1200,11,1.1s (at 10 Hz),True,0.9374166666666667,7.792495926088638e-05,1,475.2266571843423,10.18,/Users/david/code/velocity.report/data/experiments/try/l3-settling-sweep/raw/embarcadero-folsom__noise_relative__0.01__o1.json,
2026-09-18T01:45:43-0700,de78dd6fba779f902afc3972f846be1b58fd3a38,embarcadero-folsom,noise_relative,0.035,s2/s2_sf_7_20260903132248_00002.pcap,d11d32c4c163fe9b4e85de4145d115dd9af9e8c39df44702f43014386e08ace6,1,120.0,1200,12,1.2s (at 10 Hz),True,0.9442916666666666,0.00014165212546104526,1,511.2723970053979,10.2,/Users/david/code/velocity.report/data/experiments/try/l3-settling-sweep/raw/embarcadero-folsom__noise_relative__0.035__o1.json,
2026-09-18T01:45:53-0700,de78dd6fba779f902afc3972f846be1b58fd3a38,embarcadero-folsom,noise_relative,0.05,s2/s2_sf_7_20260903132248_00002.pcap,d11d32c4c163fe9b4e85de4145d115dd9af9e8c39df44702f43014386e08ace6,1,120.0,1200,26,2.6s (at 10 Hz),True,0.9462638888888889,0.00022005853334882276,1,535.3667493505159,10.24,/Users/david/code/velocity.report/data/experiments/try/l3-settling-sweep/raw/embarcadero-folsom__noise_relative__0.05__o1.json,
2026-09-18T01:46:04-0700,de78dd6fba779f902afc3972f846be1b58fd3a38,embarcadero-folsom,neighbour_confirmation_count,1,s2/s2_sf_7_20260903132248_00002.pcap,d11d32c4c163fe9b4e85de4145d115dd9af9e8c39df44702f43014386e08ace6,1,120.0,1200,452,45.2s (at 10 Hz),True,0.9466805555555555,0.001970894838436386,1,514.1373366001086,10.29,/Users/david/code/velocity.report/data/experiments/try/l3-settling-sweep/raw/embarcadero-folsom__neighbour_confirmation_count__1__o1.json,
2026-09-18T01:46:14-0700,de78dd6fba779f902afc3972f846be1b58fd3a38,embarcadero-folsom,neighbour_confirmation_count,2,s2/s2_sf_7_20260903132248_00002.pcap,d11d32c4c163fe9b4e85de4145d115dd9af9e8c39df44702f43014386e08ace6,1,120.0,1200,11,1.1s (at 10 Hz),True,0.9417638888888888,0.0003248476484473518,1,496.04800389340335,10.32,/Users/david/code/velocity.report/data/experiments/try/l3-settling-sweep/raw/embarcadero-folsom__neighbour_confirmation_count__2__o1.json,
2026-09-18T01:46:24-0700,de78dd6fba779f902afc3972f846be1b58fd3a38,embarcadero-folsom,neighbour_confirmation_count,4,s2/s2_sf_7_20260903132248_00002.pcap,d11d32c4c163fe9b4e85de4145d115dd9af9e8c39df44702f43014386e08ace6,1,120.0,1200,11,1.1s (at 10 Hz),True,0.9416111111111111,0.00010231692456653992,1,491.39955159596434,10.22,/Users/david/code/velocity.report/data/experiments/try/l3-settling-sweep/raw/embarcadero-folsom__neighbour_confirmation_count__4__o1.json,
2026-09-18T01:46:34-0700,de78dd6fba779f902afc3972f846be1b58fd3a38,embarcadero-folsom,neighbour_confirmation_count,5,s2/s2_sf_7_20260903132248_00002.pcap,d11d32c4c163fe9b4e85de4145d115dd9af9e8c39df44702f43014386e08ace6,1,120.0,1200,11,1.1s (at 10 Hz),True,0.9414722222222223,0.00011036145195253259,1,491.8567255775529,10.25,/Users/david/code/velocity.report/data/experiments/try/l3-settling-sweep/raw/embarcadero-folsom__neighbour_confirmation_count__5__o1.json,
2026-09-18T01:46:45-0700,de78dd6fba779f902afc3972f846be1b58fd3a38,franklin-mcallister,_baseline,default,s2/s2_sf_6_20260903104053_00009.pcap,f9ab5e0b152e0e697e7bbe45e4093dbe861b16751a764ce12e071ef8c088eca1,1,120.0,1200,12,1.2s (at 10 Hz),True,0.9738472222222222,0.00018385998552885614,1,590.520415876321,10.74,/Users/david/code/velocity.report/data/experiments/try/l3-settling-sweep/raw/franklin-mcallister___baseline__default__o1.json,
2026-09-18T01:46:56-0700,de78dd6fba779f902afc3972f846be1b58fd3a38,franklin-mcallister,closeness_multiplier,1.5,s2/s2_sf_6_20260903104053_00009.pcap,f9ab5e0b152e0e697e7bbe45e4093dbe861b16751a764ce12e071ef8c088eca1,1,120.0,1200,12,1.2s (at 10 Hz),True,0.968125,8.314865373278044e-05,1,563.358223943763,10.63,/Users/david/code/velocity.report/data/experiments/try/l3-settling-sweep/raw/franklin-mcallister__closeness_multiplier__1.5__o1.json,
2026-09-18T01:47:06-0700,de78dd6fba779f902afc3972f846be1b58fd3a38,franklin-mcallister,closeness_multiplier,2.25,s2/s2_sf_6_20260903104053_00009.pcap,f9ab5e0b152e0e697e7bbe45e4093dbe861b16751a764ce12e071ef8c088eca1,1,120.0,1200,12,1.2s (at 10 Hz),True,0.9710694444444444,0.0001181465289765253,1,576.190912081468,10.61,/Users/david/code/velocity.report/data/experiments/try/l3-settling-sweep/raw/franklin-mcallister__closeness_multiplier__2.25__o1.json,
2026-09-18T01:47:17-0700,de78dd6fba779f902afc3972f846be1b58fd3a38,franklin-mcallister,closeness_multiplier,4.0,s2/s2_sf_6_20260903104053_00009.pcap,f9ab5e0b152e0e697e7bbe45e4093dbe861b16751a764ce12e071ef8c088eca1,1,120.0,1200,12,1.2s (at 10 Hz),True,0.9737222222222223,0.000281761190941173,1,607.1726764420608,10.69,/Users/david/code/velocity.report/data/experiments/try/l3-settling-sweep/raw/franklin-mcallister__closeness_multiplier__4.0__o1.json,
2026-09-18T01:47:28-0700,de78dd6fba779f902afc3972f846be1b58fd3a38,franklin-mcallister,closeness_multiplier,5.0,s2/s2_sf_6_20260903104053_00009.pcap,f9ab5e0b152e0e697e7bbe45e4093dbe861b16751a764ce12e071ef8c088eca1,1,120.0,1200,20,2.0s (at 10 Hz),True,0.9775138888888889,0.0004484655716044804,1,624.2672312129694,10.59,/Users/david/code/velocity.report/data/experiments/try/l3-settling-sweep/raw/franklin-mcallister__closeness_multiplier__5.0__o1.json,
2026-09-18T01:47:38-0700,de78dd6fba779f902afc3972f846be1b58fd3a38,franklin-mcallister,safety_margin_metres,0.05,s2/s2_sf_6_20260903104053_00009.pcap,f9ab5e0b152e0e697e7bbe45e4093dbe861b16751a764ce12e071ef8c088eca1,1,120.0,1200,12,1.2s (at 10 Hz),True,0.9728333333333333,0.0001672138388036497,1,584.1561304322997,10.59,/Users/david/code/velocity.report/data/experiments/try/l3-settling-sweep/raw/franklin-mcallister__safety_margin_metres__0.05__o1.json,
2026-09-18T01:47:49-0700,de78dd6fba779f902afc3972f846be1b58fd3a38,franklin-mcallister,safety_margin_metres,0.1,s2/s2_sf_6_20260903104053_00009.pcap,f9ab5e0b152e0e697e7bbe45e4093dbe861b16751a764ce12e071ef8c088eca1,1,120.0,1200,12,1.2s (at 10 Hz),True,0.9733611111111111,0.00017147221698668764,1,586.4924945064353,10.71,/Users/david/code/velocity.report/data/experiments/try/l3-settling-sweep/raw/franklin-mcallister__safety_margin_metres__0.1__o1.json,
2026-09-18T01:48:00-0700,de78dd6fba779f902afc3972f846be1b58fd3a38,franklin-mcallister,safety_margin_metres,0.22,s2/s2_sf_6_20260903104053_00009.pcap,f9ab5e0b152e0e697e7bbe45e4093dbe861b16751a764ce12e071ef8c088eca1,1,120.0,1200,12,1.2s (at 10 Hz),True,0.972625,0.0001752872944785598,1,595.5564694626512,10.67,/Users/david/code/velocity.report/data/experiments/try/l3-settling-sweep/raw/franklin-mcallister__safety_margin_metres__0.22__o1.json,
2026-09-18T01:48:10-0700,de78dd6fba779f902afc3972f846be1b58fd3a38,franklin-mcallister,safety_margin_metres,0.3,s2/s2_sf_6_20260903104053_00009.pcap,f9ab5e0b152e0e697e7bbe45e4093dbe861b16751a764ce12e071ef8c088eca1,1,120.0,1200,12,1.2s (at 10 Hz),True,0.9738055555555556,0.00018823777748221116,1,597.7522178166985,10.62,/Users/david/code/velocity.report/data/experiments/try/l3-settling-sweep/raw/franklin-mcallister__safety_margin_metres__0.3__o1.json,
2026-09-18T01:48:21-0700,de78dd6fba779f902afc3972f846be1b58fd3a38,franklin-mcallister,noise_relative,0.005,s2/s2_sf_6_20260903104053_00009.pcap,f9ab5e0b152e0e697e7bbe45e4093dbe861b16751a764ce12e071ef8c088eca1,1,120.0,1200,12,1.2s (at 10 Hz),True,0.959,7.672849532497392e-05,1,556.9122204843007,10.75,/Users/david/code/velocity.report/data/experiments/try/l3-settling-sweep/raw/franklin-mcallister__noise_relative__0.005__o1.json,
2026-09-18T01:48:32-0700,de78dd6fba779f902afc3972f846be1b58fd3a38,franklin-mcallister,noise_relative,0.01,s2/s2_sf_6_20260903104053_00009.pcap,f9ab5e0b152e0e697e7bbe45e4093dbe861b16751a764ce12e071ef8c088eca1,1,120.0,1200,12,1.2s (at 10 Hz),True,0.9687361111111111,9.987391613380769e-05,1,566.8970164446802,10.62,/Users/david/code/velocity.report/data/experiments/try/l3-settling-sweep/raw/franklin-mcallister__noise_relative__0.01__o1.json,
2026-09-18T01:48:42-0700,de78dd6fba779f902afc3972f846be1b58fd3a38,franklin-mcallister,noise_relative,0.035,s2/s2_sf_6_20260903104053_00009.pcap,f9ab5e0b152e0e697e7bbe45e4093dbe861b16751a764ce12e071ef8c088eca1,1,120.0,1200,12,1.2s (at 10 Hz),True,0.9775138888888889,0.0002990145340435329,1,617.7710887881673,10.61,/Users/david/code/velocity.report/data/experiments/try/l3-settling-sweep/raw/franklin-mcallister__noise_relative__0.035__o1.json,
2026-09-18T01:48:53-0700,de78dd6fba779f902afc3972f846be1b58fd3a38,franklin-mcallister,noise_relative,0.05,s2/s2_sf_6_20260903104053_00009.pcap,f9ab5e0b152e0e697e7bbe45e4093dbe861b16751a764ce12e071ef8c088eca1,1,120.0,1200,47,4.7s (at 10 Hz),True,0.97925,0.0005781876314610107,1,650.7696082602899,10.61,/Users/david/code/velocity.report/data/experiments/try/l3-settling-sweep/raw/franklin-mcallister__noise_relative__0.05__o1.json,
2026-09-18T01:49:04-0700,de78dd6fba779f902afc3972f846be1b58fd3a38,franklin-mcallister,neighbour_confirmation_count,1,s2/s2_sf_6_20260903104053_00009.pcap,f9ab5e0b152e0e697e7bbe45e4093dbe861b16751a764ce12e071ef8c088eca1,1,120.0,1200,-1,unknown,False,0.9802083333333333,0.0020946486102938937,1,636.7353312079348,10.63,/Users/david/code/velocity.report/data/experiments/try/l3-settling-sweep/raw/franklin-mcallister__neighbour_confirmation_count__1__o1.json,
2026-09-18T01:49:14-0700,de78dd6fba779f902afc3972f846be1b58fd3a38,franklin-mcallister,neighbour_confirmation_count,2,s2/s2_sf_6_20260903104053_00009.pcap,f9ab5e0b152e0e697e7bbe45e4093dbe861b16751a764ce12e071ef8c088eca1,1,120.0,1200,21,2.1s (at 10 Hz),True,0.9741666666666666,0.0003472247502167311,1,596.8204020530368,10.62,/Users/david/code/velocity.report/data/experiments/try/l3-settling-sweep/raw/franklin-mcallister__neighbour_confirmation_count__2__o1.json,
2026-09-18T01:49:25-0700,de78dd6fba779f902afc3972f846be1b58fd3a38,franklin-mcallister,neighbour_confirmation_count,4,s2/s2_sf_6_20260903104053_00009.pcap,f9ab5e0b152e0e697e7bbe45e4093dbe861b16751a764ce12e071ef8c088eca1,1,120.0,1200,12,1.2s (at 10 Hz),True,0.9723611111111111,0.00016826568885778932,1,592.6310241394086,10.84,/Users/david/code/velocity.report/data/experiments/try/l3-settling-sweep/raw/franklin-mcallister__neighbour_confirmation_count__4__o1.json,
2026-09-18T01:49:36-0700,de78dd6fba779f902afc3972f846be1b58fd3a38,franklin-mcallister,neighbour_confirmation_count,5,s2/s2_sf_6_20260903104053_00009.pcap,f9ab5e0b152e0e697e7bbe45e4093dbe861b16751a764ce12e071ef8c088eca1,1,120.0,1200,12,1.2s (at 10 Hz),True,0.9725972222222222,0.0001754072178776419,1,591.8178702500464,10.61,/Users/david/code/velocity.report/data/experiments/try/l3-settling-sweep/raw/franklin-mcallister__neighbour_confirmation_count__5__o1.json,
2026-09-18T01:49:47-0700,de78dd6fba779f902afc3972f846be1b58fd3a38,fulton-divisadero,_baseline,default,s2/s2-1_20260901140350_00016.pcap,45468a0d0776ad25715f8eb5efccde08968e094fccd6b792cee201b207f7a2dc,1,120.0,1200,11,1.1s (at 10 Hz),True,0.9855694444444445,9.355251293219197e-05,1,677.9390087512859,11.27,/Users/david/code/velocity.report/data/experiments/try/l3-settling-sweep/raw/fulton-divisadero___baseline__default__o1.json,
2026-09-18T01:49:58-0700,de78dd6fba779f902afc3972f846be1b58fd3a38,fulton-divisadero,closeness_multiplier,1.5,s2/s2-1_20260901140350_00016.pcap,45468a0d0776ad25715f8eb5efccde08968e094fccd6b792cee201b207f7a2dc,1,120.0,1200,11,1.1s (at 10 Hz),True,0.9822222222222222,7.114030464493543e-05,1,661.3090921945701,10.7,/Users/david/code/velocity.report/data/experiments/try/l3-settling-sweep/raw/fulton-divisadero__closeness_multiplier__1.5__o1.json,
2026-09-18T01:50:08-0700,de78dd6fba779f902afc3972f846be1b58fd3a38,fulton-divisadero,closeness_multiplier,2.25,s2/s2-1_20260901140350_00016.pcap,45468a0d0776ad25715f8eb5efccde08968e094fccd6b792cee201b207f7a2dc,1,120.0,1200,11,1.1s (at 10 Hz),True,0.9845972222222222,8.388710782809868e-05,1,665.7686730332482,10.64,/Users/david/code/velocity.report/data/experiments/try/l3-settling-sweep/raw/fulton-divisadero__closeness_multiplier__2.25__o1.json,
2026-09-18T01:50:19-0700,de78dd6fba779f902afc3972f846be1b58fd3a38,fulton-divisadero,closeness_multiplier,4.0,s2/s2-1_20260901140350_00016.pcap,45468a0d0776ad25715f8eb5efccde08968e094fccd6b792cee201b207f7a2dc,1,120.0,1200,11,1.1s (at 10 Hz),True,0.9868194444444445,0.00011986449364108449,1,680.8317828039014,10.8,/Users/david/code/velocity.report/data/experiments/try/l3-settling-sweep/raw/fulton-divisadero__closeness_multiplier__4.0__o1.json,
2026-09-18T01:50:30-0700,de78dd6fba779f902afc3972f846be1b58fd3a38,fulton-divisadero,closeness_multiplier,5.0,s2/s2-1_20260901140350_00016.pcap,45468a0d0776ad25715f8eb5efccde08968e094fccd6b792cee201b207f7a2dc,1,120.0,1200,11,1.1s (at 10 Hz),True,0.9864861111111111,0.00014425937808806448,1,695.4983175412167,10.76,/Users/david/code/velocity.report/data/experiments/try/l3-settling-sweep/raw/fulton-divisadero__closeness_multiplier__5.0__o1.json,
2026-09-18T01:50:41-0700,de78dd6fba779f902afc3972f846be1b58fd3a38,fulton-divisadero,safety_margin_metres,0.05,s2/s2-1_20260901140350_00016.pcap,45468a0d0776ad25715f8eb5efccde08968e094fccd6b792cee201b207f7a2dc,1,120.0,1200,11,1.1s (at 10 Hz),True,0.985875,0.00010414212274375526,1,668.3844018990462,10.68,/Users/david/code/velocity.report/data/experiments/try/l3-settling-sweep/raw/fulton-divisadero__safety_margin_metres__0.05__o1.json,
2026-09-18T01:50:51-0700,de78dd6fba779f902afc3972f846be1b58fd3a38,fulton-divisadero,safety_margin_metres,0.1,s2/s2-1_20260901140350_00016.pcap,45468a0d0776ad25715f8eb5efccde08968e094fccd6b792cee201b207f7a2dc,1,120.0,1200,11,1.1s (at 10 Hz),True,0.9857361111111111,9.368084337856299e-05,1,671.806250264185,10.73,/Users/david/code/velocity.report/data/experiments/try/l3-settling-sweep/raw/fulton-divisadero__safety_margin_metres__0.1__o1.json,
2026-09-18T01:51:02-0700,de78dd6fba779f902afc3972f846be1b58fd3a38,fulton-divisadero,safety_margin_metres,0.22,s2/s2-1_20260901140350_00016.pcap,45468a0d0776ad25715f8eb5efccde08968e094fccd6b792cee201b207f7a2dc,1,120.0,1200,11,1.1s (at 10 Hz),True,0.9855972222222222,9.678967359204421e-05,1,673.3504220509279,10.64,/Users/david/code/velocity.report/data/experiments/try/l3-settling-sweep/raw/fulton-divisadero__safety_margin_metres__0.22__o1.json,
2026-09-18T01:51:13-0700,de78dd6fba779f902afc3972f846be1b58fd3a38,fulton-divisadero,safety_margin_metres,0.3,s2/s2-1_20260901140350_00016.pcap,45468a0d0776ad25715f8eb5efccde08968e094fccd6b792cee201b207f7a2dc,1,120.0,1200,11,1.1s (at 10 Hz),True,0.9860277777777777,0.00010007241606451349,1,675.3625376792405,10.62,/Users/david/code/velocity.report/data/experiments/try/l3-settling-sweep/raw/fulton-divisadero__safety_margin_metres__0.3__o1.json,
2026-09-18T01:51:23-0700,de78dd6fba779f902afc3972f846be1b58fd3a38,fulton-divisadero,noise_relative,0.005,s2/s2-1_20260901140350_00016.pcap,45468a0d0776ad25715f8eb5efccde08968e094fccd6b792cee201b207f7a2dc,1,120.0,1200,11,1.1s (at 10 Hz),True,0.9812361111111111,6.549537490480331e-05,1,655.2979093830062,10.79,/Users/david/code/velocity.report/data/experiments/try/l3-settling-sweep/raw/fulton-divisadero__noise_relative__0.005__o1.json,
2026-09-18T01:51:34-0700,de78dd6fba779f902afc3972f846be1b58fd3a38,fulton-divisadero,noise_relative,0.01,s2/s2-1_20260901140350_00016.pcap,45468a0d0776ad25715f8eb5efccde08968e094fccd6b792cee201b207f7a2dc,1,120.0,1200,11,1.1s (at 10 Hz),True,0.9823888888888889,7.592703924704589e-05,1,664.0730503873777,10.77,/Users/david/code/velocity.report/data/experiments/try/l3-settling-sweep/raw/fulton-divisadero__noise_relative__0.01__o1.json,
2026-09-18T01:51:45-0700,de78dd6fba779f902afc3972f846be1b58fd3a38,fulton-divisadero,noise_relative,0.035,s2/s2-1_20260901140350_00016.pcap,45468a0d0776ad25715f8eb5efccde08968e094fccd6b792cee201b207f7a2dc,1,120.0,1200,11,1.1s (at 10 Hz),True,0.9869027777777778,0.00012355250318601962,1,692.7169596239638,10.76,/Users/david/code/velocity.report/data/experiments/try/l3-settling-sweep/raw/fulton-divisadero__noise_relative__0.035__o1.json,
2026-09-18T01:51:56-0700,de78dd6fba779f902afc3972f846be1b58fd3a38,fulton-divisadero,noise_relative,0.05,s2/s2-1_20260901140350_00016.pcap,45468a0d0776ad25715f8eb5efccde08968e094fccd6b792cee201b207f7a2dc,1,120.0,1200,11,1.1s (at 10 Hz),True,0.9875555555555555,0.0002122690637868542,1,726.4833202070207,10.76,/Users/david/code/velocity.report/data/experiments/try/l3-settling-sweep/raw/fulton-divisadero__noise_relative__0.05__o1.json,
2026-09-18T01:52:07-0700,de78dd6fba779f902afc3972f846be1b58fd3a38,fulton-divisadero,neighbour_confirmation_count,1,s2/s2-1_20260901140350_00016.pcap,45468a0d0776ad25715f8eb5efccde08968e094fccd6b792cee201b207f7a2dc,1,120.0,1200,51,5.1s (at 10 Hz),True,0.9876111111111111,0.0007245508915432718,1,701.7886032513923,10.7,/Users/david/code/velocity.report/data/experiments/try/l3-settling-sweep/raw/fulton-divisadero__neighbour_confirmation_count__1__o1.json,
2026-09-18T01:52:17-0700,de78dd6fba779f902afc3972f846be1b58fd3a38,fulton-divisadero,neighbour_confirmation_count,2,s2/s2-1_20260901140350_00016.pcap,45468a0d0776ad25715f8eb5efccde08968e094fccd6b792cee201b207f7a2dc,1,120.0,1200,11,1.1s (at 10 Hz),True,0.9856527777777778,0.00017335285716090586,1,675.6644496737921,10.69,/Users/david/code/velocity.report/data/experiments/try/l3-settling-sweep/raw/fulton-divisadero__neighbour_confirmation_count__2__o1.json,
2026-09-18T01:52:28-0700,de78dd6fba779f902afc3972f846be1b58fd3a38,fulton-divisadero,neighbour_confirmation_count,4,s2/s2-1_20260901140350_00016.pcap,45468a0d0776ad25715f8eb5efccde08968e094fccd6b792cee201b207f7a2dc,1,120.0,1200,11,1.1s (at 10 Hz),True,0.9856666666666667,0.00010764838084203324,1,673.1540835306054,10.8,/Users/david/code/velocity.report/data/experiments/try/l3-settling-sweep/raw/fulton-divisadero__neighbour_confirmation_count__4__o1.json,
2026-09-18T01:52:39-0700,de78dd6fba779f902afc3972f846be1b58fd3a38,fulton-divisadero,neighbour_confirmation_count,5,s2/s2-1_20260901140350_00016.pcap,45468a0d0776ad25715f8eb5efccde08968e094fccd6b792cee201b207f7a2dc,1,120.0,1200,11,1.1s (at 10 Hz),True,0.9855833333333334,9.394005048246975e-05,1,672.1790817620698,10.74,/Users/david/code/velocity.report/data/experiments/try/l3-settling-sweep/raw/fulton-divisadero__neighbour_confirmation_count__5__o1.json,
2026-09-18T01:52:50-0700,de78dd6fba779f902afc3972f846be1b58fd3a38,haight-divisadero,_baseline,default,s2/s2-1_20260901130345_00004.pcap,8e64752f1860e525d2a82462a654b6642f0a4e1f364d01e248d3cf0ba17c71a1,1,120.0,1201,11,1.1s (at 10 Hz),True,0.9826111111111111,3.8634266387807087e-05,1,841.8211256855318,11.03,/Users/david/code/velocity.report/data/experiments/try/l3-settling-sweep/raw/haight-divisadero___baseline__default__o1.json,
2026-09-18T01:53:01-0700,de78dd6fba779f902afc3972f846be1b58fd3a38,haight-divisadero,closeness_multiplier,1.5,s2/s2-1_20260901130345_00004.pcap,8e64752f1860e525d2a82462a654b6642f0a4e1f364d01e248d3cf0ba17c71a1,1,120.0,1201,11,1.1s (at 10 Hz),True,0.9816388888888888,2.230206293988252e-05,1,825.7944480602167,10.82,/Users/david/code/velocity.report/data/experiments/try/l3-settling-sweep/raw/haight-divisadero__closeness_multiplier__1.5__o1.json,
2026-09-18T01:53:11-0700,de78dd6fba779f902afc3972f846be1b58fd3a38,haight-divisadero,closeness_multiplier,2.25,s2/s2-1_20260901130345_00004.pcap,8e64752f1860e525d2a82462a654b6642f0a4e1f364d01e248d3cf0ba17c71a1,1,120.0,1201,11,1.1s (at 10 Hz),True,0.9821527777777778,2.919498258200851e-05,1,832.6110301916142,10.7,/Users/david/code/velocity.report/data/experiments/try/l3-settling-sweep/raw/haight-divisadero__closeness_multiplier__2.25__o1.json,
2026-09-18T01:53:22-0700,de78dd6fba779f902afc3972f846be1b58fd3a38,haight-divisadero,closeness_multiplier,4.0,s2/s2-1_20260901130345_00004.pcap,8e64752f1860e525d2a82462a654b6642f0a4e1f364d01e248d3cf0ba17c71a1,1,120.0,1201,11,1.1s (at 10 Hz),True,0.9830694444444444,5.6104599287621674e-05,1,848.7432785634563,10.7,/Users/david/code/velocity.report/data/experiments/try/l3-settling-sweep/raw/haight-divisadero__closeness_multiplier__4.0__o1.json,
2026-09-18T01:53:33-0700,de78dd6fba779f902afc3972f846be1b58fd3a38,haight-divisadero,closeness_multiplier,5.0,s2/s2-1_20260901130345_00004.pcap,8e64752f1860e525d2a82462a654b6642f0a4e1f364d01e248d3cf0ba17c71a1,1,120.0,1201,11,1.1s (at 10 Hz),True,0.9831666666666666,7.077111504308788e-05,1,863.254365146635,10.81,/Users/david/code/velocity.report/data/experiments/try/l3-settling-sweep/raw/haight-divisadero__closeness_multiplier__5.0__o1.json,
2026-09-18T01:53:44-0700,de78dd6fba779f902afc3972f846be1b58fd3a38,haight-divisadero,safety_margin_metres,0.05,s2/s2-1_20260901130345_00004.pcap,8e64752f1860e525d2a82462a654b6642f0a4e1f364d01e248d3cf0ba17c71a1,1,120.0,1201,11,1.1s (at 10 Hz),True,0.9823611111111111,3.487590943851187e-05,1,835.94524247137,10.71,/Users/david/code/velocity.report/data/experiments/try/l3-settling-sweep/raw/haight-divisadero__safety_margin_metres__0.05__o1.json,
2026-09-18T01:53:54-0700,de78dd6fba779f902afc3972f846be1b58fd3a38,haight-divisadero,safety_margin_metres,0.1,s2/s2-1_20260901130345_00004.pcap,8e64752f1860e525d2a82462a654b6642f0a4e1f364d01e248d3cf0ba17c71a1,1,120.0,1201,11,1.1s (at 10 Hz),True,0.9825277777777778,3.708730084483872e-05,1,837.7803567894603,10.7,/Users/david/code/velocity.report/data/experiments/try/l3-settling-sweep/raw/haight-divisadero__safety_margin_metres__0.1__o1.json,
2026-09-18T01:54:05-0700,de78dd6fba779f902afc3972f846be1b58fd3a38,haight-divisadero,safety_margin_metres,0.22,s2/s2-1_20260901130345_00004.pcap,8e64752f1860e525d2a82462a654b6642f0a4e1f364d01e248d3cf0ba17c71a1,1,120.0,1201,11,1.1s (at 10 Hz),True,0.9826805555555556,4.0554379589532704e-05,1,843.1088858422964,10.76,/Users/david/code/velocity.report/data/experiments/try/l3-settling-sweep/raw/haight-divisadero__safety_margin_metres__0.22__o1.json,
2026-09-18T01:54:16-0700,de78dd6fba779f902afc3972f846be1b58fd3a38,haight-divisadero,safety_margin_metres,0.3,s2/s2-1_20260901130345_00004.pcap,8e64752f1860e525d2a82462a654b6642f0a4e1f364d01e248d3cf0ba17c71a1,1,120.0,1201,11,1.1s (at 10 Hz),True,0.9828472222222222,4.4689717735008896e-05,1,845.9074825125415,10.74,/Users/david/code/velocity.report/data/experiments/try/l3-settling-sweep/raw/haight-divisadero__safety_margin_metres__0.3__o1.json,
2026-09-18T01:54:27-0700,de78dd6fba779f902afc3972f846be1b58fd3a38,haight-divisadero,noise_relative,0.005,s2/s2-1_20260901130345_00004.pcap,8e64752f1860e525d2a82462a654b6642f0a4e1f364d01e248d3cf0ba17c71a1,1,120.0,1201,11,1.1s (at 10 Hz),True,0.981125,2.2194422207573076e-05,1,817.7344318455288,10.72,/Users/david/code/velocity.report/data/experiments/try/l3-settling-sweep/raw/haight-divisadero__noise_relative__0.005__o1.json,
2026-09-18T01:54:37-0700,de78dd6fba779f902afc3972f846be1b58fd3a38,haight-divisadero,noise_relative,0.01,s2/s2-1_20260901130345_00004.pcap,8e64752f1860e525d2a82462a654b6642f0a4e1f364d01e248d3cf0ba17c71a1,1,120.0,1201,11,1.1s (at 10 Hz),True,0.981875,2.5832655160050976e-05,1,827.9929556545725,10.83,/Users/david/code/velocity.report/data/experiments/try/l3-settling-sweep/raw/haight-divisadero__noise_relative__0.01__o1.json,
2026-09-18T01:54:48-0700,de78dd6fba779f902afc3972f846be1b58fd3a38,haight-divisadero,noise_relative,0.035,s2/s2-1_20260901130345_00004.pcap,8e64752f1860e525d2a82462a654b6642f0a4e1f364d01e248d3cf0ba17c71a1,1,120.0,1201,11,1.1s (at 10 Hz),True,0.9834166666666667,6.630421765872589e-05,1,856.2497952150948,10.7,/Users/david/code/velocity.report/data/experiments/try/l3-settling-sweep/raw/haight-divisadero__noise_relative__0.035__o1.json,
2026-09-18T01:54:59-0700,de78dd6fba779f902afc3972f846be1b58fd3a38,haight-divisadero,noise_relative,0.05,s2/s2-1_20260901130345_00004.pcap,8e64752f1860e525d2a82462a654b6642f0a4e1f364d01e248d3cf0ba17c71a1,1,120.0,1201,11,1.1s (at 10 Hz),True,0.9837777777777778,7.582907759851554e-05,1,876.9529308786989,10.85,/Users/david/code/velocity.report/data/experiments/try/l3-settling-sweep/raw/haight-divisadero__noise_relative__0.05__o1.json,
2026-09-18T01:55:10-0700,de78dd6fba779f902afc3972f846be1b58fd3a38,haight-divisadero,neighbour_confirmation_count,1,s2/s2-1_20260901130345_00004.pcap,8e64752f1860e525d2a82462a654b6642f0a4e1f364d01e248d3cf0ba17c71a1,1,120.0,1201,25,2.5s (at 10 Hz),True,0.9844444444444445,0.00011944371073519386,1,865.3690744920993,10.78,/Users/david/code/velocity.report/data/experiments/try/l3-settling-sweep/raw/haight-divisadero__neighbour_confirmation_count__1__o1.json,
2026-09-18T01:55:21-0700,de78dd6fba779f902afc3972f846be1b58fd3a38,haight-divisadero,neighbour_confirmation_count,2,s2/s2-1_20260901130345_00004.pcap,8e64752f1860e525d2a82462a654b6642f0a4e1f364d01e248d3cf0ba17c71a1,1,120.0,1201,11,1.1s (at 10 Hz),True,0.9831805555555555,5.4223377449509886e-05,1,842.5804715421888,10.7,/Users/david/code/velocity.report/data/experiments/try/l3-settling-sweep/raw/haight-divisadero__neighbour_confirmation_count__2__o1.json,
2026-09-18T01:55:31-0700,de78dd6fba779f902afc3972f846be1b58fd3a38,haight-divisadero,neighbour_confirmation_count,4,s2/s2-1_20260901130345_00004.pcap,8e64752f1860e525d2a82462a654b6642f0a4e1f364d01e248d3cf0ba17c71a1,1,120.0,1201,11,1.1s (at 10 Hz),True,0.9825833333333334,3.965369389275194e-05,1,839.8194102846804,10.72,/Users/david/code/velocity.report/data/experiments/try/l3-settling-sweep/raw/haight-divisadero__neighbour_confirmation_count__4__o1.json,
2026-09-18T01:55:42-0700,de78dd6fba779f902afc3972f846be1b58fd3a38,haight-divisadero,neighbour_confirmation_count,5,s2/s2-1_20260901130345_00004.pcap,8e64752f1860e525d2a82462a654b6642f0a4e1f364d01e248d3cf0ba17c71a1,1,120.0,1201,11,1.1s (at 10 Hz),True,0.9826666666666667,3.876068999618355e-05,1,842.1653522161918,10.84,/Users/david/code/velocity.report/data/experiments/try/l3-settling-sweep/raw/haight-divisadero__neighbour_confirmation_count__5__o1.json,
2026-09-18T01:55:54-0700,de78dd6fba779f902afc3972f846be1b58fd3a38,howard-6th,_baseline,default,s2/s2_sf_8_20260903155544_00026.pcap,3d002a91833369009d0c8e26546ab054d0b0db84d0cdd04a9ae4017409cc5e0c,1,120.0,1200,11,1.1s (at 10 Hz),True,0.9764444444444444,7.177055541086725e-05,1,784.1399778106509,11.56,/Users/david/code/velocity.report/data/experiments/try/l3-settling-sweep/raw/howard-6th___baseline__default__o1.json,
2026-09-18T01:56:04-0700,de78dd6fba779f902afc3972f846be1b58fd3a38,howard-6th,closeness_multiplier,1.5,s2/s2_sf_8_20260903155544_00026.pcap,3d002a91833369009d0c8e26546ab054d0b0db84d0cdd04a9ae4017409cc5e0c,1,120.0,1200,11,1.1s (at 10 Hz),True,0.9748194444444445,3.5652354520011116e-05,1,761.0301480331116,10.6,/Users/david/code/velocity.report/data/experiments/try/l3-settling-sweep/raw/howard-6th__closeness_multiplier__1.5__o1.json,
2026-09-18T01:56:15-0700,de78dd6fba779f902afc3972f846be1b58fd3a38,howard-6th,closeness_multiplier,2.25,s2/s2_sf_8_20260903155544_00026.pcap,3d002a91833369009d0c8e26546ab054d0b0db84d0cdd04a9ae4017409cc5e0c,1,120.0,1200,11,1.1s (at 10 Hz),True,0.9757361111111111,4.3454334286204337e-05,1,768.6591177600957,10.63,/Users/david/code/velocity.report/data/experiments/try/l3-settling-sweep/raw/howard-6th__closeness_multiplier__2.25__o1.json,
2026-09-18T01:56:26-0700,de78dd6fba779f902afc3972f846be1b58fd3a38,howard-6th,closeness_multiplier,4.0,s2/s2_sf_8_20260903155544_00026.pcap,3d002a91833369009d0c8e26546ab054d0b0db84d0cdd04a9ae4017409cc5e0c,1,120.0,1200,11,1.1s (at 10 Hz),True,0.9779861111111111,8.508203297263316e-05,1,783.8842150110062,10.66,/Users/david/code/velocity.report/data/experiments/try/l3-settling-sweep/raw/howard-6th__closeness_multiplier__4.0__o1.json,
2026-09-18T01:56:36-0700,de78dd6fba779f902afc3972f846be1b58fd3a38,howard-6th,closeness_multiplier,5.0,s2/s2_sf_8_20260903155544_00026.pcap,3d002a91833369009d0c8e26546ab054d0b0db84d0cdd04a9ae4017409cc5e0c,1,120.0,1200,11,1.1s (at 10 Hz),True,0.9796944444444444,0.00010592963152348187,1,791.7228444242819,10.71,/Users/david/code/velocity.report/data/experiments/try/l3-settling-sweep/raw/howard-6th__closeness_multiplier__5.0__o1.json,
2026-09-18T01:56:47-0700,de78dd6fba779f902afc3972f846be1b58fd3a38,howard-6th,safety_margin_metres,0.05,s2/s2_sf_8_20260903155544_00026.pcap,3d002a91833369009d0c8e26546ab054d0b0db84d0cdd04a9ae4017409cc5e0c,1,120.0,1200,11,1.1s (at 10 Hz),True,0.9758611111111111,7.389582693189104e-05,1,773.9045287637699,10.79,/Users/david/code/velocity.report/data/experiments/try/l3-settling-sweep/raw/howard-6th__safety_margin_metres__0.05__o1.json,
2026-09-18T01:56:58-0700,de78dd6fba779f902afc3972f846be1b58fd3a38,howard-6th,safety_margin_metres,0.1,s2/s2_sf_8_20260903155544_00026.pcap,3d002a91833369009d0c8e26546ab054d0b0db84d0cdd04a9ae4017409cc5e0c,1,120.0,1200,11,1.1s (at 10 Hz),True,0.9760833333333333,7.481743125867421e-05,1,773.0156663536242,10.77,/Users/david/code/velocity.report/data/experiments/try/l3-settling-sweep/raw/howard-6th__safety_margin_metres__0.1__o1.json,
2026-09-18T01:57:09-0700,de78dd6fba779f902afc3972f846be1b58fd3a38,howard-6th,safety_margin_metres,0.22,s2/s2_sf_8_20260903155544_00026.pcap,3d002a91833369009d0c8e26546ab054d0b0db84d0cdd04a9ae4017409cc5e0c,1,120.0,1200,11,1.1s (at 10 Hz),True,0.9769583333333334,7.555369824784534e-05,1,776.5774868142336,10.79,/Users/david/code/velocity.report/data/experiments/try/l3-settling-sweep/raw/howard-6th__safety_margin_metres__0.22__o1.json,
2026-09-18T01:57:20-0700,de78dd6fba779f902afc3972f846be1b58fd3a38,howard-6th,safety_margin_metres,0.3,s2/s2_sf_8_20260903155544_00026.pcap,3d002a91833369009d0c8e26546ab054d0b0db84d0cdd04a9ae4017409cc5e0c,1,120.0,1200,11,1.1s (at 10 Hz),True,0.977625,7.529508182681044e-05,1,783.4958729346915,10.89,/Users/david/code/velocity.report/data/experiments/try/l3-settling-sweep/raw/howard-6th__safety_margin_metres__0.3__o1.json,
2026-09-18T01:57:30-0700,de78dd6fba779f902afc3972f846be1b58fd3a38,howard-6th,noise_relative,0.005,s2/s2_sf_8_20260903155544_00026.pcap,3d002a91833369009d0c8e26546ab054d0b0db84d0cdd04a9ae4017409cc5e0c,1,120.0,1200,11,1.1s (at 10 Hz),True,0.9737222222222223,2.688291120495837e-05,1,757.013764477663,10.78,/Users/david/code/velocity.report/data/experiments/try/l3-settling-sweep/raw/howard-6th__noise_relative__0.005__o1.json,
2026-09-18T01:57:41-0700,de78dd6fba779f902afc3972f846be1b58fd3a38,howard-6th,noise_relative,0.01,s2/s2_sf_8_20260903155544_00026.pcap,3d002a91833369009d0c8e26546ab054d0b0db84d0cdd04a9ae4017409cc5e0c,1,120.0,1200,11,1.1s (at 10 Hz),True,0.9750555555555556,3.873895379254817e-05,1,763.7683322887585,10.69,/Users/david/code/velocity.report/data/experiments/try/l3-settling-sweep/raw/howard-6th__noise_relative__0.01__o1.json,
2026-09-18T01:57:52-0700,de78dd6fba779f902afc3972f846be1b58fd3a38,howard-6th,noise_relative,0.035,s2/s2_sf_8_20260903155544_00026.pcap,3d002a91833369009d0c8e26546ab054d0b0db84d0cdd04a9ae4017409cc5e0c,1,120.0,1200,11,1.1s (at 10 Hz),True,0.9794583333333333,0.00010282717903579582,1,793.8034344379688,10.85,/Users/david/code/velocity.report/data/experiments/try/l3-settling-sweep/raw/howard-6th__noise_relative__0.035__o1.json,
2026-09-18T01:58:03-0700,de78dd6fba779f902afc3972f846be1b58fd3a38,howard-6th,noise_relative,0.05,s2/s2_sf_8_20260903155544_00026.pcap,3d002a91833369009d0c8e26546ab054d0b0db84d0cdd04a9ae4017409cc5e0c,1,120.0,1200,11,1.1s (at 10 Hz),True,0.9805694444444445,0.00015561875444404567,1,805.2661577031487,10.71,/Users/david/code/velocity.report/data/experiments/try/l3-settling-sweep/raw/howard-6th__noise_relative__0.05__o1.json,
2026-09-18T01:58:13-0700,de78dd6fba779f902afc3972f846be1b58fd3a38,howard-6th,neighbour_confirmation_count,1,s2/s2_sf_8_20260903155544_00026.pcap,3d002a91833369009d0c8e26546ab054d0b0db84d0cdd04a9ae4017409cc5e0c,1,120.0,1200,48,4.8s (at 10 Hz),True,0.9803611111111111,0.000490784369103389,1,793.4241209304961,10.64,/Users/david/code/velocity.report/data/experiments/try/l3-settling-sweep/raw/howard-6th__neighbour_confirmation_count__1__o1.json,
2026-09-18T01:58:24-0700,de78dd6fba779f902afc3972f846be1b58fd3a38,howard-6th,neighbour_confirmation_count,2,s2/s2_sf_8_20260903155544_00026.pcap,3d002a91833369009d0c8e26546ab054d0b0db84d0cdd04a9ae4017409cc5e0c,1,120.0,1200,11,1.1s (at 10 Hz),True,0.9772916666666667,0.00013322567246994073,1,778.4808072194983,10.68,/Users/david/code/velocity.report/data/experiments/try/l3-settling-sweep/raw/howard-6th__neighbour_confirmation_count__2__o1.json,
2026-09-18T01:58:35-0700,de78dd6fba779f902afc3972f846be1b58fd3a38,howard-6th,neighbour_confirmation_count,4,s2/s2_sf_8_20260903155544_00026.pcap,3d002a91833369009d0c8e26546ab054d0b0db84d0cdd04a9ae4017409cc5e0c,1,120.0,1200,11,1.1s (at 10 Hz),True,0.9763472222222223,7.129153543082852e-05,1,774.9199112337653,10.61,/Users/david/code/velocity.report/data/experiments/try/l3-settling-sweep/raw/howard-6th__neighbour_confirmation_count__4__o1.json,
2026-09-18T01:58:45-0700,de78dd6fba779f902afc3972f846be1b58fd3a38,howard-6th,neighbour_confirmation_count,5,s2/s2_sf_8_20260903155544_00026.pcap,3d002a91833369009d0c8e26546ab054d0b0db84d0cdd04a9ae4017409cc5e0c,1,120.0,1200,11,1.1s (at 10 Hz),True,0.9764305555555556,7.218206891232296e-05,1,775.2282121673328,10.63,/Users/david/code/velocity.report/data/experiments/try/l3-settling-sweep/raw/howard-6th__neighbour_confirmation_count__5__o1.json,
2026-09-18T01:58:56-0700,de78dd6fba779f902afc3972f846be1b58fd3a38,hyde-ofarrell,_baseline,default,s2/s2_sf_6_20260903111055_00015.pcap,0b67d5a15690302c788e8e57d0935738a18b9133d1b79b42eb3778e16d2fc7a8,1,120.0,1201,11,1.1s (at 10 Hz),True,0.987375,4.567627919029615e-05,1,810.3518026191782,11.17,/Users/david/code/velocity.report/data/experiments/try/l3-settling-sweep/raw/hyde-ofarrell___baseline__default__o1.json,
2026-09-18T01:59:07-0700,de78dd6fba779f902afc3972f846be1b58fd3a38,hyde-ofarrell,closeness_multiplier,1.5,s2/s2_sf_6_20260903111055_00015.pcap,0b67d5a15690302c788e8e57d0935738a18b9133d1b79b42eb3778e16d2fc7a8,1,120.0,1201,12,1.2s (at 10 Hz),True,0.9856944444444444,3.934110918279007e-05,1,785.3346766239256,10.85,/Users/david/code/velocity.report/data/experiments/try/l3-settling-sweep/raw/hyde-ofarrell__closeness_multiplier__1.5__o1.json,
2026-09-18T01:59:18-0700,de78dd6fba779f902afc3972f846be1b58fd3a38,hyde-ofarrell,closeness_multiplier,2.25,s2/s2_sf_6_20260903111055_00015.pcap,0b67d5a15690302c788e8e57d0935738a18b9133d1b79b42eb3778e16d2fc7a8,1,120.0,1201,12,1.2s (at 10 Hz),True,0.9865555555555555,4.177478969655469e-05,1,797.4451233246988,10.71,/Users/david/code/velocity.report/data/experiments/try/l3-settling-sweep/raw/hyde-ofarrell__closeness_multiplier__2.25__o1.json,
2026-09-18T01:59:29-0700,de78dd6fba779f902afc3972f846be1b58fd3a38,hyde-ofarrell,closeness_multiplier,4.0,s2/s2_sf_6_20260903111055_00015.pcap,0b67d5a15690302c788e8e57d0935738a18b9133d1b79b42eb3778e16d2fc7a8,1,120.0,1201,11,1.1s (at 10 Hz),True,0.9876944444444444,9.252853776683512e-05,1,819.0364344573502,10.91,/Users/david/code/velocity.report/data/experiments/try/l3-settling-sweep/raw/hyde-ofarrell__closeness_multiplier__4.0__o1.json,
2026-09-18T01:59:40-0700,de78dd6fba779f902afc3972f846be1b58fd3a38,hyde-ofarrell,closeness_multiplier,5.0,s2/s2_sf_6_20260903111055_00015.pcap,0b67d5a15690302c788e8e57d0935738a18b9133d1b79b42eb3778e16d2fc7a8,1,120.0,1201,11,1.1s (at 10 Hz),True,0.9880416666666667,5.459164358543333e-05,1,826.7075303279495,10.78,/Users/david/code/velocity.report/data/experiments/try/l3-settling-sweep/raw/hyde-ofarrell__closeness_multiplier__5.0__o1.json,
2026-09-18T01:59:51-0700,de78dd6fba779f902afc3972f846be1b58fd3a38,hyde-ofarrell,safety_margin_metres,0.05,s2/s2_sf_6_20260903111055_00015.pcap,0b67d5a15690302c788e8e57d0935738a18b9133d1b79b42eb3778e16d2fc7a8,1,120.0,1201,11,1.1s (at 10 Hz),True,0.9866666666666667,4.5108466553289406e-05,1,803.2718046171171,10.74,/Users/david/code/velocity.report/data/experiments/try/l3-settling-sweep/raw/hyde-ofarrell__safety_margin_metres__0.05__o1.json,
2026-09-18T02:00:02-0700,de78dd6fba779f902afc3972f846be1b58fd3a38,hyde-ofarrell,safety_margin_metres,0.1,s2/s2_sf_6_20260903111055_00015.pcap,0b67d5a15690302c788e8e57d0935738a18b9133d1b79b42eb3778e16d2fc7a8,1,120.0,1201,11,1.1s (at 10 Hz),True,0.9869722222222223,4.552027581909314e-05,1,812.6607188089274,11.12,/Users/david/code/velocity.report/data/experiments/try/l3-settling-sweep/raw/hyde-ofarrell__safety_margin_metres__0.1__o1.json,
2026-09-18T02:00:12-0700,de78dd6fba779f902afc3972f846be1b58fd3a38,hyde-ofarrell,safety_margin_metres,0.22,s2/s2_sf_6_20260903111055_00015.pcap,0b67d5a15690302c788e8e57d0935738a18b9133d1b79b42eb3778e16d2fc7a8,1,120.0,1201,11,1.1s (at 10 Hz),True,0.9869305555555555,4.643042115762109e-05,1,810.0163526083959,10.79,/Users/david/code/velocity.report/data/experiments/try/l3-settling-sweep/raw/hyde-ofarrell__safety_margin_metres__0.22__o1.json,
2026-09-18T02:00:23-0700,de78dd6fba779f902afc3972f846be1b58fd3a38,hyde-ofarrell,safety_margin_metres,0.3,s2/s2_sf_6_20260903111055_00015.pcap,0b67d5a15690302c788e8e57d0935738a18b9133d1b79b42eb3778e16d2fc7a8,1,120.0,1201,11,1.1s (at 10 Hz),True,0.9869861111111111,4.666229349285897e-05,1,811.0499416011145,10.71,/Users/david/code/velocity.report/data/experiments/try/l3-settling-sweep/raw/hyde-ofarrell__safety_margin_metres__0.3__o1.json,
2026-09-18T02:00:34-0700,de78dd6fba779f902afc3972f846be1b58fd3a38,hyde-ofarrell,noise_relative,0.005,s2/s2_sf_6_20260903111055_00015.pcap,0b67d5a15690302c788e8e57d0935738a18b9133d1b79b42eb3778e16d2fc7a8,1,120.0,1201,12,1.2s (at 10 Hz),True,0.9845833333333334,3.591854064368654e-05,1,776.1135138947666,10.78,/Users/david/code/velocity.report/data/experiments/try/l3-settling-sweep/raw/hyde-ofarrell__noise_relative__0.005__o1.json,
2026-09-18T02:00:45-0700,de78dd6fba779f902afc3972f846be1b58fd3a38,hyde-ofarrell,noise_relative,0.01,s2/s2_sf_6_20260903111055_00015.pcap,0b67d5a15690302c788e8e57d0935738a18b9133d1b79b42eb3778e16d2fc7a8,1,120.0,1201,12,1.2s (at 10 Hz),True,0.9855,4.122402065493571e-05,1,789.6152686171712,10.78,/Users/david/code/velocity.report/data/experiments/try/l3-settling-sweep/raw/hyde-ofarrell__noise_relative__0.01__o1.json,
2026-09-18T02:00:56-0700,de78dd6fba779f902afc3972f846be1b58fd3a38,hyde-ofarrell,noise_relative,0.035,s2/s2_sf_6_20260903111055_00015.pcap,0b67d5a15690302c788e8e57d0935738a18b9133d1b79b42eb3778e16d2fc7a8,1,120.0,1201,11,1.1s (at 10 Hz),True,0.988125,5.6225469643409155e-05,1,824.6701243938436,10.73,/Users/david/code/velocity.report/data/experiments/try/l3-settling-sweep/raw/hyde-ofarrell__noise_relative__0.035__o1.json,
2026-09-18T02:01:06-0700,de78dd6fba779f902afc3972f846be1b58fd3a38,hyde-ofarrell,noise_relative,0.05,s2/s2_sf_6_20260903111055_00015.pcap,0b67d5a15690302c788e8e57d0935738a18b9133d1b79b42eb3778e16d2fc7a8,1,120.0,1201,11,1.1s (at 10 Hz),True,0.9899583333333334,0.00017110312170856058,1,846.6936739761775,10.87,/Users/david/code/velocity.report/data/experiments/try/l3-settling-sweep/raw/hyde-ofarrell__noise_relative__0.05__o1.json,
2026-09-18T02:01:17-0700,de78dd6fba779f902afc3972f846be1b58fd3a38,hyde-ofarrell,neighbour_confirmation_count,1,s2/s2_sf_6_20260903111055_00015.pcap,0b67d5a15690302c788e8e57d0935738a18b9133d1b79b42eb3778e16d2fc7a8,1,120.0,1201,38,3.8s (at 10 Hz),True,0.9893888888888889,0.0002025701465515328,1,821.8717783143354,10.79,/Users/david/code/velocity.report/data/experiments/try/l3-settling-sweep/raw/hyde-ofarrell__neighbour_confirmation_count__1__o1.json,
2026-09-18T02:01:28-0700,de78dd6fba779f902afc3972f846be1b58fd3a38,hyde-ofarrell,neighbour_confirmation_count,2,s2/s2_sf_6_20260903111055_00015.pcap,0b67d5a15690302c788e8e57d0935738a18b9133d1b79b42eb3778e16d2fc7a8,1,120.0,1201,11,1.1s (at 10 Hz),True,0.9872777777777778,6.293803717707102e-05,1,806.3508525125204,10.7,/Users/david/code/velocity.report/data/experiments/try/l3-settling-sweep/raw/hyde-ofarrell__neighbour_confirmation_count__2__o1.json,
2026-09-18T02:01:39-0700,de78dd6fba779f902afc3972f846be1b58fd3a38,hyde-ofarrell,neighbour_confirmation_count,4,s2/s2_sf_6_20260903111055_00015.pcap,0b67d5a15690302c788e8e57d0935738a18b9133d1b79b42eb3778e16d2fc7a8,1,120.0,1201,11,1.1s (at 10 Hz),True,0.9869166666666667,4.533853600698512e-05,1,806.6884235413324,10.78,/Users/david/code/velocity.report/data/experiments/try/l3-settling-sweep/raw/hyde-ofarrell__neighbour_confirmation_count__4__o1.json,
2026-09-18T02:01:50-0700,de78dd6fba779f902afc3972f846be1b58fd3a38,hyde-ofarrell,neighbour_confirmation_count,5,s2/s2_sf_6_20260903111055_00015.pcap,0b67d5a15690302c788e8e57d0935738a18b9133d1b79b42eb3778e16d2fc7a8,1,120.0,1201,11,1.1s (at 10 Hz),True,0.9871527777777778,4.413496620521982e-05,1,806.731100949701,10.85,/Users/david/code/velocity.report/data/experiments/try/l3-settling-sweep/raw/hyde-ofarrell__neighbour_confirmation_count__5__o1.json,
2026-09-18T02:02:01-0700,de78dd6fba779f902afc3972f846be1b58fd3a38,laguna-eddy,_baseline,default,s2/s2-1_20260901154900_00037.pcap,f2617c9bfda54681885babac368ebaca5c7b7f94ec2564d898a6ad86214ee155,1,120.0,1200,11,1.1s (at 10 Hz),True,0.9919444444444444,9.123088911413578e-05,1,727.0533464015682,11.19,/Users/david/code/velocity.report/data/experiments/try/l3-settling-sweep/raw/laguna-eddy___baseline__default__o1.json,
2026-09-18T02:02:12-0700,de78dd6fba779f902afc3972f846be1b58fd3a38,laguna-eddy,closeness_multiplier,1.5,s2/s2-1_20260901154900_00037.pcap,f2617c9bfda54681885babac368ebaca5c7b7f94ec2564d898a6ad86214ee155,1,120.0,1200,11,1.1s (at 10 Hz),True,0.991125,5.561358052283703e-05,1,701.8986281021847,10.89,/Users/david/code/velocity.report/data/experiments/try/l3-settling-sweep/raw/laguna-eddy__closeness_multiplier__1.5__o1.json,
2026-09-18T02:02:23-0700,de78dd6fba779f902afc3972f846be1b58fd3a38,laguna-eddy,closeness_multiplier,2.25,s2/s2-1_20260901154900_00037.pcap,f2617c9bfda54681885babac368ebaca5c7b7f94ec2564d898a6ad86214ee155,1,120.0,1200,11,1.1s (at 10 Hz),True,0.9917222222222222,7.134158886342973e-05,1,715.1391658730603,10.85,/Users/david/code/velocity.report/data/experiments/try/l3-settling-sweep/raw/laguna-eddy__closeness_multiplier__2.25__o1.json,
2026-09-18T02:02:33-0700,de78dd6fba779f902afc3972f846be1b58fd3a38,laguna-eddy,closeness_multiplier,4.0,s2/s2-1_20260901154900_00037.pcap,f2617c9bfda54681885babac368ebaca5c7b7f94ec2564d898a6ad86214ee155,1,120.0,1200,11,1.1s (at 10 Hz),True,0.9926666666666667,0.0001381050594137364,1,739.5806189836579,10.84,/Users/david/code/velocity.report/data/experiments/try/l3-settling-sweep/raw/laguna-eddy__closeness_multiplier__4.0__o1.json,
2026-09-18T02:02:44-0700,de78dd6fba779f902afc3972f846be1b58fd3a38,laguna-eddy,closeness_multiplier,5.0,s2/s2-1_20260901154900_00037.pcap,f2617c9bfda54681885babac368ebaca5c7b7f94ec2564d898a6ad86214ee155,1,120.0,1200,11,1.1s (at 10 Hz),True,0.9926944444444444,0.0001858092136058756,1,756.8217813470633,10.77,/Users/david/code/velocity.report/data/experiments/try/l3-settling-sweep/raw/laguna-eddy__closeness_multiplier__5.0__o1.json,
2026-09-18T02:02:55-0700,de78dd6fba779f902afc3972f846be1b58fd3a38,laguna-eddy,safety_margin_metres,0.05,s2/s2-1_20260901154900_00037.pcap,f2617c9bfda54681885babac368ebaca5c7b7f94ec2564d898a6ad86214ee155,1,120.0,1200,11,1.1s (at 10 Hz),True,0.9917777777777778,8.30212597226421e-05,1,717.1312317947569,10.82,/Users/david/code/velocity.report/data/experiments/try/l3-settling-sweep/raw/laguna-eddy__safety_margin_metres__0.05__o1.json,
2026-09-18T02:03:06-0700,de78dd6fba779f902afc3972f846be1b58fd3a38,laguna-eddy,safety_margin_metres,0.1,s2/s2-1_20260901154900_00037.pcap,f2617c9bfda54681885babac368ebaca5c7b7f94ec2564d898a6ad86214ee155,1,120.0,1200,11,1.1s (at 10 Hz),True,0.9919583333333334,8.512087952147416e-05,1,720.4002744290894,10.76,/Users/david/code/velocity.report/data/experiments/try/l3-settling-sweep/raw/laguna-eddy__safety_margin_metres__0.1__o1.json,
2026-09-18T02:03:17-0700,de78dd6fba779f902afc3972f846be1b58fd3a38,laguna-eddy,safety_margin_metres,0.22,s2/s2-1_20260901154900_00037.pcap,f2617c9bfda54681885babac368ebaca5c7b7f94ec2564d898a6ad86214ee155,1,120.0,1200,11,1.1s (at 10 Hz),True,0.9920138888888889,9.210891464231605e-05,1,730.2430241512076,10.89,/Users/david/code/velocity.report/data/experiments/try/l3-settling-sweep/raw/laguna-eddy__safety_margin_metres__0.22__o1.json,
2026-09-18T02:03:28-0700,de78dd6fba779f902afc3972f846be1b58fd3a38,laguna-eddy,safety_margin_metres,0.3,s2/s2-1_20260901154900_00037.pcap,f2617c9bfda54681885babac368ebaca5c7b7f94ec2564d898a6ad86214ee155,1,120.0,1200,11,1.1s (at 10 Hz),True,0.992125,9.364215258813012e-05,1,736.2470146850895,10.81,/Users/david/code/velocity.report/data/experiments/try/l3-settling-sweep/raw/laguna-eddy__safety_margin_metres__0.3__o1.json,
2026-09-18T02:03:38-0700,de78dd6fba779f902afc3972f846be1b58fd3a38,laguna-eddy,noise_relative,0.005,s2/s2-1_20260901154900_00037.pcap,f2617c9bfda54681885babac368ebaca5c7b7f94ec2564d898a6ad86214ee155,1,120.0,1200,11,1.1s (at 10 Hz),True,0.9905833333333334,5.011189263418473e-05,1,690.9939149210622,10.73,/Users/david/code/velocity.report/data/experiments/try/l3-settling-sweep/raw/laguna-eddy__noise_relative__0.005__o1.json,
2026-09-18T02:03:49-0700,de78dd6fba779f902afc3972f846be1b58fd3a38,laguna-eddy,noise_relative,0.01,s2/s2-1_20260901154900_00037.pcap,f2617c9bfda54681885babac368ebaca5c7b7f94ec2564d898a6ad86214ee155,1,120.0,1200,11,1.1s (at 10 Hz),True,0.9913472222222223,6.039210389036388e-05,1,704.6778514087171,10.82,/Users/david/code/velocity.report/data/experiments/try/l3-settling-sweep/raw/laguna-eddy__noise_relative__0.01__o1.json,
2026-09-18T02:04:00-0700,de78dd6fba779f902afc3972f846be1b58fd3a38,laguna-eddy,noise_relative,0.035,s2/s2-1_20260901154900_00037.pcap,f2617c9bfda54681885babac368ebaca5c7b7f94ec2564d898a6ad86214ee155,1,120.0,1200,11,1.1s (at 10 Hz),True,0.9926944444444444,0.00014933570650349032,1,753.6476760780143,10.78,/Users/david/code/velocity.report/data/experiments/try/l3-settling-sweep/raw/laguna-eddy__noise_relative__0.035__o1.json,
2026-09-18T02:04:11-0700,de78dd6fba779f902afc3972f846be1b58fd3a38,laguna-eddy,noise_relative,0.05,s2/s2-1_20260901154900_00037.pcap,f2617c9bfda54681885babac368ebaca5c7b7f94ec2564d898a6ad86214ee155,1,120.0,1200,11,1.1s (at 10 Hz),True,0.9935555555555555,0.00021388370883766426,1,780.0998658018341,10.78,/Users/david/code/velocity.report/data/experiments/try/l3-settling-sweep/raw/laguna-eddy__noise_relative__0.05__o1.json,
2026-09-18T02:04:22-0700,de78dd6fba779f902afc3972f846be1b58fd3a38,laguna-eddy,neighbour_confirmation_count,1,s2/s2-1_20260901154900_00037.pcap,f2617c9bfda54681885babac368ebaca5c7b7f94ec2564d898a6ad86214ee155,1,120.0,1200,47,4.7s (at 10 Hz),True,0.9942777777777778,0.0008422449840440206,1,757.7314494049282,10.84,/Users/david/code/velocity.report/data/experiments/try/l3-settling-sweep/raw/laguna-eddy__neighbour_confirmation_count__1__o1.json,
2026-09-18T02:04:32-0700,de78dd6fba779f902afc3972f846be1b58fd3a38,laguna-eddy,neighbour_confirmation_count,2,s2/s2-1_20260901154900_00037.pcap,f2617c9bfda54681885babac368ebaca5c7b7f94ec2564d898a6ad86214ee155,1,120.0,1200,11,1.1s (at 10 Hz),True,0.9925277777777778,0.0001945958463352864,1,730.7165486552293,10.8,/Users/david/code/velocity.report/data/experiments/try/l3-settling-sweep/raw/laguna-eddy__neighbour_confirmation_count__2__o1.json,
2026-09-18T02:04:43-0700,de78dd6fba779f902afc3972f846be1b58fd3a38,laguna-eddy,neighbour_confirmation_count,4,s2/s2-1_20260901154900_00037.pcap,f2617c9bfda54681885babac368ebaca5c7b7f94ec2564d898a6ad86214ee155,1,120.0,1200,11,1.1s (at 10 Hz),True,0.9919027777777778,8.7597853989976e-05,1,727.0043126986571,10.9,/Users/david/code/velocity.report/data/experiments/try/l3-settling-sweep/raw/laguna-eddy__neighbour_confirmation_count__4__o1.json,
2026-09-18T02:04:54-0700,de78dd6fba779f902afc3972f846be1b58fd3a38,laguna-eddy,neighbour_confirmation_count,5,s2/s2-1_20260901154900_00037.pcap,f2617c9bfda54681885babac368ebaca5c7b7f94ec2564d898a6ad86214ee155,1,120.0,1200,11,1.1s (at 10 Hz),True,0.9920833333333333,8.885972838091046e-05,1,725.9919081618368,10.81,/Users/david/code/velocity.report/data/experiments/try/l3-settling-sweep/raw/laguna-eddy__neighbour_confirmation_count__5__o1.json,
2026-09-18T02:05:05-0700,de78dd6fba779f902afc3972f846be1b58fd3a38,lombard-broderick,_baseline,default,s2/s2_sf_2_20260902094322_00004.pcap,21400a9de697e40355a734701ba414dbb0800b09945480acba2c1ae640b4b476,1,120.0,1200,11,1.1s (at 10 Hz),True,0.9751944444444445,5.1366064888002444e-05,1,641.5049420343521,10.73,/Users/david/code/velocity.report/data/experiments/try/l3-settling-sweep/raw/lombard-broderick___baseline__default__o1.json,
2026-09-18T02:05:15-0700,de78dd6fba779f902afc3972f846be1b58fd3a38,lombard-broderick,closeness_multiplier,1.5,s2/s2_sf_2_20260902094322_00004.pcap,21400a9de697e40355a734701ba414dbb0800b09945480acba2c1ae640b4b476,1,120.0,1200,11,1.1s (at 10 Hz),True,0.9701388888888889,3.333779103482647e-05,1,629.02914817466,10.51,/Users/david/code/velocity.report/data/experiments/try/l3-settling-sweep/raw/lombard-broderick__closeness_multiplier__1.5__o1.json,
2026-09-18T02:05:26-0700,de78dd6fba779f902afc3972f846be1b58fd3a38,lombard-broderick,closeness_multiplier,2.25,s2/s2_sf_2_20260902094322_00004.pcap,21400a9de697e40355a734701ba414dbb0800b09945480acba2c1ae640b4b476,1,120.0,1200,11,1.1s (at 10 Hz),True,0.9734305555555556,4.0511830179327584e-05,1,633.2137771626692,10.52,/Users/david/code/velocity.report/data/experiments/try/l3-settling-sweep/raw/lombard-broderick__closeness_multiplier__2.25__o1.json,
2026-09-18T02:05:36-0700,de78dd6fba779f902afc3972f846be1b58fd3a38,lombard-broderick,closeness_multiplier,4.0,s2/s2_sf_2_20260902094322_00004.pcap,21400a9de697e40355a734701ba414dbb0800b09945480acba2c1ae640b4b476,1,120.0,1200,11,1.1s (at 10 Hz),True,0.9754722222222222,0.00010059053497779474,1,643.8310647264857,10.49,/Users/david/code/velocity.report/data/experiments/try/l3-settling-sweep/raw/lombard-broderick__closeness_multiplier__4.0__o1.json,
2026-09-18T02:05:47-0700,de78dd6fba779f902afc3972f846be1b58fd3a38,lombard-broderick,closeness_multiplier,5.0,s2/s2_sf_2_20260902094322_00004.pcap,21400a9de697e40355a734701ba414dbb0800b09945480acba2c1ae640b4b476,1,120.0,1200,11,1.1s (at 10 Hz),True,0.9770138888888888,0.00033296504004630585,1,650.0078328239391,10.43,/Users/david/code/velocity.report/data/experiments/try/l3-settling-sweep/raw/lombard-broderick__closeness_multiplier__5.0__o1.json,
2026-09-18T02:05:57-0700,de78dd6fba779f902afc3972f846be1b58fd3a38,lombard-broderick,safety_margin_metres,0.05,s2/s2_sf_2_20260902094322_00004.pcap,21400a9de697e40355a734701ba414dbb0800b09945480acba2c1ae640b4b476,1,120.0,1200,11,1.1s (at 10 Hz),True,0.973875,5.0202138862280817e-05,1,633.2110982757883,10.49,/Users/david/code/velocity.report/data/experiments/try/l3-settling-sweep/raw/lombard-broderick__safety_margin_metres__0.05__o1.json,
2026-09-18T02:06:08-0700,de78dd6fba779f902afc3972f846be1b58fd3a38,lombard-broderick,safety_margin_metres,0.1,s2/s2_sf_2_20260902094322_00004.pcap,21400a9de697e40355a734701ba414dbb0800b09945480acba2c1ae640b4b476,1,120.0,1200,11,1.1s (at 10 Hz),True,0.9743055555555555,5.184110246788901e-05,1,634.6434782608695,10.49,/Users/david/code/velocity.report/data/experiments/try/l3-settling-sweep/raw/lombard-broderick__safety_margin_metres__0.1__o1.json,
2026-09-18T02:06:18-0700,de78dd6fba779f902afc3972f846be1b58fd3a38,lombard-broderick,safety_margin_metres,0.22,s2/s2_sf_2_20260902094322_00004.pcap,21400a9de697e40355a734701ba414dbb0800b09945480acba2c1ae640b4b476,1,120.0,1200,11,1.1s (at 10 Hz),True,0.9741666666666666,5.356367343364987e-05,1,639.7153122326775,10.46,/Users/david/code/velocity.report/data/experiments/try/l3-settling-sweep/raw/lombard-broderick__safety_margin_metres__0.22__o1.json,
2026-09-18T02:06:29-0700,de78dd6fba779f902afc3972f846be1b58fd3a38,lombard-broderick,safety_margin_metres,0.3,s2/s2_sf_2_20260902094322_00004.pcap,21400a9de697e40355a734701ba414dbb0800b09945480acba2c1ae640b4b476,1,120.0,1200,11,1.1s (at 10 Hz),True,0.9761944444444445,5.8146025316065584e-05,1,643.4156731070199,10.66,/Users/david/code/velocity.report/data/experiments/try/l3-settling-sweep/raw/lombard-broderick__safety_margin_metres__0.3__o1.json,
2026-09-18T02:06:39-0700,de78dd6fba779f902afc3972f846be1b58fd3a38,lombard-broderick,noise_relative,0.005,s2/s2_sf_2_20260902094322_00004.pcap,21400a9de697e40355a734701ba414dbb0800b09945480acba2c1ae640b4b476,1,120.0,1200,11,1.1s (at 10 Hz),True,0.967625,3.4579274498635155e-05,1,621.5476036687767,10.45,/Users/david/code/velocity.report/data/experiments/try/l3-settling-sweep/raw/lombard-broderick__noise_relative__0.005__o1.json,
2026-09-18T02:06:50-0700,de78dd6fba779f902afc3972f846be1b58fd3a38,lombard-broderick,noise_relative,0.01,s2/s2_sf_2_20260902094322_00004.pcap,21400a9de697e40355a734701ba414dbb0800b09945480acba2c1ae640b4b476,1,120.0,1200,11,1.1s (at 10 Hz),True,0.9714166666666667,3.538424948520187e-05,1,627.6633496325527,10.49,/Users/david/code/velocity.report/data/experiments/try/l3-settling-sweep/raw/lombard-broderick__noise_relative__0.01__o1.json,
2026-09-18T02:07:01-0700,de78dd6fba779f902afc3972f846be1b58fd3a38,lombard-broderick,noise_relative,0.035,s2/s2_sf_2_20260902094322_00004.pcap,21400a9de697e40355a734701ba414dbb0800b09945480acba2c1ae640b4b476,1,120.0,1200,11,1.1s (at 10 Hz),True,0.9780555555555556,0.00010168873852927442,1,646.2212013632491,10.48,/Users/david/code/velocity.report/data/experiments/try/l3-settling-sweep/raw/lombard-broderick__noise_relative__0.035__o1.json,
2026-09-18T02:07:11-0700,de78dd6fba779f902afc3972f846be1b58fd3a38,lombard-broderick,noise_relative,0.05,s2/s2_sf_2_20260902094322_00004.pcap,21400a9de697e40355a734701ba414dbb0800b09945480acba2c1ae640b4b476,1,120.0,1200,16,1.6s (at 10 Hz),True,0.9812777777777778,0.00029013303818969444,1,665.1931438600465,10.59,/Users/david/code/velocity.report/data/experiments/try/l3-settling-sweep/raw/lombard-broderick__noise_relative__0.05__o1.json,
2026-09-18T02:07:22-0700,de78dd6fba779f902afc3972f846be1b58fd3a38,lombard-broderick,neighbour_confirmation_count,1,s2/s2_sf_2_20260902094322_00004.pcap,21400a9de697e40355a734701ba414dbb0800b09945480acba2c1ae640b4b476,1,120.0,1200,92,9.2s (at 10 Hz),True,0.9800416666666667,0.0012588712583661691,1,660.1575613281748,10.61,/Users/david/code/velocity.report/data/experiments/try/l3-settling-sweep/raw/lombard-broderick__neighbour_confirmation_count__1__o1.json,
2026-09-18T02:07:32-0700,de78dd6fba779f902afc3972f846be1b58fd3a38,lombard-broderick,neighbour_confirmation_count,2,s2/s2_sf_2_20260902094322_00004.pcap,21400a9de697e40355a734701ba414dbb0800b09945480acba2c1ae640b4b476,1,120.0,1200,11,1.1s (at 10 Hz),True,0.9753472222222223,0.00018896843498853198,1,643.5313777144892,10.63,/Users/david/code/velocity.report/data/experiments/try/l3-settling-sweep/raw/lombard-broderick__neighbour_confirmation_count__2__o1.json,
2026-09-18T02:07:43-0700,de78dd6fba779f902afc3972f846be1b58fd3a38,lombard-broderick,neighbour_confirmation_count,4,s2/s2_sf_2_20260902094322_00004.pcap,21400a9de697e40355a734701ba414dbb0800b09945480acba2c1ae640b4b476,1,120.0,1200,11,1.1s (at 10 Hz),True,0.9729305555555555,5.168352916888748e-05,1,635.8829281523462,10.55,/Users/david/code/velocity.report/data/experiments/try/l3-settling-sweep/raw/lombard-broderick__neighbour_confirmation_count__4__o1.json,
2026-09-18T02:07:53-0700,de78dd6fba779f902afc3972f846be1b58fd3a38,lombard-broderick,neighbour_confirmation_count,5,s2/s2_sf_2_20260902094322_00004.pcap,21400a9de697e40355a734701ba414dbb0800b09945480acba2c1ae640b4b476,1,120.0,1200,11,1.1s (at 10 Hz),True,0.9741527777777778,5.794426696477122e-05,1,637.8045024879168,10.52,/Users/david/code/velocity.report/data/experiments/try/l3-settling-sweep/raw/lombard-broderick__neighbour_confirmation_count__5__o1.json,
2026-09-18T02:08:04-0700,de78dd6fba779f902afc3972f846be1b58fd3a38,lombard-laguna,_baseline,default,s2/s2_sf_2_20260902110330_00020.pcap,fe0857f18fcac1f58575b140847ba9de8ac9c52f86d115ea0dc2818f01d6c808,1,120.0,1200,11,1.1s (at 10 Hz),True,0.9549583333333334,6.479113405701478e-05,1,603.8053143679916,10.81,/Users/david/code/velocity.report/data/experiments/try/l3-settling-sweep/raw/lombard-laguna___baseline__default__o1.json,
2026-09-18T02:08:15-0700,de78dd6fba779f902afc3972f846be1b58fd3a38,lombard-laguna,closeness_multiplier,1.5,s2/s2_sf_2_20260902110330_00020.pcap,fe0857f18fcac1f58575b140847ba9de8ac9c52f86d115ea0dc2818f01d6c808,1,120.0,1200,11,1.1s (at 10 Hz),True,0.9520416666666667,4.303145349329496e-05,1,591.1351919121187,10.47,/Users/david/code/velocity.report/data/experiments/try/l3-settling-sweep/raw/lombard-laguna__closeness_multiplier__1.5__o1.json,
2026-09-18T02:08:25-0700,de78dd6fba779f902afc3972f846be1b58fd3a38,lombard-laguna,closeness_multiplier,2.25,s2/s2_sf_2_20260902110330_00020.pcap,fe0857f18fcac1f58575b140847ba9de8ac9c52f86d115ea0dc2818f01d6c808,1,120.0,1200,11,1.1s (at 10 Hz),True,0.9538611111111112,5.120626688179897e-05,1,595.173068522671,10.42,/Users/david/code/velocity.report/data/experiments/try/l3-settling-sweep/raw/lombard-laguna__closeness_multiplier__2.25__o1.json,
2026-09-18T02:08:36-0700,de78dd6fba779f902afc3972f846be1b58fd3a38,lombard-laguna,closeness_multiplier,4.0,s2/s2_sf_2_20260902110330_00020.pcap,fe0857f18fcac1f58575b140847ba9de8ac9c52f86d115ea0dc2818f01d6c808,1,120.0,1200,11,1.1s (at 10 Hz),True,0.9553194444444445,9.349991720387614e-05,1,630.4586016893709,10.57,/Users/david/code/velocity.report/data/experiments/try/l3-settling-sweep/raw/lombard-laguna__closeness_multiplier__4.0__o1.json,
2026-09-18T02:08:46-0700,de78dd6fba779f902afc3972f846be1b58fd3a38,lombard-laguna,closeness_multiplier,5.0,s2/s2_sf_2_20260902110330_00020.pcap,fe0857f18fcac1f58575b140847ba9de8ac9c52f86d115ea0dc2818f01d6c808,1,120.0,1200,11,1.1s (at 10 Hz),True,0.9572361111111111,0.00018250756183351831,1,669.0838351155671,10.4,/Users/david/code/velocity.report/data/experiments/try/l3-settling-sweep/raw/lombard-laguna__closeness_multiplier__5.0__o1.json,
2026-09-18T02:08:57-0700,de78dd6fba779f902afc3972f846be1b58fd3a38,lombard-laguna,safety_margin_metres,0.05,s2/s2_sf_2_20260902110330_00020.pcap,fe0857f18fcac1f58575b140847ba9de8ac9c52f86d115ea0dc2818f01d6c808,1,120.0,1200,11,1.1s (at 10 Hz),True,0.9543472222222222,6.200198648042353e-05,1,596.1365971504664,10.41,/Users/david/code/velocity.report/data/experiments/try/l3-settling-sweep/raw/lombard-laguna__safety_margin_metres__0.05__o1.json,
2026-09-18T02:09:07-0700,de78dd6fba779f902afc3972f846be1b58fd3a38,lombard-laguna,safety_margin_metres,0.1,s2/s2_sf_2_20260902110330_00020.pcap,fe0857f18fcac1f58575b140847ba9de8ac9c52f86d115ea0dc2818f01d6c808,1,120.0,1200,11,1.1s (at 10 Hz),True,0.9547916666666667,6.501254289826849e-05,1,596.9771619754164,10.38,/Users/david/code/velocity.report/data/experiments/try/l3-settling-sweep/raw/lombard-laguna__safety_margin_metres__0.1__o1.json,
2026-09-18T02:09:18-0700,de78dd6fba779f902afc3972f846be1b58fd3a38,lombard-laguna,safety_margin_metres,0.22,s2/s2_sf_2_20260902110330_00020.pcap,fe0857f18fcac1f58575b140847ba9de8ac9c52f86d115ea0dc2818f01d6c808,1,120.0,1200,11,1.1s (at 10 Hz),True,0.9550833333333333,8.383027449005506e-05,1,620.8252188581566,10.47,/Users/david/code/velocity.report/data/experiments/try/l3-settling-sweep/raw/lombard-laguna__safety_margin_metres__0.22__o1.json,
2026-09-18T02:09:28-0700,de78dd6fba779f902afc3972f846be1b58fd3a38,lombard-laguna,safety_margin_metres,0.3,s2/s2_sf_2_20260902110330_00020.pcap,fe0857f18fcac1f58575b140847ba9de8ac9c52f86d115ea0dc2818f01d6c808,1,120.0,1200,11,1.1s (at 10 Hz),True,0.9547361111111111,7.407039558079632e-05,1,649.581777978208,10.41,/Users/david/code/velocity.report/data/experiments/try/l3-settling-sweep/raw/lombard-laguna__safety_margin_metres__0.3__o1.json,
2026-09-18T02:09:38-0700,de78dd6fba779f902afc3972f846be1b58fd3a38,lombard-laguna,noise_relative,0.005,s2/s2_sf_2_20260902110330_00020.pcap,fe0857f18fcac1f58575b140847ba9de8ac9c52f86d115ea0dc2818f01d6c808,1,120.0,1200,11,1.1s (at 10 Hz),True,0.950375,5.397889291106272e-05,1,589.48954360121,10.53,/Users/david/code/velocity.report/data/experiments/try/l3-settling-sweep/raw/lombard-laguna__noise_relative__0.005__o1.json,
2026-09-18T02:09:49-0700,de78dd6fba779f902afc3972f846be1b58fd3a38,lombard-laguna,noise_relative,0.01,s2/s2_sf_2_20260902110330_00020.pcap,fe0857f18fcac1f58575b140847ba9de8ac9c52f86d115ea0dc2818f01d6c808,1,120.0,1200,11,1.1s (at 10 Hz),True,0.9529583333333334,5.163893221516445e-05,1,590.4607435908647,10.63,/Users/david/code/velocity.report/data/experiments/try/l3-settling-sweep/raw/lombard-laguna__noise_relative__0.01__o1.json,
2026-09-18T02:10:00-0700,de78dd6fba779f902afc3972f846be1b58fd3a38,lombard-laguna,noise_relative,0.035,s2/s2_sf_2_20260902110330_00020.pcap,fe0857f18fcac1f58575b140847ba9de8ac9c52f86d115ea0dc2818f01d6c808,1,120.0,1200,11,1.1s (at 10 Hz),True,0.9572916666666667,0.00014363908476784345,1,664.4188320638375,10.58,/Users/david/code/velocity.report/data/experiments/try/l3-settling-sweep/raw/lombard-laguna__noise_relative__0.035__o1.json,
2026-09-18T02:10:10-0700,de78dd6fba779f902afc3972f846be1b58fd3a38,lombard-laguna,noise_relative,0.05,s2/s2_sf_2_20260902110330_00020.pcap,fe0857f18fcac1f58575b140847ba9de8ac9c52f86d115ea0dc2818f01d6c808,1,120.0,1200,11,1.1s (at 10 Hz),True,0.9584583333333333,0.0002752460521181497,1,699.5709690040429,10.47,/Users/david/code/velocity.report/data/experiments/try/l3-settling-sweep/raw/lombard-laguna__noise_relative__0.05__o1.json,
2026-09-18T02:10:21-0700,de78dd6fba779f902afc3972f846be1b58fd3a38,lombard-laguna,neighbour_confirmation_count,1,s2/s2_sf_2_20260902110330_00020.pcap,fe0857f18fcac1f58575b140847ba9de8ac9c52f86d115ea0dc2818f01d6c808,1,120.0,1200,87,8.7s (at 10 Hz),True,0.9583333333333334,0.0009970502697540433,1,616.9050869565217,10.52,/Users/david/code/velocity.report/data/experiments/try/l3-settling-sweep/raw/lombard-laguna__neighbour_confirmation_count__1__o1.json,
2026-09-18T02:10:31-0700,de78dd6fba779f902afc3972f846be1b58fd3a38,lombard-laguna,neighbour_confirmation_count,2,s2/s2_sf_2_20260902110330_00020.pcap,fe0857f18fcac1f58575b140847ba9de8ac9c52f86d115ea0dc2818f01d6c808,1,120.0,1200,11,1.1s (at 10 Hz),True,0.9549166666666666,0.00011681655209144593,1,600.9278878319807,10.44,/Users/david/code/velocity.report/data/experiments/try/l3-settling-sweep/raw/lombard-laguna__neighbour_confirmation_count__2__o1.json,
2026-09-18T02:10:42-0700,de78dd6fba779f902afc3972f846be1b58fd3a38,lombard-laguna,neighbour_confirmation_count,4,s2/s2_sf_2_20260902110330_00020.pcap,fe0857f18fcac1f58575b140847ba9de8ac9c52f86d115ea0dc2818f01d6c808,1,120.0,1200,11,1.1s (at 10 Hz),True,0.9547361111111111,6.840030736120037e-05,1,605.0313350111287,10.56,/Users/david/code/velocity.report/data/experiments/try/l3-settling-sweep/raw/lombard-laguna__neighbour_confirmation_count__4__o1.json,
2026-09-18T02:10:52-0700,de78dd6fba779f902afc3972f846be1b58fd3a38,lombard-laguna,neighbour_confirmation_count,5,s2/s2_sf_2_20260902110330_00020.pcap,fe0857f18fcac1f58575b140847ba9de8ac9c52f86d115ea0dc2818f01d6c808,1,120.0,1200,11,1.1s (at 10 Hz),True,0.9549305555555555,6.739339965061258e-05,1,601.5818631372264,10.46,/Users/david/code/velocity.report/data/experiments/try/l3-settling-sweep/raw/lombard-laguna__neighbour_confirmation_count__5__o1.json,
2026-09-18T02:11:01-0700,de78dd6fba779f902afc3972f846be1b58fd3a38,marina-broderick,_baseline,default,s2/s2_sf_2_20260902100825_00009.pcap,b370d3adf168c931c1f1e804955eda13d6156275bbe0b56bdbd6f912de829db8,1,120.0,1200,490,49.0s (at 10 Hz),True,0.9046527777777778,8.414933312163267e-05,1,578.5035234512935,8.69,/Users/david/code/velocity.report/data/experiments/try/l3-settling-sweep/raw/marina-broderick___baseline__default__o1.json,
2026-09-18T02:11:09-0700,de78dd6fba779f902afc3972f846be1b58fd3a38,marina-broderick,closeness_multiplier,1.5,s2/s2_sf_2_20260902100825_00009.pcap,b370d3adf168c931c1f1e804955eda13d6156275bbe0b56bdbd6f912de829db8,1,120.0,1200,507,50.7s (at 10 Hz),True,0.8910138888888889,5.025665831248142e-05,1,569.8381369538447,8.39,/Users/david/code/velocity.report/data/experiments/try/l3-settling-sweep/raw/marina-broderick__closeness_multiplier__1.5__o1.json,
2026-09-18T02:11:18-0700,de78dd6fba779f902afc3972f846be1b58fd3a38,marina-broderick,closeness_multiplier,2.25,s2/s2_sf_2_20260902100825_00009.pcap,b370d3adf168c931c1f1e804955eda13d6156275bbe0b56bdbd6f912de829db8,1,120.0,1200,498,49.8s (at 10 Hz),True,0.8988333333333334,6.638239704938406e-05,1,573.0797484393349,8.37,/Users/david/code/velocity.report/data/experiments/try/l3-settling-sweep/raw/marina-broderick__closeness_multiplier__2.25__o1.json,
2026-09-18T02:11:26-0700,de78dd6fba779f902afc3972f846be1b58fd3a38,marina-broderick,closeness_multiplier,4.0,s2/s2_sf_2_20260902100825_00009.pcap,b370d3adf168c931c1f1e804955eda13d6156275bbe0b56bdbd6f912de829db8,1,120.0,1200,480,48.0s (at 10 Hz),True,0.9101805555555555,0.00016396915714623534,1,590.5184258312606,8.48,/Users/david/code/velocity.report/data/experiments/try/l3-settling-sweep/raw/marina-broderick__closeness_multiplier__4.0__o1.json,
2026-09-18T02:11:35-0700,de78dd6fba779f902afc3972f846be1b58fd3a38,marina-broderick,closeness_multiplier,5.0,s2/s2_sf_2_20260902100825_00009.pcap,b370d3adf168c931c1f1e804955eda13d6156275bbe0b56bdbd6f912de829db8,1,120.0,1200,451,45.1s (at 10 Hz),True,0.9119166666666667,0.0002861922628786902,1,605.7960796856438,8.45,/Users/david/code/velocity.report/data/experiments/try/l3-settling-sweep/raw/marina-broderick__closeness_multiplier__5.0__o1.json,
2026-09-18T02:11:43-0700,de78dd6fba779f902afc3972f846be1b58fd3a38,marina-broderick,safety_margin_metres,0.05,s2/s2_sf_2_20260902100825_00009.pcap,b370d3adf168c931c1f1e804955eda13d6156275bbe0b56bdbd6f912de829db8,1,120.0,1200,493,49.3s (at 10 Hz),True,0.9023472222222222,9.195166735095558e-05,1,579.9248256860965,8.54,/Users/david/code/velocity.report/data/experiments/try/l3-settling-sweep/raw/marina-broderick__safety_margin_metres__0.05__o1.json,
2026-09-18T02:11:52-0700,de78dd6fba779f902afc3972f846be1b58fd3a38,marina-broderick,safety_margin_metres,0.1,s2/s2_sf_2_20260902100825_00009.pcap,b370d3adf168c931c1f1e804955eda13d6156275bbe0b56bdbd6f912de829db8,1,120.0,1200,492,49.2s (at 10 Hz),True,0.9035416666666667,8.768631801045398e-05,1,576.2837906386903,8.4,/Users/david/code/velocity.report/data/experiments/try/l3-settling-sweep/raw/marina-broderick__safety_margin_metres__0.1__o1.json,
2026-09-18T02:12:00-0700,de78dd6fba779f902afc3972f846be1b58fd3a38,marina-broderick,safety_margin_metres,0.22,s2/s2_sf_2_20260902100825_00009.pcap,b370d3adf168c931c1f1e804955eda13d6156275bbe0b56bdbd6f912de829db8,1,120.0,1200,489,48.9s (at 10 Hz),True,0.907125,8.594735335706265e-05,1,581.8455590770596,8.48,/Users/david/code/velocity.report/data/experiments/try/l3-settling-sweep/raw/marina-broderick__safety_margin_metres__0.22__o1.json,
2026-09-18T02:12:09-0700,de78dd6fba779f902afc3972f846be1b58fd3a38,marina-broderick,safety_margin_metres,0.3,s2/s2_sf_2_20260902100825_00009.pcap,b370d3adf168c931c1f1e804955eda13d6156275bbe0b56bdbd6f912de829db8,1,120.0,1200,487,48.7s (at 10 Hz),True,0.9078611111111111,9.28199301685006e-05,1,589.3895144264602,8.4,/Users/david/code/velocity.report/data/experiments/try/l3-settling-sweep/raw/marina-broderick__safety_margin_metres__0.3__o1.json,
2026-09-18T02:12:17-0700,de78dd6fba779f902afc3972f846be1b58fd3a38,marina-broderick,noise_relative,0.005,s2/s2_sf_2_20260902100825_00009.pcap,b370d3adf168c931c1f1e804955eda13d6156275bbe0b56bdbd6f912de829db8,1,120.0,1200,516,51.6s (at 10 Hz),True,0.8739305555555555,5.433192864320818e-05,1,578.2756066938957,8.52,/Users/david/code/velocity.report/data/experiments/try/l3-settling-sweep/raw/marina-broderick__noise_relative__0.005__o1.json,
2026-09-18T02:12:26-0700,de78dd6fba779f902afc3972f846be1b58fd3a38,marina-broderick,noise_relative,0.01,s2/s2_sf_2_20260902100825_00009.pcap,b370d3adf168c931c1f1e804955eda13d6156275bbe0b56bdbd6f912de829db8,1,120.0,1200,506,50.6s (at 10 Hz),True,0.8921805555555555,6.038037338240446e-05,1,574.3217616015692,8.48,/Users/david/code/velocity.report/data/experiments/try/l3-settling-sweep/raw/marina-broderick__noise_relative__0.01__o1.json,
2026-09-18T02:12:34-0700,de78dd6fba779f902afc3972f846be1b58fd3a38,marina-broderick,noise_relative,0.035,s2/s2_sf_2_20260902100825_00009.pcap,b370d3adf168c931c1f1e804955eda13d6156275bbe0b56bdbd6f912de829db8,1,120.0,1200,452,45.2s (at 10 Hz),True,0.9117361111111111,0.00018174998425206888,1,603.8626094904411,8.59,/Users/david/code/velocity.report/data/experiments/try/l3-settling-sweep/raw/marina-broderick__noise_relative__0.035__o1.json,
2026-09-18T02:12:43-0700,de78dd6fba779f902afc3972f846be1b58fd3a38,marina-broderick,noise_relative,0.05,s2/s2_sf_2_20260902100825_00009.pcap,b370d3adf168c931c1f1e804955eda13d6156275bbe0b56bdbd6f912de829db8,1,120.0,1200,404,40.4s (at 10 Hz),True,0.914875,0.000313593428884448,1,624.4914150384843,8.42,/Users/david/code/velocity.report/data/experiments/try/l3-settling-sweep/raw/marina-broderick__noise_relative__0.05__o1.json,
2026-09-18T02:12:51-0700,de78dd6fba779f902afc3972f846be1b58fd3a38,marina-broderick,neighbour_confirmation_count,1,s2/s2_sf_2_20260902100825_00009.pcap,b370d3adf168c931c1f1e804955eda13d6156275bbe0b56bdbd6f912de829db8,1,120.0,1200,409,40.9s (at 10 Hz),True,0.9133194444444445,0.0012076492341787965,1,598.6800285892425,8.53,/Users/david/code/velocity.report/data/experiments/try/l3-settling-sweep/raw/marina-broderick__neighbour_confirmation_count__1__o1.json,
2026-09-18T02:13:00-0700,de78dd6fba779f902afc3972f846be1b58fd3a38,marina-broderick,neighbour_confirmation_count,2,s2/s2_sf_2_20260902100825_00009.pcap,b370d3adf168c931c1f1e804955eda13d6156275bbe0b56bdbd6f912de829db8,1,120.0,1200,487,48.7s (at 10 Hz),True,0.9055694444444444,0.0002034006110037114,1,580.8495575221239,8.44,/Users/david/code/velocity.report/data/experiments/try/l3-settling-sweep/raw/marina-broderick__neighbour_confirmation_count__2__o1.json,
2026-09-18T02:13:08-0700,de78dd6fba779f902afc3972f846be1b58fd3a38,marina-broderick,neighbour_confirmation_count,4,s2/s2_sf_2_20260902100825_00009.pcap,b370d3adf168c931c1f1e804955eda13d6156275bbe0b56bdbd6f912de829db8,1,120.0,1200,490,49.0s (at 10 Hz),True,0.9046666666666666,8.580219623582914e-05,1,577.5927597641858,8.41,/Users/david/code/velocity.report/data/experiments/try/l3-settling-sweep/raw/marina-broderick__neighbour_confirmation_count__4__o1.json,
2026-09-18T02:13:16-0700,de78dd6fba779f902afc3972f846be1b58fd3a38,marina-broderick,neighbour_confirmation_count,5,s2/s2_sf_2_20260902100825_00009.pcap,b370d3adf168c931c1f1e804955eda13d6156275bbe0b56bdbd6f912de829db8,1,120.0,1200,490,49.0s (at 10 Hz),True,0.904375,8.943324741737001e-05,1,578.3270674959687,8.43,/Users/david/code/velocity.report/data/experiments/try/l3-settling-sweep/raw/marina-broderick__neighbour_confirmation_count__5__o1.json,
2026-09-18T02:13:25-0700,de78dd6fba779f902afc3972f846be1b58fd3a38,marina-webster-beach,_baseline,default,s2/s2_sf_2_20260902103327_00014.pcap,d397dc8514611105b277fe183eca1a04fbdd8dc966e3e8cc9ae31e928257f87b,1,120.0,1201,615,61.5s (at 10 Hz),True,0.8070694444444444,4.598302095783559e-05,1,754.4640072966322,8.81,/Users/david/code/velocity.report/data/experiments/try/l3-settling-sweep/raw/marina-webster-beach___baseline__default__o1.json,
2026-09-18T02:13:34-0700,de78dd6fba779f902afc3972f846be1b58fd3a38,marina-webster-beach,closeness_multiplier,1.5,s2/s2_sf_2_20260902103327_00014.pcap,d397dc8514611105b277fe183eca1a04fbdd8dc966e3e8cc9ae31e928257f87b,1,120.0,1201,702,70.2s (at 10 Hz),True,0.8027777777777778,1.603523228610753e-05,1,729.3199826989619,8.65,/Users/david/code/velocity.report/data/experiments/try/l3-settling-sweep/raw/marina-webster-beach__closeness_multiplier__1.5__o1.json,
2026-09-18T02:13:43-0700,de78dd6fba779f902afc3972f846be1b58fd3a38,marina-webster-beach,closeness_multiplier,2.25,s2/s2_sf_2_20260902103327_00014.pcap,d397dc8514611105b277fe183eca1a04fbdd8dc966e3e8cc9ae31e928257f87b,1,120.0,1201,706,70.6s (at 10 Hz),True,0.8059583333333333,2.761368039316163e-05,1,741.4964414344552,8.62,/Users/david/code/velocity.report/data/experiments/try/l3-settling-sweep/raw/marina-webster-beach__closeness_multiplier__2.25__o1.json,
2026-09-18T02:13:51-0700,de78dd6fba779f902afc3972f846be1b58fd3a38,marina-webster-beach,closeness_multiplier,4.0,s2/s2_sf_2_20260902103327_00014.pcap,d397dc8514611105b277fe183eca1a04fbdd8dc966e3e8cc9ae31e928257f87b,1,120.0,1201,479,47.9s (at 10 Hz),True,0.8082638888888889,6.332373991832669e-05,1,774.9621101469198,8.65,/Users/david/code/velocity.report/data/experiments/try/l3-settling-sweep/raw/marina-webster-beach__closeness_multiplier__4.0__o1.json,
2026-09-18T02:14:00-0700,de78dd6fba779f902afc3972f846be1b58fd3a38,marina-webster-beach,closeness_multiplier,5.0,s2/s2_sf_2_20260902103327_00014.pcap,d397dc8514611105b277fe183eca1a04fbdd8dc966e3e8cc9ae31e928257f87b,1,120.0,1201,351,35.1s (at 10 Hz),True,0.8089305555555556,0.00010156278274558725,1,796.6406091719176,8.64,/Users/david/code/velocity.report/data/experiments/try/l3-settling-sweep/raw/marina-webster-beach__closeness_multiplier__5.0__o1.json,
2026-09-18T02:14:08-0700,de78dd6fba779f902afc3972f846be1b58fd3a38,marina-webster-beach,safety_margin_metres,0.05,s2/s2_sf_2_20260902103327_00014.pcap,d397dc8514611105b277fe183eca1a04fbdd8dc966e3e8cc9ae31e928257f87b,1,120.0,1201,707,70.7s (at 10 Hz),True,0.8068611111111111,4.741353256697878e-05,1,743.4552793748063,8.59,/Users/david/code/velocity.report/data/experiments/try/l3-settling-sweep/raw/marina-webster-beach__safety_margin_metres__0.05__o1.json,
2026-09-18T02:14:17-0700,de78dd6fba779f902afc3972f846be1b58fd3a38,marina-webster-beach,safety_margin_metres,0.1,s2/s2_sf_2_20260902103327_00014.pcap,d397dc8514611105b277fe183eca1a04fbdd8dc966e3e8cc9ae31e928257f87b,1,120.0,1201,675,67.5s (at 10 Hz),True,0.8069722222222222,4.5953839241991316e-05,1,748.8192661182059,8.73,/Users/david/code/velocity.report/data/experiments/try/l3-settling-sweep/raw/marina-webster-beach__safety_margin_metres__0.1__o1.json,
2026-09-18T02:14:26-0700,de78dd6fba779f902afc3972f846be1b58fd3a38,marina-webster-beach,safety_margin_metres,0.22,s2/s2_sf_2_20260902103327_00014.pcap,d397dc8514611105b277fe183eca1a04fbdd8dc966e3e8cc9ae31e928257f87b,1,120.0,1201,577,57.7s (at 10 Hz),True,0.8073611111111111,4.6209938484203196e-05,1,760.6879924307586,8.62,/Users/david/code/velocity.report/data/experiments/try/l3-settling-sweep/raw/marina-webster-beach__safety_margin_metres__0.22__o1.json,
2026-09-18T02:14:35-0700,de78dd6fba779f902afc3972f846be1b58fd3a38,marina-webster-beach,safety_margin_metres,0.3,s2/s2_sf_2_20260902103327_00014.pcap,d397dc8514611105b277fe183eca1a04fbdd8dc966e3e8cc9ae31e928257f87b,1,120.0,1201,521,52.1s (at 10 Hz),True,0.8076527777777778,4.6548858123096706e-05,1,772.9493387903906,8.66,/Users/david/code/velocity.report/data/experiments/try/l3-settling-sweep/raw/marina-webster-beach__safety_margin_metres__0.3__o1.json,
2026-09-18T02:14:43-0700,de78dd6fba779f902afc3972f846be1b58fd3a38,marina-webster-beach,noise_relative,0.005,s2/s2_sf_2_20260902103327_00014.pcap,d397dc8514611105b277fe183eca1a04fbdd8dc966e3e8cc9ae31e928257f87b,1,120.0,1201,1142,114.2s (at 10 Hz),True,0.8003611111111111,1.4309969535315014e-05,1,714.6775587408462,8.8,/Users/david/code/velocity.report/data/experiments/try/l3-settling-sweep/raw/marina-webster-beach__noise_relative__0.005__o1.json,
2026-09-18T02:14:52-0700,de78dd6fba779f902afc3972f846be1b58fd3a38,marina-webster-beach,noise_relative,0.01,s2/s2_sf_2_20260902103327_00014.pcap,d397dc8514611105b277fe183eca1a04fbdd8dc966e3e8cc9ae31e928257f87b,1,120.0,1201,701,70.1s (at 10 Hz),True,0.8032638888888889,2.8796835622221317e-05,1,732.9810841186134,8.67,/Users/david/code/velocity.report/data/experiments/try/l3-settling-sweep/raw/marina-webster-beach__noise_relative__0.01__o1.json,
2026-09-18T02:15:01-0700,de78dd6fba779f902afc3972f846be1b58fd3a38,marina-webster-beach,noise_relative,0.035,s2/s2_sf_2_20260902103327_00014.pcap,d397dc8514611105b277fe183eca1a04fbdd8dc966e3e8cc9ae31e928257f87b,1,120.0,1201,347,34.7s (at 10 Hz),True,0.809125,6.412763824948873e-05,1,796.4058053109497,8.77,/Users/david/code/velocity.report/data/experiments/try/l3-settling-sweep/raw/marina-webster-beach__noise_relative__0.035__o1.json,
2026-09-18T02:15:10-0700,de78dd6fba779f902afc3972f846be1b58fd3a38,marina-webster-beach,noise_relative,0.05,s2/s2_sf_2_20260902103327_00014.pcap,d397dc8514611105b277fe183eca1a04fbdd8dc966e3e8cc9ae31e928257f87b,1,120.0,1201,301,30.1s (at 10 Hz),True,0.8100694444444444,0.0001268522517793152,1,835.3762537505357,8.7,/Users/david/code/velocity.report/data/experiments/try/l3-settling-sweep/raw/marina-webster-beach__noise_relative__0.05__o1.json,
2026-09-18T02:15:18-0700,de78dd6fba779f902afc3972f846be1b58fd3a38,marina-webster-beach,neighbour_confirmation_count,1,s2/s2_sf_2_20260902103327_00014.pcap,d397dc8514611105b277fe183eca1a04fbdd8dc966e3e8cc9ae31e928257f87b,1,120.0,1201,461,46.1s (at 10 Hz),True,0.811,0.00022661304799855803,1,800.9930127414715,8.65,/Users/david/code/velocity.report/data/experiments/try/l3-settling-sweep/raw/marina-webster-beach__neighbour_confirmation_count__1__o1.json,
2026-09-18T02:15:27-0700,de78dd6fba779f902afc3972f846be1b58fd3a38,marina-webster-beach,neighbour_confirmation_count,2,s2/s2_sf_2_20260902103327_00014.pcap,d397dc8514611105b277fe183eca1a04fbdd8dc966e3e8cc9ae31e928257f87b,1,120.0,1201,507,50.7s (at 10 Hz),True,0.8079861111111111,0.0001020319136335876,1,761.2941297808337,8.65,/Users/david/code/velocity.report/data/experiments/try/l3-settling-sweep/raw/marina-webster-beach__neighbour_confirmation_count__2__o1.json,
2026-09-18T02:15:35-0700,de78dd6fba779f902afc3972f846be1b58fd3a38,marina-webster-beach,neighbour_confirmation_count,4,s2/s2_sf_2_20260902103327_00014.pcap,d397dc8514611105b277fe183eca1a04fbdd8dc966e3e8cc9ae31e928257f87b,1,120.0,1201,615,61.5s (at 10 Hz),True,0.8072083333333333,4.598341729067559e-05,1,754.6455031917274,8.65,/Users/david/code/velocity.report/data/experiments/try/l3-settling-sweep/raw/marina-webster-beach__neighbour_confirmation_count__4__o1.json,
2026-09-18T02:15:44-0700,de78dd6fba779f902afc3972f846be1b58fd3a38,marina-webster-beach,neighbour_confirmation_count,5,s2/s2_sf_2_20260902103327_00014.pcap,d397dc8514611105b277fe183eca1a04fbdd8dc966e3e8cc9ae31e928257f87b,1,120.0,1201,615,61.5s (at 10 Hz),True,0.8070277777777778,4.59849861970217e-05,1,757.7839637903143,8.74,/Users/david/code/velocity.report/data/experiments/try/l3-settling-sweep/raw/marina-webster-beach__neighbour_confirmation_count__5__o1.json,
2026-09-18T02:15:55-0700,de78dd6fba779f902afc3972f846be1b58fd3a38,pierce-haight,_baseline,default,s2/s2-1_20260901132847_00009.pcap,a0a0ad3d10b70fd81b499828c97d67a053bd23b9cad3360fa42694c8b05bbc06,1,120.0,1200,11,1.1s (at 10 Hz),True,0.9871111111111112,0.0001375304045538895,1,1006.5373705538046,11.01,/Users/david/code/velocity.report/data/experiments/try/l3-settling-sweep/raw/pierce-haight___baseline__default__o1.json,
2026-09-18T02:16:06-0700,de78dd6fba779f902afc3972f846be1b58fd3a38,pierce-haight,closeness_multiplier,1.5,s2/s2-1_20260901132847_00009.pcap,a0a0ad3d10b70fd81b499828c97d67a053bd23b9cad3360fa42694c8b05bbc06,1,120.0,1200,11,1.1s (at 10 Hz),True,0.9866111111111111,9.595177181783175e-05,1,964.8400529309083,10.86,/Users/david/code/velocity.report/data/experiments/try/l3-settling-sweep/raw/pierce-haight__closeness_multiplier__1.5__o1.json,
2026-09-18T02:16:17-0700,de78dd6fba779f902afc3972f846be1b58fd3a38,pierce-haight,closeness_multiplier,2.25,s2/s2-1_20260901132847_00009.pcap,a0a0ad3d10b70fd81b499828c97d67a053bd23b9cad3360fa42694c8b05bbc06,1,120.0,1200,11,1.1s (at 10 Hz),True,0.987125,0.00011667655688029312,1,991.0207814500584,10.76,/Users/david/code/velocity.report/data/experiments/try/l3-settling-sweep/raw/pierce-haight__closeness_multiplier__2.25__o1.json,
2026-09-18T02:16:28-0700,de78dd6fba779f902afc3972f846be1b58fd3a38,pierce-haight,closeness_multiplier,4.0,s2/s2-1_20260901132847_00009.pcap,a0a0ad3d10b70fd81b499828c97d67a053bd23b9cad3360fa42694c8b05bbc06,1,120.0,1200,11,1.1s (at 10 Hz),True,0.9874722222222222,0.00016336924008841946,1,1024.1076401586542,10.83,/Users/david/code/velocity.report/data/experiments/try/l3-settling-sweep/raw/pierce-haight__closeness_multiplier__4.0__o1.json,
2026-09-18T02:16:39-0700,de78dd6fba779f902afc3972f846be1b58fd3a38,pierce-haight,closeness_multiplier,5.0,s2/s2-1_20260901132847_00009.pcap,a0a0ad3d10b70fd81b499828c97d67a053bd23b9cad3360fa42694c8b05bbc06,1,120.0,1200,11,1.1s (at 10 Hz),True,0.9876111111111111,0.00020087293729129557,1,1040.1763936547225,10.87,/Users/david/code/velocity.report/data/experiments/try/l3-settling-sweep/raw/pierce-haight__closeness_multiplier__5.0__o1.json,
2026-09-18T02:16:50-0700,de78dd6fba779f902afc3972f846be1b58fd3a38,pierce-haight,safety_margin_metres,0.05,s2/s2-1_20260901132847_00009.pcap,a0a0ad3d10b70fd81b499828c97d67a053bd23b9cad3360fa42694c8b05bbc06,1,120.0,1200,11,1.1s (at 10 Hz),True,0.9868194444444445,0.00013067803281390755,1,1000.2494264683115,10.87,/Users/david/code/velocity.report/data/experiments/try/l3-settling-sweep/raw/pierce-haight__safety_margin_metres__0.05__o1.json,
2026-09-18T02:17:00-0700,de78dd6fba779f902afc3972f846be1b58fd3a38,pierce-haight,safety_margin_metres,0.1,s2/s2-1_20260901132847_00009.pcap,a0a0ad3d10b70fd81b499828c97d67a053bd23b9cad3360fa42694c8b05bbc06,1,120.0,1200,11,1.1s (at 10 Hz),True,0.9875,0.00013464328953023718,1,1002.5763572433193,10.93,/Users/david/code/velocity.report/data/experiments/try/l3-settling-sweep/raw/pierce-haight__safety_margin_metres__0.1__o1.json,
2026-09-18T02:17:11-0700,de78dd6fba779f902afc3972f846be1b58fd3a38,pierce-haight,safety_margin_metres,0.22,s2/s2-1_20260901132847_00009.pcap,a0a0ad3d10b70fd81b499828c97d67a053bd23b9cad3360fa42694c8b05bbc06,1,120.0,1200,11,1.1s (at 10 Hz),True,0.9874583333333333,0.0001430609260409556,1,1010.6904088780117,10.83,/Users/david/code/velocity.report/data/experiments/try/l3-settling-sweep/raw/pierce-haight__safety_margin_metres__0.22__o1.json,
2026-09-18T02:17:22-0700,de78dd6fba779f902afc3972f846be1b58fd3a38,pierce-haight,safety_margin_metres,0.3,s2/s2-1_20260901132847_00009.pcap,a0a0ad3d10b70fd81b499828c97d67a053bd23b9cad3360fa42694c8b05bbc06,1,120.0,1200,11,1.1s (at 10 Hz),True,0.9875555555555555,0.00014654592092675213,1,1015.4285412916291,10.82,/Users/david/code/velocity.report/data/experiments/try/l3-settling-sweep/raw/pierce-haight__safety_margin_metres__0.3__o1.json,
2026-09-18T02:17:33-0700,de78dd6fba779f902afc3972f846be1b58fd3a38,pierce-haight,noise_relative,0.005,s2/s2-1_20260901132847_00009.pcap,a0a0ad3d10b70fd81b499828c97d67a053bd23b9cad3360fa42694c8b05bbc06,1,120.0,1200,11,1.1s (at 10 Hz),True,0.9859166666666667,8.513415745399986e-05,1,929.9130814526808,10.91,/Users/david/code/velocity.report/data/experiments/try/l3-settling-sweep/raw/pierce-haight__noise_relative__0.005__o1.json,
2026-09-18T02:17:44-0700,de78dd6fba779f902afc3972f846be1b58fd3a38,pierce-haight,noise_relative,0.01,s2/s2-1_20260901132847_00009.pcap,a0a0ad3d10b70fd81b499828c97d67a053bd23b9cad3360fa42694c8b05bbc06,1,120.0,1200,11,1.1s (at 10 Hz),True,0.986625,0.00010336579301611093,1,968.5456733814773,10.86,/Users/david/code/velocity.report/data/experiments/try/l3-settling-sweep/raw/pierce-haight__noise_relative__0.01__o1.json,
2026-09-18T02:17:55-0700,de78dd6fba779f902afc3972f846be1b58fd3a38,pierce-haight,noise_relative,0.035,s2/s2-1_20260901132847_00009.pcap,a0a0ad3d10b70fd81b499828c97d67a053bd23b9cad3360fa42694c8b05bbc06,1,120.0,1200,11,1.1s (at 10 Hz),True,0.9879444444444444,0.0001910204323463071,1,1040.8122223471855,10.82,/Users/david/code/velocity.report/data/experiments/try/l3-settling-sweep/raw/pierce-haight__noise_relative__0.035__o1.json,
2026-09-18T02:18:06-0700,de78dd6fba779f902afc3972f846be1b58fd3a38,pierce-haight,noise_relative,0.05,s2/s2-1_20260901132847_00009.pcap,a0a0ad3d10b70fd81b499828c97d67a053bd23b9cad3360fa42694c8b05bbc06,1,120.0,1200,11,1.1s (at 10 Hz),True,0.9885,0.00025679439080880716,1,1068.017998651155,10.81,/Users/david/code/velocity.report/data/experiments/try/l3-settling-sweep/raw/pierce-haight__noise_relative__0.05__o1.json,
2026-09-18T02:18:16-0700,de78dd6fba779f902afc3972f846be1b58fd3a38,pierce-haight,neighbour_confirmation_count,1,s2/s2-1_20260901132847_00009.pcap,a0a0ad3d10b70fd81b499828c97d67a053bd23b9cad3360fa42694c8b05bbc06,1,120.0,1200,27,2.7s (at 10 Hz),True,0.9894444444444445,0.0008921310179636766,1,1038.0440202133632,10.83,/Users/david/code/velocity.report/data/experiments/try/l3-settling-sweep/raw/pierce-haight__neighbour_confirmation_count__1__o1.json,
2026-09-18T02:18:27-0700,de78dd6fba779f902afc3972f846be1b58fd3a38,pierce-haight,neighbour_confirmation_count,2,s2/s2-1_20260901132847_00009.pcap,a0a0ad3d10b70fd81b499828c97d67a053bd23b9cad3360fa42694c8b05bbc06,1,120.0,1200,11,1.1s (at 10 Hz),True,0.9878194444444445,0.00021439250768651063,1,1010.9445467710867,10.76,/Users/david/code/velocity.report/data/experiments/try/l3-settling-sweep/raw/pierce-haight__neighbour_confirmation_count__2__o1.json,
2026-09-18T02:18:38-0700,de78dd6fba779f902afc3972f846be1b58fd3a38,pierce-haight,neighbour_confirmation_count,4,s2/s2-1_20260901132847_00009.pcap,a0a0ad3d10b70fd81b499828c97d67a053bd23b9cad3360fa42694c8b05bbc06,1,120.0,1200,11,1.1s (at 10 Hz),True,0.9872222222222222,0.00013914545200610916,1,1006.7263224535734,10.81,/Users/david/code/velocity.report/data/experiments/try/l3-settling-sweep/raw/pierce-haight__neighbour_confirmation_count__4__o1.json,
2026-09-18T02:18:49-0700,de78dd6fba779f902afc3972f846be1b58fd3a38,pierce-haight,neighbour_confirmation_count,5,s2/s2-1_20260901132847_00009.pcap,a0a0ad3d10b70fd81b499828c97d67a053bd23b9cad3360fa42694c8b05bbc06,1,120.0,1200,11,1.1s (at 10 Hz),True,0.9872361111111111,0.00013755969560824919,1,1006.3166669011409,10.8,/Users/david/code/velocity.report/data/experiments/try/l3-settling-sweep/raw/pierce-haight__neighbour_confirmation_count__5__o1.json,
2026-09-18T02:19:00-0700,de78dd6fba779f902afc3972f846be1b58fd3a38,van-ness-sacramento,_baseline,default,s2/s2_sf_4_20260902143214_00002.pcap,c4a8bf4c89e5b9fb4262907b33d16735addb72df0da1c486662a73b73b89cff9,1,120.0,1201,12,1.2s (at 10 Hz),True,0.9787916666666666,2.333269434326005e-05,1,401.119563520781,10.77,/Users/david/code/velocity.report/data/experiments/try/l3-settling-sweep/raw/van-ness-sacramento___baseline__default__o1.json,
2026-09-18T02:19:10-0700,de78dd6fba779f902afc3972f846be1b58fd3a38,van-ness-sacramento,closeness_multiplier,1.5,s2/s2_sf_4_20260902143214_00002.pcap,c4a8bf4c89e5b9fb4262907b33d16735addb72df0da1c486662a73b73b89cff9,1,120.0,1201,12,1.2s (at 10 Hz),True,0.9753888888888889,8.240126781466899e-06,1,377.85770632796033,10.52,/Users/david/code/velocity.report/data/experiments/try/l3-settling-sweep/raw/van-ness-sacramento__closeness_multiplier__1.5__o1.json,
2026-09-18T02:19:21-0700,de78dd6fba779f902afc3972f846be1b58fd3a38,van-ness-sacramento,closeness_multiplier,2.25,s2/s2_sf_4_20260902143214_00002.pcap,c4a8bf4c89e5b9fb4262907b33d16735addb72df0da1c486662a73b73b89cff9,1,120.0,1201,12,1.2s (at 10 Hz),True,0.9771388888888889,1.3695821490970201e-05,1,397.9460016488046,10.56,/Users/david/code/velocity.report/data/experiments/try/l3-settling-sweep/raw/van-ness-sacramento__closeness_multiplier__2.25__o1.json,
2026-09-18T02:19:31-0700,de78dd6fba779f902afc3972f846be1b58fd3a38,van-ness-sacramento,closeness_multiplier,4.0,s2/s2_sf_4_20260902143214_00002.pcap,c4a8bf4c89e5b9fb4262907b33d16735addb72df0da1c486662a73b73b89cff9,1,120.0,1201,12,1.2s (at 10 Hz),True,0.9806111111111111,4.142012191771436e-05,1,411.8208175174211,10.58,/Users/david/code/velocity.report/data/experiments/try/l3-settling-sweep/raw/van-ness-sacramento__closeness_multiplier__4.0__o1.json,
2026-09-18T02:19:42-0700,de78dd6fba779f902afc3972f846be1b58fd3a38,van-ness-sacramento,closeness_multiplier,5.0,s2/s2_sf_4_20260902143214_00002.pcap,c4a8bf4c89e5b9fb4262907b33d16735addb72df0da1c486662a73b73b89cff9,1,120.0,1201,39,3.9s (at 10 Hz),True,0.9813472222222223,5.7900289738773566e-05,1,429.6142915776215,10.69,/Users/david/code/velocity.report/data/experiments/try/l3-settling-sweep/raw/van-ness-sacramento__closeness_multiplier__5.0__o1.json,
2026-09-18T02:19:53-0700,de78dd6fba779f902afc3972f846be1b58fd3a38,van-ness-sacramento,safety_margin_metres,0.05,s2/s2_sf_4_20260902143214_00002.pcap,c4a8bf4c89e5b9fb4262907b33d16735addb72df0da1c486662a73b73b89cff9,1,120.0,1201,12,1.2s (at 10 Hz),True,0.9777083333333333,2.5162555991632753e-05,1,395.3992897222814,10.54,/Users/david/code/velocity.report/data/experiments/try/l3-settling-sweep/raw/van-ness-sacramento__safety_margin_metres__0.05__o1.json,
2026-09-18T02:20:04-0700,de78dd6fba779f902afc3972f846be1b58fd3a38,van-ness-sacramento,safety_margin_metres,0.1,s2/s2_sf_4_20260902143214_00002.pcap,c4a8bf4c89e5b9fb4262907b33d16735addb72df0da1c486662a73b73b89cff9,1,120.0,1201,12,1.2s (at 10 Hz),True,0.9786805555555556,2.28533534264622e-05,1,397.6997942240829,10.96,/Users/david/code/velocity.report/data/experiments/try/l3-settling-sweep/raw/van-ness-sacramento__safety_margin_metres__0.1__o1.json,
2026-09-18T02:20:14-0700,de78dd6fba779f902afc3972f846be1b58fd3a38,van-ness-sacramento,safety_margin_metres,0.22,s2/s2_sf_4_20260902143214_00002.pcap,c4a8bf4c89e5b9fb4262907b33d16735addb72df0da1c486662a73b73b89cff9,1,120.0,1201,12,1.2s (at 10 Hz),True,0.9789583333333334,2.171325262401018e-05,1,400.9078527346244,10.49,/Users/david/code/velocity.report/data/experiments/try/l3-settling-sweep/raw/van-ness-sacramento__safety_margin_metres__0.22__o1.json,
2026-09-18T02:20:25-0700,de78dd6fba779f902afc3972f846be1b58fd3a38,van-ness-sacramento,safety_margin_metres,0.3,s2/s2_sf_4_20260902143214_00002.pcap,c4a8bf4c89e5b9fb4262907b33d16735addb72df0da1c486662a73b73b89cff9,1,120.0,1201,12,1.2s (at 10 Hz),True,0.9792916666666667,2.2713187158701193e-05,1,404.094200740331,10.54,/Users/david/code/velocity.report/data/experiments/try/l3-settling-sweep/raw/van-ness-sacramento__safety_margin_metres__0.3__o1.json,
2026-09-18T02:20:35-0700,de78dd6fba779f902afc3972f846be1b58fd3a38,van-ness-sacramento,noise_relative,0.005,s2/s2_sf_4_20260902143214_00002.pcap,c4a8bf4c89e5b9fb4262907b33d16735addb72df0da1c486662a73b73b89cff9,1,120.0,1201,12,1.2s (at 10 Hz),True,0.9741527777777778,7.430737890053716e-06,1,367.50589543620526,10.55,/Users/david/code/velocity.report/data/experiments/try/l3-settling-sweep/raw/van-ness-sacramento__noise_relative__0.005__o1.json,
2026-09-18T02:20:46-0700,de78dd6fba779f902afc3972f846be1b58fd3a38,van-ness-sacramento,noise_relative,0.01,s2/s2_sf_4_20260902143214_00002.pcap,c4a8bf4c89e5b9fb4262907b33d16735addb72df0da1c486662a73b73b89cff9,1,120.0,1201,12,1.2s (at 10 Hz),True,0.9758611111111111,1.3538921925618014e-05,1,383.74027212433464,10.58,/Users/david/code/velocity.report/data/experiments/try/l3-settling-sweep/raw/van-ness-sacramento__noise_relative__0.01__o1.json,
2026-09-18T02:20:56-0700,de78dd6fba779f902afc3972f846be1b58fd3a38,van-ness-sacramento,noise_relative,0.035,s2/s2_sf_4_20260902143214_00002.pcap,c4a8bf4c89e5b9fb4262907b33d16735addb72df0da1c486662a73b73b89cff9,1,120.0,1201,26,2.6s (at 10 Hz),True,0.9809166666666667,4.247748222631632e-05,1,422.3227140146688,10.52,/Users/david/code/velocity.report/data/experiments/try/l3-settling-sweep/raw/van-ness-sacramento__noise_relative__0.035__o1.json,
2026-09-18T02:21:07-0700,de78dd6fba779f902afc3972f846be1b58fd3a38,van-ness-sacramento,noise_relative,0.05,s2/s2_sf_4_20260902143214_00002.pcap,c4a8bf4c89e5b9fb4262907b33d16735addb72df0da1c486662a73b73b89cff9,1,120.0,1201,130,13.0s (at 10 Hz),True,0.9791388888888889,6.739557836511887e-05,1,443.11807427161057,10.51,/Users/david/code/velocity.report/data/experiments/try/l3-settling-sweep/raw/van-ness-sacramento__noise_relative__0.05__o1.json,
2026-09-18T02:21:17-0700,de78dd6fba779f902afc3972f846be1b58fd3a38,van-ness-sacramento,neighbour_confirmation_count,1,s2/s2_sf_4_20260902143214_00002.pcap,c4a8bf4c89e5b9fb4262907b33d16735addb72df0da1c486662a73b73b89cff9,1,120.0,1201,534,53.4s (at 10 Hz),True,0.983875,0.00017148664707844382,1,436.5915103262327,10.49,/Users/david/code/velocity.report/data/experiments/try/l3-settling-sweep/raw/van-ness-sacramento__neighbour_confirmation_count__1__o1.json,
2026-09-18T02:21:28-0700,de78dd6fba779f902afc3972f846be1b58fd3a38,van-ness-sacramento,neighbour_confirmation_count,2,s2/s2_sf_4_20260902143214_00002.pcap,c4a8bf4c89e5b9fb4262907b33d16735addb72df0da1c486662a73b73b89cff9,1,120.0,1201,26,2.6s (at 10 Hz),True,0.9795,3.407438071122592e-05,1,402.0056860076003,10.49,/Users/david/code/velocity.report/data/experiments/try/l3-settling-sweep/raw/van-ness-sacramento__neighbour_confirmation_count__2__o1.json,
2026-09-18T02:21:38-0700,de78dd6fba779f902afc3972f846be1b58fd3a38,van-ness-sacramento,neighbour_confirmation_count,4,s2/s2_sf_4_20260902143214_00002.pcap,c4a8bf4c89e5b9fb4262907b33d16735addb72df0da1c486662a73b73b89cff9,1,120.0,1201,12,1.2s (at 10 Hz),True,0.9786388888888888,2.2788281822270906e-05,1,398.6144020890693,10.6,/Users/david/code/velocity.report/data/experiments/try/l3-settling-sweep/raw/van-ness-sacramento__neighbour_confirmation_count__4__o1.json,
2026-09-18T02:21:49-0700,de78dd6fba779f902afc3972f846be1b58fd3a38,van-ness-sacramento,neighbour_confirmation_count,5,s2/s2_sf_4_20260902143214_00002.pcap,c4a8bf4c89e5b9fb4262907b33d16735addb72df0da1c486662a73b73b89cff9,1,120.0,1201,12,1.2s (at 10 Hz),True,0.9788333333333333,2.210346420196796e-05,1,400.5103013791929,10.61,/Users/david/code/velocity.report/data/experiments/try/l3-settling-sweep/raw/van-ness-sacramento__neighbour_confirmation_count__5__o1.json,
