{"type":"FeatureCollection","name":"San Francisco shoreline and islands","crs":{"type":"name","properties":{"name":"urn:ogc:def:crs:OGC:1.3:CRS84"}},"features":[{"type":"Feature","properties":{"name":"San Francisco shoreline and islands","source":"San Francisco Department of Public Works","source_url":"https://data.sfgov.org/d/rgcx-5tix","licence":"Public Domain Dedication and License"},"geometry":{"type":"MultiPolygon","coordinates":[[[[-122.3843326,37.7789321],[-122.3851907,37.7781807],[-122.3842603,37.7791051],[-122.3844993,37.7820359],[-122.3842284,37.7791518],[-122.3843326,37.7789321]]],[[[-122.3322942,37.7881329],[-122.3276942,37.780833],[-122.3310942,37.7809329],[-122.3320272,37.781748],[-122.3322942,37.7881329]]],[[[-122.4115373,37.8104537],[-122.4115531,37.8104481],[-122.4116331,37.8105882],[-122.4116173,37.8105939],[-122.4115373,37.8104537]]],[[[-122.4117709,37.8105838],[-122.4117867,37.8105782],[-122.4118081,37.8106147],[-122.4117923,37.8106203],[-122.4117709,37.8105838]]],[[[-122.4113774,37.8105105],[-122.4113932,37.8105049],[-122.4114737,37.8106458],[-122.411458,37.8106515],[-122.4113774,37.8105105]]],[[[-122.4116865,37.8106138],[-122.4117023,37.8106082],[-122.4117236,37.8106447],[-122.4117078,37.8106503],[-122.4116865,37.8106138]]],[[[-122.4116006,37.8106443],[-122.4116164,37.8106386],[-122.4116377,37.8106752],[-122.4116219,37.8106808],[-122.4116006,37.8106443]]],[[[-122.4118846,37.8105941],[-122.4119004,37.8105885],[-122.4119559,37.8106834],[-122.4119401,37.810689],[-122.4118846,37.8105941]]],[[[-122.4115201,37.8106728],[-122.4115359,37.8106672],[-122.4115573,37.8107038],[-122.4115415,37.8107094],[-122.4115201,37.8106728]]],[[[-122.4117954,37.8106258],[-122.4118112,37.8106202],[-122.4118698,37.8107203],[-122.411854,37.8107259],[-122.4117954,37.8106258]]],[[[-122.4114343,37.8107033],[-122.4114501,37.8106977],[-122.4114715,37.8107342],[-122.4114557,37.8107398],[-122.4114343,37.8107033]]],[[[-122.411711,37.8106557],[-122.4117268,37.8106501],[-122.4117994,37.8107744],[-122.4117836,37.81078],[-122.411711,37.8106557]]],[[[-122.4116251,37.8106862],[-122.4116409,37.8106806],[-122.4117135,37.8108049],[-122.4116977,37.8108105],[-122.4116251,37.8106862]]],[[[-122.4115446,37.8107148],[-122.4115604,37.8107092],[-122.4116331,37.8108334],[-122.4116173,37.810839],[-122.4115446,37.8107148]]],[[[-122.4114588,37.8107453],[-122.4114746,37.8107396],[-122.4115473,37.8108639],[-122.4115315,37.8108695],[-122.4114588,37.8107453]]],[[[-122.4113855,37.810793],[-122.4114013,37.8107874],[-122.4114634,37.8108936],[-122.4114476,37.8108992],[-122.4113855,37.810793]]],[[[-122.419929,37.8115792],[-122.4197376,37.8111399],[-122.4190014,37.8108404],[-122.4189488,37.8108878],[-122.4191384,37.8110283],[-122.4190619,37.8110994],[-122.4194794,37.8113867],[-122.4193643,37.8114915],[-122.4188594,37.8114783],[-122.4153655,37.8091658],[-122.4152023,37.8091628],[-122.4151648,37.8092358],[-122.4154261,37.8093684],[-122.4153834,37.8094116],[-122.4150534,37.8091911],[-122.4149025,37.8092464],[-122.4152357,37.8094428],[-122.4151931,37.8094861],[-122.4148596,37.8092621],[-122.4147936,37.8092863],[-122.4147884,37.8093768],[-122.4153541,37.8097598],[-122.4153019,37.8098429],[-122.4134336,37.8092408],[-122.413439,37.8093681],[-122.4142947,37.809951],[-122.4140401,37.8101441],[-122.4137934,37.8099123],[-122.4138698,37.809851],[-122.4126299,37.8090835],[-122.4125116,37.8090705],[-122.4123936,37.8091722],[-122.4126424,37.8093984],[-122.412588,37.8094323],[-122.4123794,37.8091801],[-122.4121105,37.8092855],[-122.4123284,37.8095668],[-122.4122667,37.8096018],[-122.4120169,37.8093334],[-122.4119081,37.8093939],[-122.4128752,37.8105272],[-122.4115229,37.8112425],[-122.4126998,37.8105671],[-122.4112618,37.8089252],[-122.4110993,37.8089124],[-122.4112697,37.8091544],[-122.4110441,37.8088947],[-122.4105595,37.8088239],[-122.4104554,37.8093303],[-122.4105047,37.8088153],[-122.4104151,37.8093171],[-122.4106443,37.809722],[-122.410722,37.8096943],[-122.4106457,37.8095598],[-122.410742,37.8096758],[-122.4107256,37.8095683],[-122.4108413,37.8096317],[-122.4108069,37.8095376],[-122.4109016,37.8096194],[-122.4108716,37.8095131],[-122.4109644,37.8095972],[-122.4109337,37.8094896],[-122.4110382,37.8095711],[-122.4110067,37.809462],[-122.4111027,37.8095483],[-122.4110704,37.8094379],[-122.4112078,37.8096801],[-122.4111152,37.8095703],[-122.4110634,37.8095979],[-122.4111271,37.8097102],[-122.4109909,37.8096238],[-122.4110385,37.8097432],[-122.410926,37.809638],[-122.4109698,37.8097687],[-122.4108531,37.8096641],[-122.4108974,37.8097957],[-122.4107827,37.8096893],[-122.4108274,37.8098217],[-122.4107617,37.8097059],[-122.4106522,37.809736],[-122.410911,37.8101933],[-122.4109895,37.8101646],[-122.4109143,37.8100354],[-122.4110113,37.8101496],[-122.4109906,37.8100079],[-122.4110876,37.8101221],[-122.4110632,37.8099817],[-122.4111602,37.8100959],[-122.411208,37.8100696],[-122.4111406,37.8099537],[-122.4112758,37.8100451],[-122.4112241,37.8099236],[-122.4112916,37.8100394],[-122.4113509,37.810018],[-122.4112992,37.8098965],[-122.4114136,37.8100044],[-122.4113513,37.8098777],[-122.4114483,37.8099919],[-122.4114383,37.8098463],[-122.4115057,37.8099621],[-122.4115658,37.8099404],[-122.4115142,37.8098189],[-122.4116318,37.8099256],[-122.4115695,37.8097989],[-122.411704,37.8098996],[-122.4116574,37.8097672],[-122.4117721,37.809875],[-122.4117255,37.8097426],[-122.4118939,37.8100317],[-122.4117825,37.8098928],[-122.411733,37.8099198],[-122.4118148,37.8100603],[-122.4117034,37.8099214],[-122.4117398,37.8100873],[-122.4116284,37.8099485],[-122.4115763,37.8099763],[-122.4116581,37.8101168],[-122.4115467,37.809978],[-122.4114988,37.8100043],[-122.4115806,37.8101448],[-122.4114692,37.8100059],[-122.4114222,37.810032],[-122.411504,37.8101725],[-122.4113926,37.8100336],[-122.4113407,37.8100614],[-122.4114225,37.8102019],[-122.4113112,37.810063],[-122.4112616,37.8100899],[-122.4113435,37.8102304],[-122.4112321,37.8100915],[-122.4112709,37.8102566],[-122.4111595,37.8101178],[-122.4111981,37.8102829],[-122.4110867,37.810144],[-122.4110306,37.8101733],[-122.4111124,37.8103138],[-122.4110169,37.8101825],[-122.4109193,37.8102079],[-122.4112291,37.8107552],[-122.4113195,37.8107228],[-122.4112284,37.8105634],[-122.4113386,37.8107029],[-122.4113849,37.8106774],[-122.4113044,37.8105364],[-122.411403,37.8106759],[-122.411537,37.8106373],[-122.4114593,37.8104814],[-122.4115695,37.810621],[-122.4116951,37.8105673],[-122.4116303,37.8104207],[-122.4117527,37.8105559],[-122.4116989,37.8103964],[-122.4117781,37.8105469],[-122.4118439,37.8105236],[-122.4117937,37.8103627],[-122.4118598,37.8105179],[-122.4119293,37.8104933],[-122.4118539,37.8103414],[-122.4119487,37.810474],[-122.4119349,37.8103104],[-122.4119665,37.81048],[-122.4120856,37.8104378],[-122.4120242,37.8102804],[-122.4121288,37.8104603],[-122.4112358,37.8107672],[-122.4113363,37.8109447],[-122.4112585,37.8111217],[-122.4101621,37.811511],[-122.4085257,37.811289],[-122.4075959,37.8087985],[-122.4085482,37.8112742],[-122.4101667,37.8114916],[-122.4104196,37.8114043],[-122.4102126,37.8113331],[-122.4100423,37.8114286],[-122.4085823,37.8112227],[-122.4086176,37.8110702],[-122.4086139,37.8112076],[-122.4086938,37.8110809],[-122.4086942,37.8112189],[-122.408776,37.8110925],[-122.4087765,37.8112305],[-122.4088559,37.8111038],[-122.4088564,37.8112418],[-122.4089343,37.8111149],[-122.4089347,37.8112529],[-122.4090185,37.8111268],[-122.409019,37.8112647],[-122.4090957,37.8111377],[-122.4090962,37.8112756],[-122.4091791,37.8111494],[-122.4091796,37.8112874],[-122.4092645,37.8111615],[-122.409265,37.8112994],[-122.4093331,37.8111711],[-122.4093336,37.8113091],[-122.4094185,37.8111832],[-122.409419,37.8113212],[-122.4094942,37.8111939],[-122.4094946,37.8113318],[-122.4095807,37.8112061],[-122.4095812,37.811344],[-122.4096603,37.8112173],[-122.4096607,37.8113553],[-122.4097417,37.8112288],[-122.4097422,37.8113668],[-122.4098201,37.8112398],[-122.4098205,37.8113778],[-122.4099027,37.8112515],[-122.4099032,37.8113895],[-122.4099858,37.8112633],[-122.4100927,37.8113518],[-122.4100735,37.8112418],[-122.4101253,37.8113511],[-122.4101996,37.8113205],[-122.4100156,37.8110047],[-122.4100588,37.810874],[-122.4099707,37.8108623],[-122.4099415,37.810995],[-122.4098999,37.8108632],[-122.4098457,37.8109818],[-122.4098197,37.8108404],[-122.4097645,37.8109706],[-122.4097382,37.8108291],[-122.4096815,37.8109591],[-122.4096592,37.8108182],[-122.4096049,37.8109485],[-122.4095769,37.8108069],[-122.409524,37.8109374],[-122.4094948,37.8107955],[-122.4094404,37.8109258],[-122.4094131,37.8107843],[-122.4093564,37.8109142],[-122.4093322,37.8107731],[-122.4092755,37.8109031],[-122.4093032,37.8107775],[-122.4092478,37.8107615],[-122.4091911,37.8108914],[-122.4091667,37.8107503],[-122.40911,37.8108802],[-122.4090872,37.8107393],[-122.4090305,37.8108693],[-122.4090076,37.8107283],[-122.408951,37.8108583],[-122.4089786,37.8107327],[-122.4089234,37.8107167],[-122.4088667,37.8108467],[-122.4088944,37.810721],[-122.4088405,37.8107053],[-122.4087838,37.8108352],[-122.4088115,37.8107096],[-122.408756,37.8106936],[-122.4086993,37.8108236],[-122.4086758,37.8106825],[-122.4086191,37.8108125],[-122.4086467,37.8106869],[-122.408569,37.8106678],[-122.4086021,37.8105172],[-122.4085998,37.8106553],[-122.4086816,37.8105281],[-122.4086793,37.8106663],[-122.4087619,37.8105392],[-122.4087512,37.8106678],[-122.4088186,37.8106771],[-122.4088634,37.8105532],[-122.4088356,37.8106795],[-122.4088895,37.8106953],[-122.4089463,37.8105647],[-122.408927,37.8107005],[-122.4090305,37.8105763],[-122.4090028,37.8107026],[-122.4090652,37.8107112],[-122.4091101,37.8105873],[-122.4091328,37.8107289],[-122.4091725,37.8105959],[-122.4092138,37.81074],[-122.4092536,37.8106071],[-122.4092983,37.8107517],[-122.4093551,37.8106211],[-122.4093358,37.8107569],[-122.409436,37.8106322],[-122.4094166,37.810768],[-122.4095152,37.8106432],[-122.4094895,37.8107697],[-122.4095543,37.8107787],[-122.4095954,37.8106542],[-122.409625,37.8107968],[-122.4096794,37.8106658],[-122.4096625,37.810802],[-122.409761,37.8106771],[-122.4097417,37.8108129],[-122.4098238,37.8106858],[-122.409823,37.8108241],[-122.4099083,37.8106974],[-122.4099504,37.8108269],[-122.410004,37.8107106],[-122.4099737,37.8108486],[-122.4100617,37.8108602],[-122.410141,37.8103683],[-122.4100765,37.810477],[-122.4100836,37.8103784],[-122.4100092,37.810468],[-122.4099845,37.8103534],[-122.4099374,37.8104583],[-122.409915,37.810331],[-122.4098652,37.8104486],[-122.4098445,37.8103215],[-122.4097948,37.8104392],[-122.4097689,37.8103114],[-122.4097191,37.810429],[-122.4096998,37.8103021],[-122.40965,37.8104197],[-122.4096326,37.810293],[-122.4095828,37.8104107],[-122.4095545,37.8102826],[-122.4095048,37.8104002],[-122.409481,37.8102727],[-122.4094313,37.8103903],[-122.4094084,37.8102629],[-122.4093586,37.8103806],[-122.4093313,37.8102526],[-122.4092982,37.8103724],[-122.4092633,37.8102422],[-122.4092132,37.810361],[-122.40919,37.8102336],[-122.4091402,37.8103512],[-122.4091196,37.8102241],[-122.4090699,37.8103418],[-122.4090422,37.8102137],[-122.4089925,37.8103314],[-122.4089737,37.8102045],[-122.4089239,37.8103222],[-122.4088993,37.8101945],[-122.4088496,37.8103122],[-122.4088297,37.8101852],[-122.40878,37.8103028],[-122.4087511,37.8101746],[-122.4087013,37.8102922],[-122.4086784,37.8101648],[-122.4086287,37.8102825],[-122.4086087,37.8101555],[-122.4085589,37.8102731],[-122.4085348,37.8101455],[-122.408485,37.8102632],[-122.4084628,37.8101359],[-122.408413,37.8102535],[-122.4084371,37.8101408],[-122.4083703,37.8101235],[-122.4083884,37.81],[-122.4084219,37.8101137],[-122.4084548,37.8100089],[-122.408456,37.8101182],[-122.4085282,37.8100188],[-122.4085157,37.8101263],[-122.4085759,37.8100252],[-122.4085771,37.8101345],[-122.4086331,37.8100329],[-122.4086751,37.8101393],[-122.408696,37.8100413],[-122.4086972,37.8101507],[-122.408767,37.8100509],[-122.408746,37.8101489],[-122.4088275,37.810059],[-122.4088387,37.8101697],[-122.4088853,37.8100668],[-122.4089001,37.8101779],[-122.4089331,37.8100732],[-122.4089258,37.810173],[-122.4090019,37.8100824],[-122.4090211,37.8101942],[-122.409054,37.8100895],[-122.4090808,37.8102022],[-122.4091137,37.8100975],[-122.4091387,37.81021],[-122.4091716,37.8101053],[-122.4092014,37.8102184],[-122.4092479,37.8101155],[-122.4092355,37.810223],[-122.4092924,37.8101215],[-122.4092936,37.8102308],[-122.4093502,37.8101292],[-122.4093897,37.8102353],[-122.4094106,37.8101374],[-122.4094033,37.8102372],[-122.409485,37.8101474],[-122.409495,37.8102578],[-122.4095279,37.8101531],[-122.4095291,37.8102624],[-122.4096038,37.8101633],[-122.4095914,37.8102708],[-122.4096511,37.8101697],[-122.4096772,37.8102823],[-122.4097101,37.8101776],[-122.4097113,37.8102869],[-122.4097848,37.8101876],[-122.4097724,37.8102951],[-122.4098294,37.8101936],[-122.4098306,37.8103029],[-122.4098993,37.810203],[-122.4098868,37.8103105],[-122.409947,37.8102094],[-122.4099482,37.8103187],[-122.4100091,37.8102178],[-122.4100304,37.8103201],[-122.4100612,37.8102248],[-122.4100648,37.8103228],[-122.4101285,37.8102338],[-122.4101479,37.8103561],[-122.4101925,37.8101066],[-122.4100899,37.8099252],[-122.410036,37.810031],[-122.4099934,37.8099208],[-122.4099649,37.8100217],[-122.4099707,37.8099094],[-122.4099168,37.8100153],[-122.4099213,37.8099113],[-122.4098402,37.8100052],[-122.4098217,37.8098898],[-122.409793,37.809999],[-122.4097876,37.8098853],[-122.4097218,37.8099896],[-122.4096871,37.8098804],[-122.4096706,37.8099828],[-122.4096365,37.8098654],[-122.4095931,37.8099726],[-122.4096024,37.8098609],[-122.4095475,37.8099666],[-122.4095028,37.8098561],[-122.4094714,37.8099566],[-122.4094803,37.8098448],[-122.4094231,37.8099502],[-122.4094271,37.8098461],[-122.4093448,37.8099399],[-122.4093294,37.8098249],[-122.4093,37.809934],[-122.4092953,37.8098203],[-122.4092352,37.8099254],[-122.4091968,37.8098157],[-122.4091791,37.809918],[-122.4091832,37.8098139],[-122.4091002,37.8099076],[-122.4090864,37.8097928],[-122.409057,37.8099019],[-122.4090611,37.8097978],[-122.4089839,37.8098923],[-122.4089646,37.8097767],[-122.4089352,37.8098858],[-122.4089305,37.8097722],[-122.4088683,37.809877],[-122.4088254,37.8097667],[-122.408794,37.8098672],[-122.4088029,37.8097554],[-122.4087434,37.8098605],[-122.4087387,37.8097469],[-122.4086838,37.8098527],[-122.4086879,37.8097486],[-122.408609,37.8098428],[-122.4085933,37.8097278],[-122.4085639,37.8098369],[-122.4085281,37.8097192],[-122.4084851,37.8098265],[-122.4084674,37.8097112],[-122.4084381,37.8098203],[-122.4084333,37.8097066],[-122.4083808,37.8098127],[-122.4083324,37.8097017],[-122.4083147,37.809804],[-122.4082799,37.8096864],[-122.40823,37.8097928],[-122.4082689,37.8095682],[-122.4082827,37.8096701],[-122.4083276,37.8095759],[-122.4083346,37.8096769],[-122.4083832,37.8095833],[-122.4083901,37.8096843],[-122.4084351,37.8095901],[-122.408442,37.8096911],[-122.4084916,37.8095976],[-122.4084986,37.8096986],[-122.408544,37.8096045],[-122.408551,37.8097055],[-122.4085987,37.8096117],[-122.4086057,37.8097127],[-122.4086551,37.8096191],[-122.408662,37.8097201],[-122.4087035,37.8096255],[-122.4087104,37.8097265],[-122.4087636,37.8096334],[-122.4087705,37.8097344],[-122.4088173,37.8096405],[-122.4088243,37.8097415],[-122.4088803,37.8096488],[-122.4088872,37.8097498],[-122.408932,37.8096557],[-122.408939,37.8097566],[-122.408987,37.8096629],[-122.408994,37.8097639],[-122.4090426,37.8096702],[-122.4090495,37.8097712],[-122.4090929,37.8096769],[-122.4090999,37.8097779],[-122.4091477,37.8096841],[-122.4091546,37.8097851],[-122.4092022,37.8096913],[-122.4092092,37.8097923],[-122.4092553,37.8096983],[-122.4092622,37.8097993],[-122.4093095,37.8097055],[-122.4093164,37.8098064],[-122.4093658,37.8097129],[-122.4093727,37.8098139],[-122.4094191,37.8097199],[-122.409426,37.8098209],[-122.4094726,37.809727],[-122.4094796,37.809828],[-122.4095289,37.8097344],[-122.4095359,37.8098354],[-122.4095847,37.8097418],[-122.4095914,37.8098427],[-122.4096402,37.8097491],[-122.4096467,37.80985],[-122.4096935,37.8097561],[-122.4096962,37.8098565],[-122.4097506,37.8097636],[-122.4097572,37.8098646],[-122.4098009,37.8097703],[-122.409811,37.8098717],[-122.40986,37.8097781],[-122.409861,37.8098783],[-122.4099097,37.8097846],[-122.4099415,37.8098743],[-122.4100707,37.8098913],[-122.4098019,37.8094163],[-122.4097059,37.8094571],[-122.4098078,37.8094872],[-122.40979,37.809596],[-122.4097817,37.8094976],[-122.4097327,37.8095883],[-122.4096918,37.8094938],[-122.4096638,37.809579],[-122.4096562,37.8094807],[-122.4096167,37.8095726],[-122.4095973,37.8094727],[-122.4095578,37.8095647],[-122.409572,37.8094776],[-122.409508,37.8095579],[-122.4094896,37.8094581],[-122.4094638,37.809552],[-122.4094555,37.8094535],[-122.4093984,37.8095431],[-122.4094038,37.8094465],[-122.4093538,37.8095371],[-122.4093178,37.8094433],[-122.4092899,37.8095284],[-122.4092772,37.8094294],[-122.4092378,37.8095214],[-122.4092431,37.8094248],[-122.4091912,37.8095151],[-122.4091467,37.8094201],[-122.4091188,37.8095053],[-122.4091006,37.8094056],[-122.4090611,37.8094975],[-122.4090664,37.8094009],[-122.4090261,37.8094928],[-122.4089871,37.8093986],[-122.4089728,37.8094856],[-122.4089645,37.8093872],[-122.4089036,37.8094762],[-122.408909,37.8093797],[-122.4088619,37.8094706],[-122.4088224,37.8093763],[-122.4087944,37.8094615],[-122.4087812,37.8093624],[-122.4087417,37.8094543],[-122.4087559,37.8093673],[-122.408687,37.809447],[-122.4086702,37.8093474],[-122.4086307,37.8094393],[-122.4086449,37.8093523],[-122.4085763,37.809432],[-122.4085607,37.8093326],[-122.4085212,37.8094245],[-122.4085265,37.809328],[-122.408481,37.8094191],[-122.4084399,37.8093246],[-122.408412,37.8094098],[-122.4084173,37.8093132],[-122.4083572,37.8094024],[-122.4083715,37.8093153],[-122.4083013,37.8093948],[-122.4082886,37.8092958],[-122.4082627,37.8093896],[-122.4082544,37.8092912],[-122.4082074,37.8093821],[-122.4081991,37.8092837],[-122.4081412,37.8093732],[-122.4081555,37.8092862],[-122.4080861,37.8093657],[-122.4080532,37.809264],[-122.4080718,37.8091509],[-122.4080794,37.8092536],[-122.4081264,37.8091582],[-122.4081632,37.8092566],[-122.4081918,37.8091671],[-122.4082094,37.8092712],[-122.4082359,37.809173],[-122.4082668,37.8092789],[-122.4082934,37.8091808],[-122.408301,37.8092835],[-122.4083475,37.8091881],[-122.4083821,37.8092862],[-122.4084107,37.8091967],[-122.4084047,37.8092976],[-122.4084522,37.8092023],[-122.4084598,37.809305],[-122.4085246,37.8092121],[-122.4085185,37.8093129],[-122.4085608,37.809217],[-122.4086024,37.8093159],[-122.408631,37.8092265],[-122.408625,37.8093273],[-122.408676,37.8092325],[-122.4087126,37.8093308],[-122.4087276,37.8092395],[-122.4087537,37.8093447],[-122.4087802,37.8092466],[-122.4087878,37.8093494],[-122.4088498,37.809256],[-122.4088348,37.8093473],[-122.4089019,37.8092631],[-122.4089162,37.8093667],[-122.4089564,37.8092704],[-122.4089719,37.8093742],[-122.4090121,37.809278],[-122.4089971,37.8093693],[-122.4090671,37.8092854],[-122.4090836,37.8093893],[-122.4091102,37.8092912],[-122.4091178,37.8093939],[-122.4091623,37.8092983],[-122.4092054,37.8093974],[-122.409234,37.809308],[-122.4092465,37.8094113],[-122.4092867,37.8093151],[-122.4092717,37.8094064],[-122.4093445,37.8093229],[-122.4093573,37.8094263],[-122.4093838,37.8093282],[-122.4093914,37.8094309],[-122.409452,37.8093374],[-122.4094768,37.8094425],[-122.4095068,37.8093448],[-122.4094905,37.8094443],[-122.4095592,37.8093519],[-122.4095429,37.8094514],[-122.4096173,37.8093598],[-122.4096409,37.8094647],[-122.4096572,37.8093652],[-122.4096859,37.8094491],[-122.4097952,37.8094045],[-122.4096592,37.8090939],[-122.4095355,37.8090651],[-122.4094992,37.8091714],[-122.4095092,37.8090755],[-122.4094602,37.8091661],[-122.4094237,37.8090722],[-122.4094052,37.8091587],[-122.40941,37.8090704],[-122.4093369,37.8091494],[-122.4093248,37.8090505],[-122.4092944,37.8091437],[-122.4092907,37.8090459],[-122.4092424,37.8091366],[-122.4092074,37.8090429],[-122.4091752,37.8091275],[-122.4091657,37.8090289],[-122.4091352,37.8091221],[-122.4091091,37.8090213],[-122.4090786,37.8091144],[-122.409075,37.8090166],[-122.4090082,37.8091049],[-122.4090183,37.8090089],[-122.4089532,37.8090974],[-122.4089717,37.809011],[-122.4088996,37.8090902],[-122.40889,37.8089916],[-122.4088458,37.8090829],[-122.4088558,37.8089869],[-122.408802,37.809077],[-122.4088068,37.8089887],[-122.4087352,37.8090679],[-122.4087281,37.8089696],[-122.4086976,37.8090628],[-122.408694,37.808965],[-122.408647,37.809056],[-122.4086434,37.8089582],[-122.4085908,37.8090484],[-122.4085957,37.8089601],[-122.4085203,37.8090388],[-122.4085097,37.8089401],[-122.4084793,37.8090332],[-122.4084756,37.8089354],[-122.4084267,37.8090261],[-122.4083892,37.8089321],[-122.4083707,37.8090185],[-122.4083447,37.8089177],[-122.4083005,37.809009],[-122.408291,37.8089104],[-122.4082605,37.8090036],[-122.4082569,37.8089058],[-122.4082029,37.8089958],[-122.4081671,37.808902],[-122.4081377,37.808987],[-122.4081535,37.8089002],[-122.4080816,37.8089794],[-122.4080744,37.8088811],[-122.4080439,37.8089743],[-122.4080152,37.8088731],[-122.4079847,37.8089663],[-122.4079811,37.8088684],[-122.4079337,37.8089593],[-122.4078815,37.808855],[-122.4079055,37.8087428],[-122.4079083,37.8088447],[-122.4079644,37.8087508],[-122.4079671,37.8088526],[-122.4080153,37.8087577],[-122.4080181,37.8088595],[-122.4080745,37.8087657],[-122.4080773,37.8088675],[-122.4081258,37.8087727],[-122.4081286,37.8088745],[-122.4081755,37.8087794],[-122.4081813,37.8088816],[-122.4082336,37.8087873],[-122.4082363,37.8088891],[-122.4082911,37.8087951],[-122.4082939,37.8088969],[-122.4083448,37.8088023],[-122.4083476,37.8089042],[-122.4084013,37.80881],[-122.4084041,37.8089118],[-122.4084573,37.8088176],[-122.4084601,37.8089194],[-122.4085099,37.8088247],[-122.4085126,37.8089265],[-122.4085645,37.8088321],[-122.4085673,37.8089339],[-122.4086214,37.8088398],[-122.4086242,37.8089416],[-122.4086776,37.8088474],[-122.4086804,37.8089492],[-122.4087282,37.8088543],[-122.408731,37.8089561],[-122.4087794,37.8088612],[-122.4087822,37.808963],[-122.4088326,37.8088684],[-122.4088354,37.8089702],[-122.4088901,37.8088762],[-122.4088929,37.808978],[-122.4089438,37.8088835],[-122.4089466,37.8089853],[-122.4089975,37.8088907],[-122.4090002,37.8089926],[-122.4090525,37.8088982],[-122.4090553,37.809],[-122.4091092,37.8089059],[-122.409112,37.8090077],[-122.4091658,37.8089135],[-122.4091686,37.8090154],[-122.4092195,37.8089208],[-122.4092223,37.8090227],[-122.409273,37.8089281],[-122.4092757,37.8090299],[-122.409325,37.8089351],[-122.4093277,37.8090369],[-122.4093812,37.8089427],[-122.409384,37.8090446],[-122.4094358,37.8089501],[-122.4094355,37.8090169],[-122.4095764,37.8090518],[-122.4094005,37.8087251],[-122.4093153,37.8087017],[-122.4092761,37.8087749],[-122.4093002,37.8086861],[-122.4092255,37.8087537],[-122.4092255,37.8086556],[-122.4091613,37.8087409],[-122.4091743,37.8086404],[-122.4091099,37.8087261],[-122.4091241,37.8086255],[-122.4090596,37.8087116],[-122.4090723,37.8086102],[-122.4090075,37.8086966],[-122.4090212,37.808595],[-122.4089507,37.8086931],[-122.4089664,37.8085788],[-122.4088958,37.8086772],[-122.4089039,37.8085602],[-122.408833,37.8086591],[-122.4088504,37.8085444],[-122.4087658,37.8086485],[-122.4087827,37.8085243],[-122.4086979,37.808629],[-122.4087121,37.8085034],[-122.408627,37.8086085],[-122.4086445,37.8084833],[-122.4085591,37.808589],[-122.4085767,37.8084632],[-122.4084883,37.8085751],[-122.4085013,37.8084408],[-122.4084126,37.8085533],[-122.4084286,37.8084193],[-122.4083396,37.8085323],[-122.4083543,37.8083972],[-122.408265,37.8085108],[-122.4083386,37.8083611],[-122.4082467,37.8082819],[-122.4080832,37.8084705],[-122.4081815,37.808264],[-122.4080595,37.8082041],[-122.4078997,37.8084234],[-122.4080096,37.8081926],[-122.4079389,37.808154],[-122.4078003,37.8083979],[-122.4079227,37.8081158],[-122.4078725,37.808095],[-122.4078806,37.8082101],[-122.4076733,37.8082593],[-122.4077193,37.8083806],[-122.4076275,37.8084024],[-122.4075501,37.8080768],[-122.4074596,37.8080123],[-122.4075001,37.8079354],[-122.4074447,37.8079085],[-122.4073679,37.8080535],[-122.4066576,37.8078229],[-122.4068293,37.8100001],[-122.4061923,37.8100735],[-122.4061329,37.8100281],[-122.4059171,37.8071646],[-122.4053351,37.8068719],[-122.4044133,37.8088591],[-122.4039462,37.808765],[-122.4047306,37.8069763],[-122.4039697,37.806584],[-122.4027182,37.8080229],[-122.4023573,37.8077897],[-122.4034354,37.8064764],[-122.4028175,37.8060277],[-122.4009211,37.8076414],[-122.4004123,37.8072667],[-122.4009769,37.8035685],[-122.4008561,37.8034341],[-122.4004929,37.8034713],[-122.3985514,37.8046112],[-122.3985727,37.8045314],[-122.3982427,37.8042556],[-122.3999855,37.80323],[-122.3996153,37.8028129],[-122.397797,37.8038092],[-122.3975325,37.8034697],[-122.3997369,37.8021812],[-122.3994223,37.8018295],[-122.3991652,37.8018942],[-122.3970888,37.8030197],[-122.3961692,37.8019247],[-122.3983969,37.8006776],[-122.3980022,37.8002354],[-122.395776,37.8014794],[-122.3954576,37.8011721],[-122.3976522,37.7998521],[-122.3972701,37.7994472],[-122.3969097,37.7996378],[-122.3972644,37.7994064],[-122.3967544,37.7988394],[-122.396592,37.7988381],[-122.3944847,37.8000544],[-122.3944501,37.8001865],[-122.3942655,37.8000785],[-122.3943194,37.799961],[-122.3944334,37.8000029],[-122.3965391,37.7987828],[-122.3965876,37.7986554],[-122.3965362,37.7985987],[-122.3958398,37.7978797],[-122.3955395,37.797973],[-122.3938172,37.7989386],[-122.3935735,37.7986385],[-122.3955067,37.7974747],[-122.3953177,37.7973994],[-122.3951449,37.7974999],[-122.3950094,37.7973462],[-122.3952172,37.7971584],[-122.3950294,37.7971288],[-122.3931881,37.7982482],[-122.3929466,37.7979434],[-122.3948103,37.7967138],[-122.3946944,37.7965865],[-122.3931819,37.797513],[-122.3931048,37.7974309],[-122.3941402,37.7968683],[-122.3939452,37.7966539],[-122.3938636,37.7966929],[-122.3937557,37.7965796],[-122.393894,37.7965119],[-122.3936111,37.7962031],[-122.3935371,37.796242],[-122.3934105,37.7961033],[-122.3934951,37.7960622],[-122.3932767,37.7958362],[-122.3932126,37.7958676],[-122.393011,37.7955657],[-122.3916031,37.7962101],[-122.3912093,37.795784],[-122.3924246,37.7948246],[-122.3922802,37.7946725],[-122.3919538,37.7948587],[-122.3916627,37.7945523],[-122.3919588,37.7943404],[-122.3918028,37.7941762],[-122.3917472,37.7942079],[-122.3916857,37.7940529],[-122.391995,37.7938765],[-122.3916023,37.7935327],[-122.3917369,37.7934338],[-122.3888211,37.7909828],[-122.3889434,37.790885],[-122.388625,37.7903183],[-122.3880623,37.7905127],[-122.3880251,37.7904364],[-122.3883824,37.790313],[-122.3882569,37.7900124],[-122.3857155,37.790965],[-122.3855321,37.7905331],[-122.3876206,37.7897924],[-122.3873612,37.7893161],[-122.3853155,37.789783],[-122.3851205,37.7893303],[-122.3851613,37.7892252],[-122.3872015,37.7887787],[-122.3870623,37.7882338],[-122.3852741,37.7885246],[-122.3851423,37.7881355],[-122.3873946,37.7877254],[-122.3874202,37.7872461],[-122.38454,37.7873989],[-122.3843557,37.78574],[-122.3875783,37.7854627],[-122.3876443,37.7848696],[-122.3854718,37.7849985],[-122.3854279,37.7846118],[-122.3872349,37.7845066],[-122.3876873,37.7844014],[-122.387723,37.7838808],[-122.3863008,37.7839642],[-122.3862498,37.7834108],[-122.3877092,37.7832835],[-122.38779,37.7828728],[-122.3874129,37.7827947],[-122.3847683,37.7829449],[-122.3846934,37.7825522],[-122.38758,37.7823469],[-122.3878012,37.7822798],[-122.3877682,37.7818007],[-122.3855735,37.7819405],[-122.3855255,37.7817837],[-122.3848715,37.7818043],[-122.385521,37.7817468],[-122.3855308,37.7815818],[-122.3876422,37.7814556],[-122.3875969,37.7809695],[-122.38748,37.7809844],[-122.3874745,37.7811087],[-122.3874628,37.7809854],[-122.3873599,37.780983],[-122.387362,37.7811151],[-122.3873219,37.7809852],[-122.3872191,37.7809994],[-122.3872135,37.7811236],[-122.3872018,37.7810003],[-122.3870917,37.7809984],[-122.3870938,37.7811305],[-122.3870649,37.7810082],[-122.3869598,37.7810059],[-122.3869619,37.781138],[-122.3869218,37.7810081],[-122.3868254,37.7810219],[-122.386837,37.7811452],[-122.3868081,37.7810229],[-122.3866994,37.7810208],[-122.3866842,37.7811539],[-122.3866614,37.781023],[-122.3865565,37.7810373],[-122.3865509,37.7811615],[-122.3865392,37.7810383],[-122.3864342,37.781036],[-122.3864191,37.7811691],[-122.3863963,37.7810382],[-122.3862954,37.7810506],[-122.3862891,37.7811765],[-122.3862663,37.7810456],[-122.3861604,37.7810599],[-122.3861548,37.7811842],[-122.3861431,37.7810609],[-122.3860419,37.7810584],[-122.3860267,37.7811915],[-122.3860039,37.7810606],[-122.3858924,37.7810753],[-122.3859041,37.7811985],[-122.385864,37.7810686],[-122.385768,37.7810824],[-122.3857625,37.7812066],[-122.3857508,37.7810834],[-122.3856445,37.7810812],[-122.3856293,37.7812143],[-122.3856065,37.7810833],[-122.3855012,37.7810976],[-122.3854957,37.7812219],[-122.3854728,37.781091],[-122.3853657,37.7811054],[-122.3853774,37.7812287],[-122.3853485,37.7811064],[-122.3852429,37.7811041],[-122.385245,37.7812362],[-122.3852161,37.7811139],[-122.3851098,37.7811118],[-122.3851119,37.7812439],[-122.3850718,37.7811139],[-122.3849686,37.7811281],[-122.3849631,37.7812524],[-122.3849514,37.7811291],[-122.3848467,37.7811268],[-122.3848316,37.7812599],[-122.3848055,37.7809842],[-122.3848449,37.7811076],[-122.384948,37.7810935],[-122.3849369,37.7809767],[-122.3849764,37.7811001],[-122.3850796,37.781086],[-122.3850858,37.7809681],[-122.385108,37.7810926],[-122.3852127,37.7810783],[-122.3852016,37.7809615],[-122.3852411,37.781085],[-122.3853451,37.7810708],[-122.385334,37.7809539],[-122.3853735,37.7810774],[-122.3854806,37.781063],[-122.3854695,37.7809462],[-122.385509,37.7810697],[-122.3856143,37.7810554],[-122.3856205,37.7809376],[-122.3856427,37.781062],[-122.3857474,37.7810478],[-122.3857363,37.7809309],[-122.3857758,37.7810544],[-122.3858718,37.7810406],[-122.3858607,37.7809238],[-122.3859001,37.7810473],[-122.3860117,37.7810326],[-122.3860179,37.7809148],[-122.3860401,37.7810393],[-122.3861397,37.7810253],[-122.3861459,37.7809075],[-122.3861681,37.7810319],[-122.386274,37.7810176],[-122.3862629,37.7809008],[-122.3863024,37.7810243],[-122.386404,37.7810102],[-122.3863929,37.7808934],[-122.3864324,37.7810168],[-122.3865359,37.7810026],[-122.3865248,37.7808858],[-122.3865643,37.7810093],[-122.3866692,37.780995],[-122.3866581,37.7808782],[-122.3866976,37.7810017],[-122.3868047,37.7809873],[-122.3868109,37.7808695],[-122.3868331,37.7809939],[-122.3869296,37.7809801],[-122.3869185,37.7808633],[-122.386958,37.7809868],[-122.3870615,37.7809726],[-122.3870677,37.7808548],[-122.3870899,37.7809792],[-122.3871984,37.7809647],[-122.3871874,37.7808479],[-122.3872268,37.7809714],[-122.3873297,37.7809572],[-122.3873186,37.7808404],[-122.3873581,37.7809639],[-122.3874594,37.7809498],[-122.3874483,37.780833],[-122.3874767,37.7809488],[-122.3875951,37.7809503],[-122.3875419,37.7804908],[-122.3874455,37.7805048],[-122.3874407,37.7806092],[-122.3874316,37.7805056],[-122.3873446,37.7805025],[-122.3873302,37.7806157],[-122.3873101,37.7805046],[-122.3872116,37.7805187],[-122.3872068,37.780623],[-122.3871978,37.7805195],[-122.3870959,37.7805173],[-122.3870815,37.7806305],[-122.3870724,37.7805269],[-122.3869783,37.7805243],[-122.3869639,37.7806374],[-122.3869549,37.7805339],[-122.3868659,37.7805309],[-122.3868514,37.7806441],[-122.3868314,37.780533],[-122.3867401,37.7805466],[-122.3867353,37.780651],[-122.3867263,37.7805475],[-122.3866318,37.7805448],[-122.3866312,37.7806572],[-122.3865973,37.7805468],[-122.3865034,37.7805607],[-122.3865124,37.7806642],[-122.3864786,37.7805539],[-122.3863876,37.7805675],[-122.3863966,37.7806711],[-122.3863628,37.7805607],[-122.3862701,37.7805745],[-122.3862653,37.7806789],[-122.3862563,37.7805753],[-122.3861562,37.780573],[-122.3861418,37.7806862],[-122.3861217,37.780575],[-122.3860268,37.7805889],[-122.3860358,37.7806925],[-122.386013,37.7805897],[-122.3859143,37.7805873],[-122.3858999,37.7807005],[-122.3858909,37.780597],[-122.3857982,37.7805942],[-122.3857838,37.7807074],[-122.3857637,37.7805963],[-122.3856725,37.7806099],[-122.3856677,37.7807143],[-122.3856587,37.7806107],[-122.3855684,37.7806078],[-122.3855539,37.780721],[-122.3855449,37.7806175],[-122.3854474,37.780615],[-122.3854468,37.7807274],[-122.385424,37.7806246],[-122.3853246,37.7806223],[-122.3853101,37.7807355],[-122.3852901,37.7806243],[-122.3851955,37.7806382],[-122.3851907,37.7807425],[-122.3851817,37.780639],[-122.3850931,37.780636],[-122.3850786,37.7807492],[-122.3850696,37.7806457],[-122.3849734,37.7806431],[-122.384959,37.7807563],[-122.38495,37.7806527],[-122.3848591,37.7806499],[-122.3848317,37.7807638],[-122.384817,37.7805307],[-122.3848578,37.7806281],[-122.3849467,37.7806147],[-122.3849525,37.7805226],[-122.3849605,37.7806139],[-122.3850567,37.7806165],[-122.3850722,37.7805155],[-122.3850801,37.7806069],[-122.3851687,37.78061],[-122.3851842,37.7805089],[-122.3851922,37.7806004],[-122.3852882,37.780603],[-122.3853037,37.7805018],[-122.3853117,37.7805934],[-122.3854111,37.7805959],[-122.3854266,37.7804945],[-122.3854345,37.7805862],[-122.385532,37.7805888],[-122.3855475,37.7804874],[-122.3855555,37.7805792],[-122.3856458,37.7805822],[-122.3856613,37.7804806],[-122.3856693,37.7805726],[-122.3857619,37.7805754],[-122.3857773,37.7804737],[-122.3857854,37.7805658],[-122.385878,37.7805686],[-122.3858934,37.7804669],[-122.3859014,37.780559],[-122.3860001,37.7805615],[-122.3860155,37.7804596],[-122.3860235,37.7805519],[-122.3861199,37.7805545],[-122.3861353,37.7804525],[-122.3861434,37.7805449],[-122.3862434,37.7805473],[-122.3862588,37.7804452],[-122.3862669,37.7805377],[-122.386361,37.7805405],[-122.3863764,37.7804382],[-122.3863844,37.7805308],[-122.3864768,37.7805337],[-122.3864922,37.7804314],[-122.3865002,37.7805241],[-122.3865956,37.7805268],[-122.3866109,37.7804243],[-122.386619,37.7805171],[-122.3867135,37.7805199],[-122.3867288,37.7804174],[-122.3867369,37.7805103],[-122.3868296,37.7805131],[-122.386845,37.7804105],[-122.3868531,37.7805035],[-122.3869421,37.7805066],[-122.3869575,37.7804038],[-122.3869656,37.7804969],[-122.3870597,37.7804997],[-122.387075,37.7803968],[-122.3870831,37.7804901],[-122.387185,37.7804924],[-122.3872003,37.7803894],[-122.3872085,37.7804828],[-122.3873084,37.7804852],[-122.3873237,37.7803821],[-122.3873319,37.7804756],[-122.3874189,37.7804787],[-122.3874342,37.7803755],[-122.3874423,37.7804691],[-122.3875401,37.7804717],[-122.3875012,37.780054],[-122.3874047,37.7800677],[-122.3874133,37.7801712],[-122.3873909,37.7800684],[-122.3873039,37.7800651],[-122.3873028,37.7801775],[-122.3872694,37.780067],[-122.3871708,37.7800809],[-122.3871793,37.7801844],[-122.387157,37.7800816],[-122.3870551,37.7800791],[-122.3870402,37.7801923],[-122.3870206,37.7800811],[-122.3869279,37.7800946],[-122.3869364,37.7801981],[-122.386903,37.7800877],[-122.3868153,37.7801009],[-122.3868239,37.7802045],[-122.3868015,37.7801017],[-122.3867088,37.7800987],[-122.3866939,37.7802118],[-122.3866743,37.7801006],[-122.3865812,37.7801141],[-122.386576,37.7802185],[-122.3865674,37.7801149],[-122.3864721,37.780112],[-122.386471,37.7802244],[-122.3864486,37.7801216],[-122.3863563,37.7801186],[-122.3863552,37.7802309],[-122.3863218,37.7801205],[-122.386229,37.780134],[-122.3862376,37.7802376],[-122.3862152,37.7801348],[-122.3861152,37.7801322],[-122.3861141,37.7802445],[-122.3860807,37.7801341],[-122.3859857,37.7801477],[-122.3859804,37.7802521],[-122.3859608,37.7801409],[-122.3858635,37.7801546],[-122.3858583,37.780259],[-122.3858497,37.7801554],[-122.3857571,37.7801524],[-122.3857422,37.7802655],[-122.3857336,37.780162],[-122.385641,37.7801589],[-122.3856261,37.7802721],[-122.3856065,37.7801609],[-122.3855175,37.7801742],[-122.3855261,37.7802777],[-122.3855037,37.7801749],[-122.3854062,37.7801722],[-122.3854051,37.7802845],[-122.3853828,37.7801818],[-122.3852833,37.7801791],[-122.3852684,37.7802923],[-122.3852488,37.7801811],[-122.3851542,37.7801947],[-122.3851627,37.7802982],[-122.3851404,37.7801954],[-122.3850518,37.7801922],[-122.3850506,37.7803045],[-122.3850173,37.7801941],[-122.3849224,37.7802077],[-122.3849172,37.7803121],[-122.3849086,37.7802085],[-122.3848178,37.7802054],[-122.3847898,37.7803193],[-122.3847762,37.7800861],[-122.3848165,37.7801837],[-122.3849055,37.7801705],[-122.3849118,37.7800784],[-122.3849193,37.7801697],[-122.3850155,37.7801726],[-122.3850314,37.7800717],[-122.385039,37.7801631],[-122.3851276,37.7801664],[-122.3851435,37.7800653],[-122.385151,37.7801568],[-122.3852471,37.7801598],[-122.385263,37.7800586],[-122.3852706,37.7801502],[-122.38537,37.7801529],[-122.3853859,37.7800517],[-122.3853935,37.7801434],[-122.385491,37.7801462],[-122.3855069,37.7800448],[-122.3855144,37.7801367],[-122.3856048,37.7801399],[-122.3856207,37.7800384],[-122.3856283,37.7801304],[-122.3857209,37.7801335],[-122.3857368,37.7800319],[-122.3857444,37.7801239],[-122.385837,37.780127],[-122.3858529,37.7800253],[-122.3858605,37.7801175],[-122.3859591,37.7801203],[-122.385975,37.7800184],[-122.3859826,37.7801107],[-122.386079,37.7801136],[-122.3860949,37.7800117],[-122.3861025,37.780104],[-122.3862025,37.7801067],[-122.3862184,37.7800047],[-122.386226,37.7800972],[-122.3863201,37.7801002],[-122.386336,37.779998],[-122.3863436,37.7800907],[-122.3864359,37.7800938],[-122.3864518,37.7799915],[-122.3864594,37.7800842],[-122.3865547,37.7800872],[-122.3865706,37.7799848],[-122.3865782,37.7800776],[-122.3866727,37.7800807],[-122.3866885,37.7799782],[-122.3866962,37.7800711],[-122.3867889,37.7800742],[-122.3868047,37.7799716],[-122.3868123,37.7800646],[-122.3869014,37.780068],[-122.3869172,37.7799652],[-122.3869249,37.7800584],[-122.387019,37.7800614],[-122.3870348,37.7799586],[-122.3870424,37.7800519],[-122.3871443,37.7800545],[-122.3871601,37.7799515],[-122.3871678,37.7800449],[-122.3872678,37.7800476],[-122.3872836,37.7799446],[-122.3872913,37.7800381],[-122.3873783,37.7800415],[-122.3873941,37.7799383],[-122.3874018,37.7800319],[-122.3874995,37.7800348],[-122.3874645,37.7796608],[-122.3873829,37.7796738],[-122.387377,37.7797561],[-122.3873579,37.779667],[-122.38728,37.7796797],[-122.3872741,37.779762],[-122.3872662,37.7796805],[-122.3871869,37.7796769],[-122.3871852,37.7797672],[-122.3871524,37.7796789],[-122.387071,37.7796918],[-122.3870651,37.7797741],[-122.3870572,37.7796926],[-122.3869825,37.7796887],[-122.3869671,37.7797798],[-122.386948,37.7796907],[-122.3868659,37.7797856],[-122.3868468,37.7796965],[-122.3867686,37.7797093],[-122.3867627,37.7797916],[-122.3867548,37.7797101],[-122.3866732,37.7797065],[-122.3866715,37.7797969],[-122.3866387,37.7797085],[-122.3865601,37.7797213],[-122.386568,37.7798028],[-122.3864651,37.7797186],[-122.3864634,37.7798089],[-122.3863676,37.7797242],[-122.386366,37.7798145],[-122.3863331,37.7797262],[-122.3862494,37.7797393],[-122.3862435,37.7798216],[-122.3862244,37.7797325],[-122.3861497,37.779827],[-122.3861307,37.7797379],[-122.3860526,37.7797506],[-122.3860467,37.7798329],[-122.3860388,37.7797514],[-122.385959,37.7797478],[-122.3859435,37.7798389],[-122.3859245,37.7797498],[-122.3858464,37.7797626],[-122.3858405,37.7798449],[-122.3858326,37.7797634],[-122.3857547,37.7797596],[-122.3857393,37.7798507],[-122.3857202,37.7797616],[-122.3856383,37.7797746],[-122.3856324,37.7798569],[-122.3856245,37.7797754],[-122.3855412,37.7797719],[-122.3855395,37.7798622],[-122.3855066,37.7797739],[-122.3854267,37.7797868],[-122.3854208,37.7798691],[-122.3854129,37.7797876],[-122.3853331,37.7797839],[-122.3853176,37.7798751],[-122.3852986,37.7797859],[-122.3852237,37.7798805],[-122.3852158,37.779799],[-122.3851342,37.7797954],[-122.3851188,37.7798865],[-122.3851109,37.779805],[-122.3850331,37.7798013],[-122.3850176,37.7798924],[-122.3849985,37.7798033],[-122.3849203,37.779816],[-122.3849144,37.7798983],[-122.3849065,37.7798168],[-122.384825,37.7798133],[-122.3847962,37.7799052],[-122.3847751,37.7796987],[-122.3848227,37.7797914],[-122.3849028,37.7797785],[-122.3849082,37.779691],[-122.3849277,37.7797853],[-122.385006,37.7797725],[-122.3850114,37.7796851],[-122.3850309,37.7797794],[-122.3851071,37.7797667],[-122.3851125,37.7796792],[-122.3851321,37.7797735],[-122.385212,37.7797606],[-122.3852036,37.7796739],[-122.385237,37.7797675],[-122.3853114,37.7796677],[-122.385331,37.779762],[-122.3854092,37.7797493],[-122.3854146,37.7796618],[-122.3854341,37.7797561],[-122.3855141,37.7797432],[-122.3855195,37.7796557],[-122.385539,37.77975],[-122.3856208,37.779737],[-122.3856262,37.7796495],[-122.3856346,37.7797362],[-122.3857181,37.7797397],[-122.385733,37.7796434],[-122.3857526,37.7797377],[-122.3858288,37.779725],[-122.3858342,37.7796375],[-122.3858538,37.7797318],[-122.3859319,37.7797191],[-122.3859373,37.7796316],[-122.3859569,37.7797259],[-122.3860351,37.7797131],[-122.3860405,37.7796256],[-122.3860601,37.7797199],[-122.3861381,37.7797072],[-122.3861435,37.7796197],[-122.3861519,37.7797064],[-122.3862223,37.7797106],[-122.3862372,37.7796142],[-122.3862457,37.7797009],[-122.386331,37.7797043],[-122.3863459,37.779608],[-122.3863655,37.7797023],[-122.3864434,37.7796023],[-122.3864518,37.779689],[-122.386533,37.7796926],[-122.386548,37.7795963],[-122.3865675,37.7796906],[-122.3866461,37.7796778],[-122.3866515,37.7795903],[-122.3866599,37.779677],[-122.3867415,37.7796806],[-122.3867565,37.7795843],[-122.3867649,37.7796709],[-122.3868447,37.7796746],[-122.3868596,37.7795783],[-122.3868792,37.7796726],[-122.3869554,37.7796599],[-122.3869608,37.7795724],[-122.3869692,37.7796591],[-122.387044,37.7796631],[-122.3870589,37.7795668],[-122.3870681,37.7796617],[-122.3871598,37.7796481],[-122.387166,37.7795693],[-122.3871848,37.779655],[-122.3872687,37.7795634],[-122.3872763,37.7796414],[-122.3873558,37.7796451],[-122.3873716,37.7795574],[-122.3873792,37.7796355],[-122.3874625,37.7796389],[-122.3874303,37.779293],[-122.3873439,37.7793063],[-122.3873489,37.7793801],[-122.3873192,37.7792994],[-122.3872391,37.7793123],[-122.3872441,37.7793862],[-122.387145,37.7793095],[-122.3871273,37.7794057],[-122.3871105,37.7793115],[-122.3870316,37.7793243],[-122.3870236,37.7794116],[-122.3870178,37.7793251],[-122.3869458,37.779321],[-122.3869419,37.7794164],[-122.3869222,37.7793306],[-122.3868419,37.779327],[-122.3868242,37.7794232],[-122.3868074,37.779329],[-122.3867303,37.7793417],[-122.3867223,37.779429],[-122.3867165,37.7793425],[-122.3866381,37.7793388],[-122.3866341,37.7794341],[-122.3866035,37.7793408],[-122.3865243,37.7793536],[-122.3865163,37.7794409],[-122.3865105,37.7793544],[-122.3864302,37.7793508],[-122.3864125,37.7794469],[-122.3863957,37.7793528],[-122.3863149,37.7794526],[-122.386309,37.779366],[-122.3862242,37.7793627],[-122.3862065,37.7794588],[-122.3861897,37.7793646],[-122.3861165,37.7793771],[-122.3861224,37.7794637],[-122.3861027,37.7793779],[-122.3860244,37.7793742],[-122.3860205,37.7794696],[-122.3859899,37.7793762],[-122.3859126,37.7793889],[-122.3859185,37.7794754],[-122.3858879,37.7793821],[-122.3858048,37.7793951],[-122.3857968,37.7794825],[-122.385791,37.7793959],[-122.3857121,37.7793922],[-122.3857082,37.7794876],[-122.3856113,37.779398],[-122.3856073,37.7794934],[-122.3855877,37.7794077],[-122.3855078,37.779404],[-122.3854901,37.7795002],[-122.3854733,37.779406],[-122.3853932,37.7794189],[-122.3853991,37.7795054],[-122.3853794,37.7794197],[-122.3852983,37.7794161],[-122.3852943,37.7795115],[-122.3852637,37.7794181],[-122.3851859,37.7795177],[-122.3851691,37.7794236],[-122.3850917,37.7794363],[-122.3850838,37.7795236],[-122.3850779,37.7794371],[-122.3849981,37.7794334],[-122.3849803,37.7795296],[-122.3849636,37.7794354],[-122.3848847,37.7794482],[-122.3848768,37.7795356],[-122.3848709,37.779449],[-122.3847881,37.7794456],[-122.3847603,37.7795423],[-122.3847456,37.7793344],[-122.3847867,37.7794264],[-122.3848685,37.7794134],[-122.3848765,37.7793268],[-122.3848932,37.7794202],[-122.3849721,37.7794074],[-122.38498,37.7793208],[-122.3849968,37.7794142],[-122.3850755,37.7794014],[-122.3850835,37.7793149],[-122.3851002,37.7794083],[-122.3851776,37.7793955],[-122.3851718,37.7793098],[-122.3852024,37.7794024],[-122.3852802,37.7793035],[-122.385297,37.7793969],[-122.385377,37.779384],[-122.385385,37.7792975],[-122.3854017,37.7793909],[-122.3854818,37.779378],[-122.385476,37.7792922],[-122.3855065,37.7793848],[-122.3855852,37.779372],[-122.3855794,37.7792862],[-122.38561,37.7793788],[-122.3856861,37.7793662],[-122.3856803,37.7792804],[-122.3857108,37.779373],[-122.3857886,37.7793603],[-122.3857966,37.7792737],[-122.3858133,37.7793671],[-122.3858964,37.779354],[-122.3858906,37.7792683],[-122.3859211,37.7793609],[-122.3859984,37.7793482],[-122.3860064,37.7792616],[-122.3860231,37.779355],[-122.3861003,37.7793423],[-122.3861083,37.7792557],[-122.386125,37.7793491],[-122.3861982,37.7793366],[-122.3861924,37.7792509],[-122.3862229,37.7793435],[-122.3863066,37.7793304],[-122.3863146,37.7792438],[-122.3863313,37.7793372],[-122.3864042,37.7793247],[-122.3863984,37.779239],[-122.3864289,37.7793316],[-122.3865081,37.7793187],[-122.3865161,37.7792322],[-122.3865219,37.7793179],[-122.3866022,37.7793216],[-122.38662,37.7792262],[-122.3866368,37.7793196],[-122.3867141,37.7793068],[-122.3867221,37.7792203],[-122.3867388,37.7793137],[-122.3868159,37.779301],[-122.3868239,37.7792144],[-122.3868297,37.7793002],[-122.38691,37.7793038],[-122.3869278,37.7792084],[-122.3869336,37.7792942],[-122.3870056,37.7792983],[-122.3870234,37.7792029],[-122.3870401,37.7792963],[-122.387119,37.7792835],[-122.3871132,37.7791977],[-122.3871437,37.7792903],[-122.3872317,37.7792036],[-122.3872476,37.7792843],[-122.3873365,37.7791976],[-122.3873415,37.7792706],[-122.3874285,37.7792738],[-122.3874083,37.7789453],[-122.3873102,37.7790115],[-122.3872325,37.7789471],[-122.3872138,37.7790171],[-122.3871365,37.7789526],[-122.3871187,37.7790327],[-122.387039,37.7789582],[-122.3870212,37.7790383],[-122.3869435,37.7789636],[-122.3869257,37.7790437],[-122.3868496,37.778969],[-122.3868318,37.7790491],[-122.3867491,37.7789747],[-122.3867313,37.7790548],[-122.3866515,37.7789803],[-122.3866336,37.7790604],[-122.3865637,37.7789853],[-122.3865458,37.7790654],[-122.3864629,37.7789911],[-122.3864451,37.7790712],[-122.386369,37.7789964],[-122.3863512,37.7790765],[-122.3862697,37.7790021],[-122.3862519,37.7790822],[-122.3861776,37.7790074],[-122.3861598,37.7790875],[-122.3860803,37.7790129],[-122.3860625,37.779093],[-122.3860568,37.7790225],[-122.3859753,37.7790189],[-122.3859575,37.779099],[-122.3858783,37.7790244],[-122.3858604,37.7791046],[-122.3857813,37.77903],[-122.3857635,37.7791101],[-122.3856882,37.7790353],[-122.3856703,37.7791154],[-122.3855912,37.7790408],[-122.3855733,37.7791209],[-122.3854944,37.7790469],[-122.3854761,37.7791265],[-122.3853986,37.7790518],[-122.3853808,37.7791319],[-122.3852995,37.7790575],[-122.3852817,37.7791376],[-122.3852081,37.7790627],[-122.3851902,37.7791428],[-122.3851073,37.7790685],[-122.3850895,37.7791486],[-122.3850156,37.7790737],[-122.3849978,37.7791538],[-122.3849205,37.7790791],[-122.3849027,37.7791592],[-122.3848188,37.7790849],[-122.3847941,37.7791654],[-122.3847795,37.7789839],[-122.3848173,37.7790657],[-122.3848942,37.7790531],[-122.3848881,37.7789777],[-122.384919,37.7790599],[-122.384997,37.7789715],[-122.3850141,37.7790545],[-122.3850749,37.778967],[-122.3851058,37.7790493],[-122.3851894,37.7789605],[-122.3852065,37.7790435],[-122.3852671,37.7789561],[-122.385298,37.7790383],[-122.3853799,37.7789496],[-122.385397,37.7790326],[-122.3854615,37.778945],[-122.3854924,37.7790272],[-122.3855725,37.7789386],[-122.3855896,37.7790217],[-122.3856695,37.7789331],[-122.3856866,37.7790161],[-122.3857627,37.7789278],[-122.3858422,37.7790072],[-122.3858596,37.7789222],[-122.3858767,37.7790053],[-122.385949,37.7789929],[-122.3859429,37.7789175],[-122.3859738,37.7789997],[-122.3860617,37.7789107],[-122.3860788,37.7789937],[-122.3861512,37.7789813],[-122.3861451,37.7789059],[-122.3862336,37.7789849],[-122.3862373,37.7789007],[-122.3862682,37.7789829],[-122.3863426,37.7789704],[-122.3863366,37.778895],[-122.3864269,37.7789739],[-122.3864443,37.7788889],[-122.3864614,37.7789719],[-122.3865373,37.7789593],[-122.3865312,37.7788839],[-122.3866154,37.7789631],[-122.3866328,37.7788781],[-122.3866499,37.7789611],[-122.3867228,37.7789487],[-122.3867167,37.7788733],[-122.3867476,37.7789555],[-122.3868232,37.778943],[-122.3868171,37.7788676],[-122.386848,37.7789498],[-122.3869249,37.7788614],[-122.3869419,37.7789444],[-122.3870203,37.778856],[-122.3870374,37.778939],[-122.3871102,37.7789266],[-122.3871041,37.7788512],[-122.387135,37.7789334],[-122.3872145,37.7788537],[-122.3872928,37.7789244],[-122.3873109,37.7788481],[-122.3873954,37.7789186],[-122.3873666,37.7786101],[-122.3872952,37.7786858],[-122.3872649,37.778616],[-122.3871815,37.7786923],[-122.3871064,37.7786251],[-122.3870893,37.7787081],[-122.3870719,37.7786271],[-122.386991,37.7787138],[-122.3869134,37.7786362],[-122.3868963,37.7787192],[-122.3868789,37.7786382],[-122.3868021,37.7786509],[-122.3868084,37.7787243],[-122.3867201,37.7786474],[-122.386703,37.7787304],[-122.3866856,37.7786494],[-122.3866237,37.778735],[-122.3865235,37.7786587],[-122.3865202,37.7787409],[-122.386489,37.7786607],[-122.3864272,37.7787463],[-122.3863303,37.7786699],[-122.386327,37.7787521],[-122.3862958,37.7786719],[-122.3862168,37.7787584],[-122.386139,37.7786809],[-122.3861219,37.7787639],[-122.3861045,37.7786829],[-122.3860382,37.7787687],[-122.3859455,37.7786921],[-122.3859422,37.7787743],[-122.385911,37.7786941],[-122.3858444,37.7787799],[-122.3857544,37.7787031],[-122.3857511,37.7787853],[-122.3857199,37.7787051],[-122.3856391,37.7787918],[-122.3856217,37.7787107],[-122.3855596,37.7787963],[-122.3854647,37.7787198],[-122.3854476,37.7788028],[-122.3854302,37.7787218],[-122.3853508,37.7788084],[-122.3853334,37.7787274],[-122.3852544,37.7788139],[-122.3851703,37.7787368],[-122.3851427,37.7788204],[-122.3851273,37.7786392],[-122.3851686,37.7787176],[-122.3852525,37.778632],[-122.3853318,37.7787082],[-122.3853352,37.7786272],[-122.3853663,37.7787062],[-122.3854458,37.7786208],[-122.3854631,37.7787006],[-122.3855439,37.7786152],[-122.3855612,37.778695],[-122.3856234,37.7786106],[-122.3856546,37.7786896],[-122.3857217,37.7786049],[-122.3857528,37.7786839],[-122.3858287,37.7785987],[-122.3859093,37.7786749],[-122.3859265,37.7785931],[-122.3859438,37.7786729],[-122.3860087,37.7785884],[-122.3860398,37.7786674],[-122.3861201,37.7785819],[-122.3861374,37.7786617],[-122.3862012,37.7785773],[-122.3862219,37.7786568],[-122.3863038,37.7786439],[-122.3862976,37.7785717],[-122.3863287,37.7786507],[-122.3864116,37.7785651],[-122.3864289,37.7786449],[-122.3865046,37.7785598],[-122.3865219,37.7786395],[-122.3866005,37.7786268],[-122.3865942,37.7785546],[-122.3866253,37.7786336],[-122.3866873,37.7785492],[-122.3867756,37.7786249],[-122.3867928,37.7785431],[-122.3868101,37.7786229],[-122.3868869,37.7786102],[-122.3868807,37.7785381],[-122.3869118,37.7786171],[-122.3869891,37.7785318],[-122.3870702,37.7786079],[-122.3870736,37.7785269],[-122.3871047,37.7786059],[-122.3871814,37.7785312],[-122.3871978,37.7786006],[-122.3872676,37.7785263],[-122.3873649,37.7785909],[-122.3873542,37.7783648],[-122.3853058,37.778456],[-122.387705,37.7783417],[-122.3876375,37.7782153],[-122.3904238,37.7771471],[-122.3898703,37.7765047],[-122.3898344,37.7765957],[-122.3876085,37.776753],[-122.3873605,37.7766381],[-122.387324,37.776324],[-122.3871164,37.7763305],[-122.3870949,37.7761085],[-122.3850082,37.7763285],[-122.3848409,37.7753992],[-122.3848902,37.7753351],[-122.3870095,37.7750869],[-122.3869357,37.774333],[-122.3818276,37.7746202],[-122.381469,37.7719224],[-122.3847478,37.7733676],[-122.3867731,37.7732775],[-122.3865861,37.7728444],[-122.3867298,37.7727763],[-122.3866723,37.772486],[-122.3867273,37.7724449],[-122.3865528,37.7719529],[-122.3864521,37.771948],[-122.3864721,37.7716841],[-122.3863591,37.7715964],[-122.3863967,37.7714639],[-122.3862898,37.7714526],[-122.386114,37.7713145],[-122.3860991,37.7711884],[-122.3860244,37.7711936],[-122.3858564,37.7706909],[-122.3857953,37.7707051],[-122.3858109,37.7712552],[-122.3856348,37.7721674],[-122.3855672,37.7721591],[-122.3856946,37.7714493],[-122.3855278,37.7714349],[-122.3852996,37.7716393],[-122.3857374,37.7705969],[-122.3855717,37.7706422],[-122.3831686,37.7697138],[-122.3833888,37.7693376],[-122.3855827,37.7701847],[-122.3850322,37.7688621],[-122.3849077,37.7688869],[-122.3848009,37.7686616],[-122.3850191,37.7685907],[-122.3850565,37.7683464],[-122.3851814,37.7683007],[-122.3851586,37.7681478],[-122.3847138,37.7681759],[-122.3846369,37.7680798],[-122.3838948,37.7681267],[-122.383856,37.7677502],[-122.3824699,37.7678377],[-122.3824535,37.7676967],[-122.3849142,37.7675412],[-122.3848603,37.7670176],[-122.3828685,37.7671435],[-122.3828141,37.7667888],[-122.3858738,37.7666044],[-122.3859279,37.7662895],[-122.3865327,37.7654166],[-122.3865552,37.7652908],[-122.3864836,37.765283],[-122.3864493,37.7650636],[-122.3865147,37.7648195],[-122.3864641,37.7644046],[-122.3866167,37.7643272],[-122.3865706,37.764215],[-122.3867523,37.7640298],[-122.3866181,37.7639061],[-122.3869594,37.7636677],[-122.3872856,37.7636101],[-122.3872545,37.7635152],[-122.3869177,37.7635547],[-122.3867884,37.7634204],[-122.3867382,37.7634758],[-122.3865158,37.7633931],[-122.3866101,37.76319],[-122.3863271,37.7631072],[-122.3862276,37.7633214],[-122.3855233,37.7633351],[-122.3855162,37.7632392],[-122.3852919,37.7632451],[-122.3853015,37.7633754],[-122.3851951,37.7633782],[-122.3851169,37.7623246],[-122.3846946,37.7621162],[-122.3843048,37.7621395],[-122.3844752,37.7640517],[-122.3843174,37.764062],[-122.384145,37.7622616],[-122.3834404,37.7623056],[-122.3834638,37.7624709],[-122.3836442,37.7624615],[-122.3836824,37.7625579],[-122.3837575,37.7625494],[-122.3839183,37.7641489],[-122.3838233,37.7642413],[-122.3835948,37.7642586],[-122.3834727,37.7641363],[-122.3833126,37.7641449],[-122.383122,37.7623255],[-122.3823033,37.7623766],[-122.382527,37.7646111],[-122.3823575,37.7646171],[-122.3821354,37.7623871],[-122.3817612,37.7624104],[-122.3817081,37.764743],[-122.3815057,37.7648114],[-122.3814634,37.7649401],[-122.3811861,37.764938],[-122.3811372,37.7648041],[-122.3809967,37.7648039],[-122.3810419,37.7622287],[-122.3833202,37.7620865],[-122.3821999,37.7608837],[-122.3820654,37.7608614],[-122.3820098,37.7606435],[-122.381709,37.7606521],[-122.3818515,37.7621235],[-122.381349,37.7621528],[-122.3811615,37.7601625],[-122.3806239,37.7601928],[-122.3809258,37.7633408],[-122.3807151,37.7633473],[-122.3804136,37.7602047],[-122.3795197,37.7602551],[-122.3798211,37.7634615],[-122.3795466,37.7634711],[-122.3792151,37.7599431],[-122.3812695,37.7596725],[-122.38127,37.759588],[-122.3814827,37.7595783],[-122.3814599,37.7593104],[-122.381317,37.7593136],[-122.3812106,37.7582717],[-122.3814915,37.7575361],[-122.3814194,37.757348],[-122.3814827,37.7573052],[-122.3814604,37.7571199],[-122.3813376,37.7571218],[-122.3813351,37.7565511],[-122.3814132,37.7564103],[-122.3812737,37.7563182],[-122.3812455,37.7558702],[-122.3809532,37.7558047],[-122.3810454,37.7557476],[-122.3807714,37.7555569],[-122.380769,37.7552529],[-122.3813297,37.7550748],[-122.3817268,37.755161],[-122.3840856,37.7549561],[-122.3840898,37.7546636],[-122.3834235,37.7547439],[-122.3830291,37.7545969],[-122.3827963,37.754254],[-122.3829171,37.7541019],[-122.3828711,37.7536136],[-122.3826527,37.753388],[-122.3819429,37.7533018],[-122.3813317,37.7529321],[-122.3798953,37.7528925],[-122.3798769,37.7528054],[-122.3800385,37.7527118],[-122.3799731,37.7520348],[-122.3760998,37.7522538],[-122.3757838,37.7487115],[-122.3849275,37.7481498],[-122.3846644,37.7482071],[-122.3846781,37.7483085],[-122.3847512,37.7483083],[-122.3851299,37.7481141],[-122.3852995,37.7481711],[-122.3861261,37.7480875],[-122.3862844,37.7479111],[-122.386469,37.7479554],[-122.3868035,37.74789],[-122.3871388,37.7476222],[-122.3873516,37.7475961],[-122.3875427,37.7476085],[-122.3876655,37.7478246],[-122.3877826,37.7478562],[-122.3881222,37.7478379],[-122.3881135,37.7477165],[-122.3881666,37.7478306],[-122.3904258,37.7477178],[-122.3906669,37.7478291],[-122.3906876,37.7477731],[-122.3908631,37.7479686],[-122.3911709,37.7480209],[-122.3921739,37.7484784],[-122.3929457,37.7485506],[-122.3930544,37.7484664],[-122.3930905,37.7481338],[-122.3929929,37.7475931],[-122.392924,37.747446],[-122.3925826,37.7474296],[-122.3923229,37.7472275],[-122.3915768,37.7470114],[-122.3915291,37.7471133],[-122.3916461,37.7471726],[-122.3916239,37.7472317],[-122.3912987,37.7471405],[-122.3914633,37.7470908],[-122.3915109,37.7469795],[-122.3905054,37.7466994],[-122.3891802,37.7467771],[-122.3881342,37.7469984],[-122.387718,37.7469439],[-122.3874755,37.7471072],[-122.3870708,37.7471081],[-122.3870188,37.746917],[-122.3827221,37.7471698],[-122.3820319,37.7470666],[-122.3796722,37.7472125],[-122.379621,37.7469849],[-122.3781399,37.7471287],[-122.3761049,37.7471492],[-122.3754227,37.7470008],[-122.3749989,37.7467164],[-122.3747825,37.7464073],[-122.3749584,37.7457855],[-122.3741286,37.7449768],[-122.3739276,37.7449789],[-122.373867,37.7450912],[-122.3733557,37.7453829],[-122.3729692,37.7453924],[-122.372775,37.7455103],[-122.3676442,37.7401385],[-122.3678809,37.7399994],[-122.3682989,37.7399805],[-122.3682874,37.7398331],[-122.3712666,37.739669],[-122.3712776,37.7397979],[-122.3734206,37.7396655],[-122.373982,37.7395662],[-122.3740194,37.739477],[-122.3736113,37.7388099],[-122.3731696,37.7384471],[-122.3725923,37.7382851],[-122.3705556,37.7381577],[-122.3675319,37.7383488],[-122.3674092,37.7382198],[-122.367625,37.7380872],[-122.3686695,37.7379392],[-122.3690397,37.7377705],[-122.3695496,37.7377185],[-122.3705764,37.7373731],[-122.3707965,37.7373715],[-122.3712797,37.7370732],[-122.3719621,37.7370404],[-122.372142,37.7371676],[-122.372936,37.7370475],[-122.3735507,37.7371806],[-122.3743356,37.7377921],[-122.3746635,37.7378807],[-122.3755508,37.7383525],[-122.3759923,37.7384821],[-122.3763335,37.7383985],[-122.3764709,37.738257],[-122.376031,37.7379959],[-122.3755529,37.7379884],[-122.3751807,37.7378315],[-122.3749907,37.7376208],[-122.3748983,37.737324],[-122.3749223,37.7370854],[-122.3752506,37.7362304],[-122.3757499,37.7358335],[-122.3759793,37.7358207],[-122.375841,37.7354977],[-122.3760132,37.7351911],[-122.3758872,37.7350533],[-122.375333,37.7353994],[-122.3750885,37.7352696],[-122.3750714,37.735048],[-122.3748846,37.7349294],[-122.3749604,37.7347459],[-122.3751588,37.7345665],[-122.3749064,37.7344276],[-122.3748809,37.7341758],[-122.3749772,37.7338947],[-122.3751854,37.7338002],[-122.3753953,37.7333167],[-122.3757023,37.7328863],[-122.3755631,37.7328338],[-122.3756302,37.7327598],[-122.3755871,37.732721],[-122.3752103,37.732964],[-122.374983,37.7327579],[-122.3748184,37.7327606],[-122.3746225,37.7328852],[-122.3745712,37.7328253],[-122.374918,37.7326101],[-122.3748357,37.7325354],[-122.3746891,37.7326441],[-122.3744071,37.7325453],[-122.37419,37.7325913],[-122.3735252,37.7329544],[-122.373513,37.7330761],[-122.3730016,37.7334489],[-122.3725293,37.7340035],[-122.3722433,37.7342025],[-122.3719257,37.7342137],[-122.3710819,37.7335493],[-122.3708679,37.733261],[-122.3707525,37.7332416],[-122.3707264,37.7331174],[-122.3695999,37.7324818],[-122.3695279,37.7322064],[-122.3692223,37.7319975],[-122.3687186,37.731961],[-122.3686297,37.7322495],[-122.3683865,37.7322962],[-122.3681538,37.732263],[-122.3677264,37.7319944],[-122.3674745,37.7319518],[-122.366863,37.7323035],[-122.3666912,37.7322199],[-122.3652725,37.7338082],[-122.3652052,37.7337348],[-122.3665548,37.7321889],[-122.3664702,37.7321488],[-122.3663277,37.7322919],[-122.366243,37.7322436],[-122.365573,37.7329999],[-122.3654597,37.7330597],[-122.3653434,37.7330035],[-122.3653616,37.7328955],[-122.3662036,37.7319211],[-122.3660134,37.7318329],[-122.3651706,37.7327743],[-122.365026,37.7328345],[-122.3649511,37.7327612],[-122.3649801,37.7326696],[-122.3658227,37.73172],[-122.3656639,37.7316313],[-122.3648413,37.7325475],[-122.364746,37.732491],[-122.3651217,37.7320708],[-122.3637137,37.7312894],[-122.3628897,37.7321475],[-122.3626357,37.7320107],[-122.3634172,37.73112],[-122.3628665,37.7308056],[-122.3620742,37.7316798],[-122.3617889,37.7315435],[-122.3625811,37.7306484],[-122.3619895,37.730334],[-122.3620991,37.730215],[-122.3619202,37.730095],[-122.3612139,37.7300813],[-122.3608921,37.729911],[-122.3607637,37.7299678],[-122.3608483,37.7301039],[-122.3607545,37.7302381],[-122.359928,37.7303372],[-122.3588036,37.7297882],[-122.35897,37.7297166],[-122.358857,37.7296647],[-122.3589819,37.7295228],[-122.3619834,37.7288135],[-122.3622742,37.7286464],[-122.3622958,37.7285261],[-122.3619531,37.7284478],[-122.3614619,37.7285288],[-122.3577438,37.7294481],[-122.3574924,37.7292502],[-122.3578886,37.7289547],[-122.3600955,37.7284451],[-122.360421,37.7282223],[-122.3603376,37.7281538],[-122.3599765,37.7281583],[-122.3571707,37.7288302],[-122.357133,37.7286661],[-122.3569801,37.7287153],[-122.3577131,37.7262872],[-122.3580269,37.7260443],[-122.3616543,37.7252237],[-122.3612688,37.7241702],[-122.3579753,37.7249487],[-122.3578515,37.7246288],[-122.361537,37.7237798],[-122.3620192,37.7240664],[-122.3620984,37.7239916],[-122.3649132,37.7257031],[-122.3651887,37.7257014],[-122.365337,37.7255169],[-122.3653039,37.725393],[-122.3650662,37.7252312],[-122.3623802,37.7236837],[-122.3627636,37.7232639],[-122.359989,37.7216342],[-122.3602487,37.7213634],[-122.3630114,37.7229841],[-122.3638234,37.7221069],[-122.3591421,37.7193138],[-122.3598326,37.7185224],[-122.3599941,37.7184816],[-122.3627268,37.720076],[-122.3630492,37.7197112],[-122.3631661,37.7196796],[-122.3631852,37.7195611],[-122.3636698,37.7190597],[-122.3625397,37.7184191],[-122.3624692,37.7182926],[-122.3625285,37.7181599],[-122.3585969,37.7158879],[-122.3587358,37.7157364],[-122.362659,37.7180261],[-122.3638791,37.7167319],[-122.3599329,37.7144307],[-122.3600501,37.7143028],[-122.3639878,37.7165857],[-122.364272,37.7162991],[-122.3644097,37.716283],[-122.3652292,37.7153565],[-122.3652066,37.7151823],[-122.3640276,37.7145551],[-122.364062,37.7145154],[-122.3633194,37.7140828],[-122.3632821,37.7141208],[-122.3613582,37.7129401],[-122.3611071,37.7128595],[-122.3611847,37.7127568],[-122.3654017,37.7152415],[-122.3644279,37.7163157],[-122.3646417,37.7164732],[-122.3648649,37.7164298],[-122.3652353,37.7160158],[-122.365563,37.7160012],[-122.3663529,37.7168151],[-122.3677733,37.7176704],[-122.3684612,37.7178024],[-122.3692484,37.7177834],[-122.3695412,37.7178527],[-122.3699153,37.7181029],[-122.3701405,37.7185306],[-122.3705147,37.718728],[-122.3710567,37.718741],[-122.3713148,37.7188749],[-122.3715801,37.7188768],[-122.3717272,37.7189978],[-122.3722422,37.7190432],[-122.3729061,37.7189846],[-122.3735324,37.7188083],[-122.3740085,37.7189104],[-122.3741556,37.7191016],[-122.3741955,37.7194448],[-122.374485,37.7197755],[-122.3755699,37.7204594],[-122.3757615,37.7211198],[-122.3758953,37.7212646],[-122.3758349,37.7215977],[-122.3759663,37.7227142],[-122.3762219,37.7230965],[-122.3767152,37.7234495],[-122.3766693,37.7235932],[-122.377094,37.724246],[-122.3785704,37.7239722],[-122.3789559,37.7238052],[-122.379182,37.7235223],[-122.3793038,37.7230553],[-122.3798132,37.7227969],[-122.3800248,37.7222258],[-122.38053,37.7218314],[-122.3808048,37.7217636],[-122.3816947,37.7221773],[-122.3821451,37.7221654],[-122.3820665,37.7222074],[-122.3825674,37.722394],[-122.3828599,37.7226273],[-122.3829515,37.722595],[-122.3829111,37.722634],[-122.3830014,37.7227101],[-122.3838337,37.7231971],[-122.3839256,37.7234474],[-122.3843724,37.7235468],[-122.3848963,37.7239084],[-122.3850528,37.7241139],[-122.3856061,37.7241422],[-122.3861743,37.7244597],[-122.3864011,37.7244829],[-122.3869234,37.7242885],[-122.3869371,37.724168],[-122.3855624,37.7233914],[-122.3847499,37.7230481],[-122.3837369,37.7223638],[-122.3828411,37.7218878],[-122.3827331,37.7217121],[-122.3828192,37.7213577],[-122.3834109,37.720526],[-122.3834101,37.720355],[-122.3832626,37.7202919],[-122.3832104,37.7200952],[-122.3817701,37.7193612],[-122.3813082,37.7187883],[-122.380388,37.7187066],[-122.3801902,37.7185112],[-122.3797136,37.7183537],[-122.3790923,37.717789],[-122.3772052,37.7168555],[-122.3761441,37.7161134],[-122.3762032,37.7158776],[-122.3766969,37.7152947],[-122.3766558,37.7152158],[-122.3770997,37.714782],[-122.3773429,37.7143731],[-122.3783403,37.7136364],[-122.378674,37.7132493],[-122.37891,37.7130992],[-122.3797137,37.7117987],[-122.38003,37.7115594],[-122.3801338,37.7110321],[-122.3800635,37.7106201],[-122.3794037,37.7103088],[-122.3790113,37.7100037],[-122.378699,37.7094978],[-122.378478,37.7093014],[-122.378365,37.7088646],[-122.3779381,37.7086063],[-122.3777377,37.708589],[-122.3768652,37.7089116],[-122.3765098,37.7093643],[-122.3764032,37.7096465],[-122.376075,37.7096968],[-122.3756005,37.7095966],[-122.3753659,37.7094],[-122.3746152,37.7090488],[-122.3743892,37.7087741],[-122.3744434,37.7086349],[-122.374746,37.7085079],[-122.3760389,37.7083903],[-122.3788209,37.7084724],[-122.3794127,37.7084251],[-122.380463,37.708793],[-122.381802,37.7088706],[-122.3822567,37.7090694],[-122.3845395,37.7093024],[-122.3860307,37.7100041],[-122.3864061,37.7099473],[-122.3868049,37.7097775],[-122.3868486,37.709662],[-122.3874105,37.7093568],[-122.3880934,37.7086759],[-122.388747,37.70893],[-122.3897243,37.7096226],[-122.3899837,37.7095592],[-122.3905602,37.7091952],[-122.3915157,37.7097018],[-122.3917294,37.709612],[-122.392106,37.7092762],[-122.3922951,37.7090023],[-122.3931803,37.7084073],[-122.5027877,37.7080941],[-122.5029839,37.7091152],[-122.5031954,37.7096482],[-122.5034687,37.7109067],[-122.5034016,37.7110308],[-122.50362,37.7118208],[-122.5039381,37.7119821],[-122.5040017,37.7121423],[-122.5041678,37.7132817],[-122.5044288,37.7141776],[-122.5055472,37.7173082],[-122.5058083,37.718335],[-122.5057716,37.7185236],[-122.5060516,37.7190939],[-122.5061329,37.7206626],[-122.5065347,37.7216636],[-122.507669,37.728429],[-122.5078284,37.7291688],[-122.5080598,37.7297602],[-122.5081898,37.7309578],[-122.508024,37.7311979],[-122.5080388,37.7316425],[-122.508426,37.7328928],[-122.5083071,37.7330659],[-122.5082672,37.7333951],[-122.5082856,37.7348204],[-122.5085494,37.7353315],[-122.5084645,37.7363224],[-122.5087993,37.7375574],[-122.50877,37.7383969],[-122.5089078,37.739008],[-122.5087376,37.7402595],[-122.509049,37.7411438],[-122.50926,37.7413498],[-122.5090651,37.7421729],[-122.5090671,37.7424616],[-122.5093164,37.7434355],[-122.5096957,37.7444444],[-122.5096288,37.7447902],[-122.5094566,37.7449329],[-122.5093491,37.7459433],[-122.5096108,37.7471599],[-122.5098418,37.747731],[-122.5097265,37.7490886],[-122.5098754,37.7495046],[-122.5104477,37.7503536],[-122.5105627,37.7508499],[-122.5105509,37.7516054],[-122.5110409,37.7525507],[-122.5110213,37.7531944],[-122.511318,37.7543522],[-122.5111874,37.7545094],[-122.5111436,37.7552053],[-122.5114557,37.7563321],[-122.5115615,37.7574674],[-122.5119672,37.7597969],[-122.5118764,37.7609105],[-122.5122164,37.7616098],[-122.5124855,37.7625224],[-122.5122878,37.7632044],[-122.5123829,37.7635906],[-122.5127892,37.7643667],[-122.5127993,37.7647393],[-122.5126451,37.7656368],[-122.5127133,37.7660757],[-122.5128945,37.76652],[-122.5129067,37.7669672],[-122.513079,37.7670836],[-122.513121,37.7672469],[-122.513054,37.7678969],[-122.513159,37.7700353],[-122.5130966,37.7705062],[-122.51316,37.7707661],[-122.5131102,37.7719073],[-122.513194,37.7723951],[-122.5131222,37.77317],[-122.5131837,37.7751135],[-122.5131293,37.7759969],[-122.5133638,37.7773352],[-122.5135255,37.7776077],[-122.5139833,37.7777476],[-122.5146431,37.7785112],[-122.514675,37.7786486],[-122.5145072,37.7792479],[-122.514581,37.7794232],[-122.5148676,37.7795298],[-122.5149608,37.7797243],[-122.5149105,37.7798533],[-122.5146539,37.7798257],[-122.5145786,37.779902],[-122.5144881,37.780431],[-122.5144801,37.7806076],[-122.514661,37.7808662],[-122.5147374,37.7811388],[-122.5145988,37.7813054],[-122.5143067,37.7812841],[-122.5142555,37.7814695],[-122.5137726,37.7814819],[-122.5138965,37.7816197],[-122.5134801,37.7821969],[-122.5136033,37.7824017],[-122.5134737,37.7825256],[-122.5135118,37.7827055],[-122.5133257,37.7828223],[-122.5131124,37.7827793],[-122.5129993,37.7830409],[-122.5130395,37.7832045],[-122.5128922,37.7832415],[-122.5128194,37.7834801],[-122.5125319,37.783625],[-122.512479,37.7837476],[-122.512727,37.7839361],[-122.5126937,37.7841254],[-122.5125796,37.7841577],[-122.5121249,37.7837983],[-122.5119297,37.7839538],[-122.5120245,37.7842423],[-122.5119246,37.7843312],[-122.5113149,37.7842889],[-122.5113197,37.7845586],[-122.5112425,37.7845935],[-122.5110378,37.7844902],[-122.5107601,37.7846765],[-122.5100077,37.7847321],[-122.5098216,37.7848207],[-122.5094962,37.7852321],[-122.5092837,37.7853425],[-122.509131,37.785596],[-122.5085791,37.7858002],[-122.5082309,37.7861239],[-122.5079768,37.7861721],[-122.5077371,37.7864395],[-122.5076471,37.7867315],[-122.5073508,37.7869492],[-122.5069857,37.7874586],[-122.5065394,37.787483],[-122.5061452,37.7878612],[-122.5060649,37.7881968],[-122.5052154,37.7882653],[-122.5050336,37.7881569],[-122.5045181,37.7880645],[-122.5040793,37.7881259],[-122.5033869,37.7880229],[-122.5029393,37.7881618],[-122.502849,37.7880548],[-122.5027178,37.7880448],[-122.5021191,37.788116],[-122.5020844,37.7881868],[-122.5018911,37.7881192],[-122.5018138,37.7882522],[-122.5017388,37.7881555],[-122.5009609,37.7883544],[-122.5005641,37.7883207],[-122.5002862,37.7884334],[-122.5002646,37.788579],[-122.49998,37.7884454],[-122.4998241,37.7884951],[-122.4997749,37.788667],[-122.4997401,37.7886146],[-122.4995912,37.7887088],[-122.499446,37.7884669],[-122.4990551,37.7883452],[-122.4988595,37.7884198],[-122.4988238,37.7882371],[-122.4986236,37.7883342],[-122.4986165,37.7881653],[-122.4984061,37.7881688],[-122.4983799,37.7880532],[-122.4982716,37.7880367],[-122.4981546,37.787888],[-122.4979782,37.7879134],[-122.4978756,37.7878214],[-122.4978514,37.7879648],[-122.497634,37.7879516],[-122.4975165,37.7878591],[-122.4974719,37.7875915],[-122.497229,37.7875977],[-122.4971195,37.7874859],[-122.4965597,37.7872921],[-122.4956398,37.78756],[-122.4952957,37.7877448],[-122.4948171,37.7878373],[-122.4947147,37.7881429],[-122.4945283,37.7880211],[-122.4945056,37.7878088],[-122.4943632,37.7878956],[-122.4943656,37.787828],[-122.4941734,37.7878009],[-122.4940154,37.7875854],[-122.4929839,37.7877467],[-122.4928681,37.7877914],[-122.4928433,37.7878875],[-122.4926918,37.7877563],[-122.4922295,37.787845],[-122.4908726,37.7885592],[-122.4898423,37.7894871],[-122.4893143,37.7894171],[-122.4890043,37.7892881],[-122.4884953,37.7894471],[-122.4881132,37.7894341],[-122.4878772,37.7895931],[-122.4875775,37.7894398],[-122.4873823,37.7894348],[-122.4871338,37.7896158],[-122.4867425,37.7900471],[-122.4862579,37.7904194],[-122.4861224,37.7906927],[-122.485754,37.7910266],[-122.4852983,37.7917179],[-122.4847661,37.7922204],[-122.4836063,37.7940401],[-122.4833071,37.7946762],[-122.4835311,37.794735],[-122.4821936,37.7978377],[-122.4820923,37.7984772],[-122.4818445,37.7985789],[-122.4819466,37.7987799],[-122.4817962,37.7986911],[-122.4817111,37.7988622],[-122.4815674,37.7987532],[-122.4816987,37.798935],[-122.4815755,37.7990407],[-122.4814012,37.7994547],[-122.4811195,37.799618],[-122.481,37.799943],[-122.4809875,37.8003359],[-122.4807706,37.800448],[-122.4802155,37.8014219],[-122.4799122,37.8029025],[-122.4793706,37.8038664],[-122.4787423,37.8054976],[-122.4784184,37.8080983],[-122.4779094,37.808454],[-122.4779891,37.8105483],[-122.4777046,37.8106329],[-122.4777514,37.8109479],[-122.4773273,37.8110303],[-122.4764797,37.8108414],[-122.476257,37.8104291],[-122.4761682,37.8098636],[-122.4760619,37.8096448],[-122.4755538,37.8093916],[-122.4748148,37.8091843],[-122.4726796,37.809039],[-122.471254,37.8088023],[-122.4706143,37.8086039],[-122.470046,37.8094351],[-122.4699362,37.8094401],[-122.4694163,37.8092087],[-122.4694589,37.809073],[-122.4700601,37.8092937],[-122.4705501,37.8085875],[-122.4693177,37.807732],[-122.4688033,37.8070078],[-122.4683162,37.8068228],[-122.4681618,37.8069855],[-122.4680554,37.8069177],[-122.4682182,37.8067482],[-122.4681682,37.8067051],[-122.4672168,37.8060172],[-122.4666839,37.8058078],[-122.4660711,37.8064211],[-122.4659018,37.8063133],[-122.4659668,37.8062459],[-122.466137,37.8063295],[-122.4666651,37.8057959],[-122.4642437,37.8050091],[-122.4635925,37.8048848],[-122.462443,37.8050187],[-122.4616151,37.804962],[-122.4583847,37.8054907],[-122.4573999,37.8057604],[-122.4560277,37.8059915],[-122.4544967,37.8064741],[-122.4538289,37.8062981],[-122.452452,37.8062722],[-122.4516673,37.8063578],[-122.4493173,37.8068424],[-122.4487417,37.8067065],[-122.4481843,37.8068737],[-122.447194,37.8074821],[-122.4436982,37.8077267],[-122.4425372,37.8080289],[-122.4409644,37.808201],[-122.4405412,37.8083656],[-122.4400454,37.8088378],[-122.4399413,37.808784],[-122.440284,37.8082344],[-122.4404134,37.8081581],[-122.441821,37.8079911],[-122.4418129,37.807918],[-122.4415036,37.8079489],[-122.4414122,37.8078378],[-122.4416379,37.8079169],[-122.4415715,37.8078104],[-122.4416719,37.8079135],[-122.4418013,37.8078876],[-122.4417307,37.8077924],[-122.4418329,37.8078975],[-122.4419491,37.8078858],[-122.4418868,37.8077762],[-122.4419907,37.8079003],[-122.4418289,37.8079164],[-122.441837,37.8079894],[-122.4423339,37.807937],[-122.4424607,37.8077944],[-122.4423599,37.8078405],[-122.4420465,37.8078797],[-122.4420225,37.8077392],[-122.4420719,37.8078572],[-122.442221,37.8078385],[-122.4422215,37.8076805],[-122.4422504,37.8078232],[-122.4423283,37.8078251],[-122.4423063,37.8076706],[-122.4423805,37.8077868],[-122.4424129,37.8076506],[-122.4423986,37.8077877],[-122.4424568,37.8077787],[-122.4424229,37.8076448],[-122.4426984,37.8076006],[-122.4427258,37.8077979],[-122.4427933,37.8078118],[-122.4427464,37.8075344],[-122.4428971,37.8075235],[-122.4427701,37.8075569],[-122.4429037,37.8075732],[-122.4427769,37.8076038],[-122.4429096,37.8076175],[-122.4427834,37.8076487],[-122.4429163,37.807668],[-122.442791,37.8077011],[-122.4429219,37.8077106],[-122.4427968,37.807741],[-122.4429282,37.8077578],[-122.4428093,37.8078098],[-122.4429161,37.8077988],[-122.4433044,37.8077038],[-122.4431667,37.8076812],[-122.4432829,37.8076283],[-122.4431554,37.807623],[-122.4432777,37.8076017],[-122.443149,37.8075898],[-122.4432686,37.8075547],[-122.4431395,37.8075405],[-122.4432432,37.8074851],[-122.4431312,37.8074976],[-122.4432477,37.8074464],[-122.4431196,37.8074375],[-122.4433729,37.8074092],[-122.4432703,37.8074417],[-122.4433811,37.8074518],[-122.4432785,37.8074841],[-122.4433907,37.8075014],[-122.4432881,37.8075336],[-122.4433996,37.8075471],[-122.4432971,37.8075803],[-122.4434088,37.8075947],[-122.4433062,37.8076275],[-122.4434179,37.807642],[-122.4433214,37.8077006],[-122.4436857,37.8076025],[-122.443678,37.8074813],[-122.4438857,37.8074456],[-122.4438565,37.8073731],[-122.4436578,37.807428],[-122.4435395,37.8073226],[-122.4436258,37.8073954],[-122.4436023,37.8073095],[-122.4436902,37.8073837],[-122.4436699,37.8073018],[-122.4437825,37.8073669],[-122.4437249,37.8072877],[-122.4438122,37.8073614],[-122.443787,37.8072786],[-122.4439584,37.8073348],[-122.4438652,37.8072233],[-122.4440368,37.8073205],[-122.4439221,37.8071935],[-122.4440663,37.8073151],[-122.4441176,37.8072856],[-122.4440435,37.807207],[-122.4442068,37.8072873],[-122.4440839,37.8071578],[-122.4442758,37.8072669],[-122.444159,37.8071366],[-122.4443037,37.8072586],[-122.4443441,37.8072259],[-122.4442356,37.8071183],[-122.4443764,37.8072371],[-122.4444176,37.8072047],[-122.4443109,37.8070986],[-122.4444495,37.8072155],[-122.4445597,37.807183],[-122.4444514,37.8070565],[-122.4446706,37.8071707],[-122.4444545,37.8072346],[-122.4444979,37.8073061],[-122.44527,37.8070758],[-122.4450718,37.8070369],[-122.4451909,37.8069907],[-122.44513,37.8069565],[-122.444855,37.8069954],[-122.4450715,37.8069237],[-122.4448431,37.8069193],[-122.4448898,37.8068391],[-122.44463,37.8068647],[-122.4449321,37.806822],[-122.445021,37.8068718],[-122.4450065,37.8067991],[-122.4451353,37.8069359],[-122.4450786,37.80678],[-122.4452446,37.8069972],[-122.4453688,37.8069604],[-122.4452803,37.8067216],[-122.4453882,37.8069547],[-122.4454826,37.8069267],[-122.4453857,37.8066913],[-122.4455021,37.8069209],[-122.4455751,37.8068993],[-122.4454781,37.8066638],[-122.4455946,37.8068935],[-122.4457176,37.806857],[-122.4456658,37.8067323],[-122.445909,37.8068208],[-122.4457671,37.8069023],[-122.4463978,37.8067202],[-122.4459948,37.8067875],[-122.4456107,37.8066311],[-122.4460143,37.8067612],[-122.4461631,37.8067174],[-122.445731,37.8065404],[-122.4461905,37.8067093],[-122.4462959,37.8066782],[-122.446018,37.8065047],[-122.4463187,37.8066715],[-122.4464338,37.8066376],[-122.4461797,37.8064581],[-122.4464566,37.8066308],[-122.4465671,37.8065983],[-122.4464199,37.8064855],[-122.4466564,37.8065887],[-122.4469525,37.8064969],[-122.4467476,37.8066204],[-122.4470098,37.8065386],[-122.4469871,37.8064373],[-122.4468643,37.8064482],[-122.4469833,37.8063828],[-122.4467926,37.8063996],[-122.4469864,37.8063292],[-122.4467806,37.8063478],[-122.4469703,37.8063011],[-122.446935,37.8062169],[-122.4468134,37.8062309],[-122.4469479,37.8061912],[-122.4469331,37.8061189],[-122.4467893,37.8061144],[-122.4469225,37.8060669],[-122.4467136,37.8060791],[-122.4469126,37.8060155],[-122.4466983,37.8060257],[-122.4469069,37.805986],[-122.4468806,37.8059067],[-122.4466841,37.8059253],[-122.4468875,37.8058849],[-122.4468593,37.805803],[-122.4466747,37.8058261],[-122.4468631,37.8057582],[-122.4466623,37.8057759],[-122.4468582,37.8057322],[-122.4466523,37.8057258],[-122.4468485,37.8056817],[-122.4466433,37.8056796],[-122.4468394,37.8056346],[-122.4467509,37.8056229],[-122.4468215,37.8055414],[-122.4467336,37.8055418],[-122.4468136,37.8055003],[-122.4467144,37.8055039],[-122.4468077,37.8054768],[-122.4467847,37.8054107],[-122.446002,37.80551],[-122.4460216,37.8055838],[-122.4465635,37.8055335],[-122.4464633,37.8056174],[-122.4464166,37.8055524],[-122.4464176,37.8056914],[-122.4463493,37.8055611],[-122.4463526,37.8057002],[-122.4462897,37.8055687],[-122.4462893,37.8057088],[-122.4462619,37.8055818],[-122.4461625,37.8055851],[-122.4461631,37.8057259],[-122.4460952,37.8055938],[-122.4460977,37.8057348],[-122.4460316,37.805602],[-122.4460353,37.8057433],[-122.4460078,37.8056156],[-122.4459655,37.8057522],[-122.4458884,37.8056295],[-122.4458994,37.8057599],[-122.4458273,37.8056283],[-122.4458295,37.8057698],[-122.4458051,37.8056422],[-122.4457629,37.8057781],[-122.4456959,37.8056452],[-122.4456943,37.805789],[-122.4456509,37.805651],[-122.4456335,37.8057936],[-122.4455788,37.8056602],[-122.4455568,37.8058023],[-122.4455027,37.80567],[-122.4454823,37.8057843],[-122.44539,37.8056988],[-122.4454127,37.8058173],[-122.4453604,37.8056884],[-122.4453387,37.8058177],[-122.4452889,37.8056976],[-122.4452674,37.8058286],[-122.4452176,37.8057067],[-122.4451979,37.805836],[-122.4451514,37.8057153],[-122.4451328,37.8058442],[-122.4450833,37.805724],[-122.4450657,37.805852],[-122.4450156,37.8057327],[-122.4449126,37.8057543],[-122.4449348,37.8058702],[-122.4448879,37.8057492],[-122.4448755,37.8058788],[-122.4448258,37.8057572],[-122.4448069,37.8058887],[-122.4447604,37.8057656],[-122.4447389,37.8058985],[-122.4446904,37.8057746],[-122.4446781,37.8059073],[-122.444632,37.8057819],[-122.4446108,37.805917],[-122.4445624,37.8057905],[-122.4445402,37.8059052],[-122.4444954,37.8057988],[-122.4444748,37.8059132],[-122.4444266,37.8058073],[-122.4444126,37.8059208],[-122.4443665,37.8058148],[-122.4443518,37.8059282],[-122.4443023,37.8058228],[-122.4442888,37.8059359],[-122.4442418,37.8058303],[-122.4442282,37.8059433],[-122.4441804,37.8058379],[-122.444167,37.8059508],[-122.4441224,37.8058451],[-122.444028,37.8058674],[-122.4440459,37.8059656],[-122.4439721,37.8058638],[-122.4439815,37.8059754],[-122.4439495,37.8058764],[-122.4439117,37.8059846],[-122.4438934,37.8058846],[-122.4437957,37.8058887],[-122.4437874,37.8060009],[-122.4437286,37.8058969],[-122.4437234,37.8060093],[-122.4436676,37.8059042],[-122.443661,37.8060175],[-122.443606,37.8059116],[-122.4435997,37.8060255],[-122.4435484,37.8059185],[-122.4435423,37.806033],[-122.4434857,37.805926],[-122.4434814,37.806041],[-122.4434215,37.8059337],[-122.4434187,37.8060492],[-122.4433823,37.8059386],[-122.4433723,37.8060542],[-122.4433221,37.8059463],[-122.4433128,37.8060616],[-122.4432661,37.8059535],[-122.4432513,37.8060692],[-122.4432033,37.8059616],[-122.4431939,37.8060763],[-122.4431478,37.8059687],[-122.4430635,37.8059882],[-122.443081,37.8060903],[-122.4430301,37.8059837],[-122.4430269,37.806097],[-122.4429943,37.8059882],[-122.4429708,37.8061039],[-122.4429218,37.8059973],[-122.4428433,37.8060168],[-122.4428606,37.8061176],[-122.4428121,37.806011],[-122.4427351,37.8060324],[-122.442752,37.806131],[-122.4426488,37.8060315],[-122.4426411,37.8061447],[-122.442561,37.806023],[-122.443042,37.8059628],[-122.4430323,37.8058916],[-122.442529,37.8059562],[-122.4424407,37.8060559],[-122.4425991,37.8065838],[-122.4431453,37.806518],[-122.4431294,37.8064476],[-122.4426268,37.8064989],[-122.4426632,37.8063651],[-122.4427004,37.806472],[-122.4427192,37.8063614],[-122.4427752,37.8064644],[-122.4427732,37.8063559],[-122.4428137,37.8064605],[-122.4428866,37.806453],[-122.4428809,37.8063418],[-122.442941,37.8064475],[-122.4429353,37.8063362],[-122.4429795,37.8064436],[-122.4429885,37.8063308],[-122.4430522,37.8064361],[-122.4430464,37.8063249],[-122.4430907,37.8064322],[-122.4431056,37.8063189],[-122.4431498,37.8064262],[-122.4431635,37.8063136],[-122.4432284,37.8064182],[-122.4432218,37.8063065],[-122.4432614,37.8064148],[-122.4433433,37.8064064],[-122.4433388,37.8062943],[-122.4433791,37.8064028],[-122.4434596,37.8063946],[-122.443452,37.8062834],[-122.4435187,37.8063886],[-122.4435097,37.8062773],[-122.4435512,37.8063852],[-122.4435724,37.8062711],[-122.4436112,37.8063791],[-122.4436901,37.8063711],[-122.4436848,37.8062584],[-122.4437219,37.8063678],[-122.4438088,37.806359],[-122.4438057,37.8062451],[-122.4438442,37.8063554],[-122.4438667,37.806239],[-122.4439096,37.8063487],[-122.4439263,37.806234],[-122.4439691,37.8063426],[-122.4439898,37.8062289],[-122.4440444,37.8063349],[-122.4440496,37.8062216],[-122.4440905,37.806329],[-122.4441132,37.8062177],[-122.4441775,37.8063178],[-122.4441804,37.8062019],[-122.4442113,37.8063135],[-122.4442295,37.8062054],[-122.4443081,37.8062908],[-122.4442898,37.8061887],[-122.444334,37.8062977],[-122.4444305,37.8062766],[-122.4444117,37.8061717],[-122.4444565,37.8062819],[-122.4445589,37.8062569],[-122.4445413,37.806157],[-122.444585,37.8062654],[-122.4446783,37.8062533],[-122.444668,37.8061485],[-122.4447122,37.806249],[-122.4447379,37.8061405],[-122.4447786,37.8062404],[-122.4447924,37.8061551],[-122.444833,37.8062334],[-122.4449064,37.8062144],[-122.4448938,37.8061431],[-122.444933,37.8062206],[-122.4450079,37.8062007],[-122.4449951,37.8061282],[-122.4450342,37.8062075],[-122.4451063,37.8061982],[-122.4451012,37.8061167],[-122.4452158,37.8061842],[-122.4452115,37.8061011],[-122.445271,37.806177],[-122.4452665,37.8060916],[-122.4452981,37.8061736],[-122.4453193,37.8060884],[-122.4453794,37.8061631],[-122.4453746,37.806076],[-122.4454132,37.8061587],[-122.4454345,37.8060727],[-122.4454721,37.8061512],[-122.4454923,37.8060706],[-122.4455563,37.8061403],[-122.445564,37.8060625],[-122.4456027,37.8062355],[-122.4455585,37.8061595],[-122.4455303,37.8062453],[-122.4454794,37.8061697],[-122.4454719,37.8062532],[-122.4454446,37.8061742],[-122.4453661,37.8061843],[-122.4453572,37.8062687],[-122.4452577,37.8061982],[-122.4452458,37.8062838],[-122.4452017,37.8062054],[-122.4451874,37.8062917],[-122.4451481,37.8062123],[-122.4451378,37.8062984],[-122.4450438,37.8062258],[-122.4450332,37.8063126],[-122.4449922,37.8062324],[-122.444981,37.8063196],[-122.4449536,37.8062374],[-122.4449278,37.8063236],[-122.4448373,37.8062524],[-122.4448256,37.806337],[-122.444798,37.8062574],[-122.4447238,37.8063486],[-122.4446337,37.8062786],[-122.4446222,37.8063634],[-122.4445324,37.8062916],[-122.4445254,37.8064126],[-122.444507,37.8063068],[-122.4443997,37.8063087],[-122.4443927,37.8064323],[-122.4443385,37.8063166],[-122.4443301,37.8064476],[-122.4442686,37.8063256],[-122.4442651,37.8064524],[-122.444246,37.8063423],[-122.4441398,37.8063421],[-122.4441407,37.806465],[-122.4440988,37.8063474],[-122.4439677,37.8063621],[-122.4440065,37.8065297],[-122.4441391,37.806515],[-122.444011,37.8065515],[-122.4441484,37.8065638],[-122.4440404,37.8066235],[-122.4441593,37.8066215],[-122.4440301,37.8066612],[-122.444168,37.8066673],[-122.4440391,37.8067131],[-122.4441782,37.8067208],[-122.4440489,37.8067692],[-122.4441897,37.8067815],[-122.4439162,37.806814],[-122.4440256,37.8067744],[-122.443907,37.8067652],[-122.4440177,37.8067324],[-122.4438932,37.8066711],[-122.4440004,37.8066408],[-122.4438815,37.8066299],[-122.4439921,37.8065966],[-122.4438737,37.8065886],[-122.4439853,37.8065603],[-122.4438655,37.8065452],[-122.4439867,37.8064895],[-122.4438685,37.8064788],[-122.4435914,37.8065594],[-122.443651,37.8068693],[-122.4436345,37.806941],[-122.44362,37.8068826],[-122.4435267,37.8069744],[-122.4435148,37.8069113],[-122.4434223,37.8070017],[-122.4434217,37.806943],[-122.4433311,37.8069615],[-122.443315,37.8070315],[-122.4433144,37.8069727],[-122.4432254,37.8069903],[-122.4432091,37.8070612],[-122.4431941,37.8069989],[-122.443102,37.8070899],[-122.443089,37.8070276],[-122.4429956,37.8071179],[-122.4429948,37.8070599],[-122.442909,37.8070767],[-122.4428805,37.8071485],[-122.4428446,37.8069988],[-122.4428999,37.8070589],[-122.442959,37.8069692],[-122.443003,37.8070307],[-122.4430541,37.8069453],[-122.4430947,37.8070057],[-122.4431526,37.8069314],[-122.4431894,37.8069798],[-122.4432448,37.8069065],[-122.4432803,37.806955],[-122.4433367,37.8068829],[-122.4435207,37.8068893],[-122.4435217,37.8068324],[-122.4436248,37.8068609],[-122.4435817,37.8066476],[-122.4435089,37.8067146],[-122.4433212,37.8066858],[-122.4433207,37.8067423],[-122.4432264,37.8066997],[-122.4432232,37.8067572],[-122.443034,37.8067279],[-122.4430322,37.8067978],[-122.4429385,37.8067414],[-122.4429364,37.8068117],[-122.4429017,37.806746],[-122.4428408,37.8068241],[-122.4428066,37.806758],[-122.4427415,37.8068365],[-122.4426365,37.8067794],[-122.4426321,37.8068502],[-122.4425563,37.8067728],[-122.4429089,37.8067267],[-122.4428972,37.8066503],[-122.442563,37.8067214],[-122.4425109,37.806842],[-122.4425664,37.8070754],[-122.4424831,37.8071381],[-122.4423755,37.8070868],[-122.4422772,37.8067798],[-122.4423478,37.8071968],[-122.4425931,37.807187],[-122.4423292,37.8072276],[-122.4423097,37.807125],[-122.4422209,37.8072536],[-122.4422316,37.8071419],[-122.4421486,37.8072688],[-122.4421551,37.8071586],[-122.4420825,37.8072823],[-122.4420871,37.8071734],[-122.4419648,37.8071999],[-122.441922,37.8073208],[-122.4419296,37.8072076],[-122.4418134,37.8073112],[-122.4418096,37.8072336],[-122.4416978,37.8073342],[-122.441692,37.8072592],[-122.4415751,37.8073603],[-122.4415726,37.8072851],[-122.4415148,37.8073693],[-122.4415063,37.8072996],[-122.4414431,37.8073891],[-122.4414382,37.8073143],[-122.4413359,37.8074002],[-122.4413315,37.8073375],[-122.4412549,37.8073542],[-122.4412301,37.8074241],[-122.4412217,37.8073614],[-122.4411178,37.8074476],[-122.4411076,37.8073862],[-122.4410216,37.8074049],[-122.4410023,37.8074732],[-122.4409728,37.8073169],[-122.4410204,37.8073852],[-122.4411017,37.8073675],[-122.4410846,37.8072875],[-122.4412119,37.8073436],[-122.4411948,37.8072622],[-122.4412485,37.8073356],[-122.4413248,37.8073077],[-122.4413028,37.80724],[-122.4413496,37.8073137],[-122.4414248,37.8072884],[-122.4414022,37.8072188],[-122.4415181,37.8072771],[-122.441502,37.8071958],[-122.4415514,37.8072698],[-122.4416124,37.8071877],[-122.441657,37.8072469],[-122.4417182,37.807165],[-122.4417636,37.8072237],[-122.4418185,37.8071433],[-122.4419256,37.8071885],[-122.4419142,37.8071219],[-122.4419565,37.8071818],[-122.4420063,37.8071023],[-122.4420512,37.8071612],[-122.4420988,37.8070833],[-122.4421428,37.8071413],[-122.44219,37.8070646],[-122.4423061,37.8071058],[-122.4422562,37.8068417],[-122.4421813,37.8069164],[-122.4420857,37.8068612],[-122.4420851,37.8069294],[-122.4420521,37.806865],[-122.4419895,37.8069401],[-122.4418953,37.8068829],[-122.4418945,37.806952],[-122.4417994,37.8068939],[-122.4417971,37.8069646],[-122.4416976,37.8069055],[-122.4416938,37.8069772],[-122.4416592,37.8069099],[-122.4415838,37.8069879],[-122.4414788,37.8069304],[-122.4414823,37.8070146],[-122.4413782,37.8069455],[-122.4413834,37.8070296],[-122.4413253,37.8069537],[-122.4413312,37.8070362],[-122.4412734,37.8069618],[-122.4412781,37.807046],[-122.4411645,37.8069771],[-122.4411687,37.8070618],[-122.4410515,37.806993],[-122.4410555,37.8070758],[-122.4410167,37.8069978],[-122.4409254,37.8070868],[-122.4409095,37.8069934],[-122.4414454,37.8068874],[-122.4365768,37.8075369],[-122.4358423,37.8075748],[-122.4358726,37.8076968],[-122.433938,37.80795],[-122.4338238,37.8079121],[-122.4336601,37.8081887],[-122.432919,37.8079317],[-122.4336551,37.8081778],[-122.4337778,37.8078789],[-122.4339465,37.8079349],[-122.4358521,37.8076856],[-122.4339302,37.8079089],[-122.4339081,37.8077987],[-122.4339414,37.8078908],[-122.4340534,37.8078767],[-122.4340419,37.8077818],[-122.4340831,37.8078729],[-122.4341737,37.8078615],[-122.4341621,37.8077666],[-122.4342034,37.8078577],[-122.434298,37.8078457],[-122.4342864,37.8077509],[-122.4343277,37.807842],[-122.4344208,37.8078302],[-122.4344093,37.8077353],[-122.4344505,37.8078265],[-122.4345348,37.8078158],[-122.4345233,37.8077209],[-122.4345645,37.8078121],[-122.4346495,37.8078013],[-122.4346379,37.8077064],[-122.4346791,37.8077976],[-122.4347639,37.8077868],[-122.4347524,37.807692],[-122.4347936,37.8077831],[-122.4348841,37.8077716],[-122.4348726,37.8076768],[-122.4349138,37.8077679],[-122.4349888,37.8077584],[-122.4349911,37.8076618],[-122.4350188,37.8077546],[-122.4350986,37.8077445],[-122.4350875,37.8076496],[-122.4351291,37.8077407],[-122.4352055,37.807731],[-122.4352083,37.8076343],[-122.4352364,37.8077271],[-122.4353154,37.8077171],[-122.4353184,37.8076204],[-122.4353467,37.8077132],[-122.4354156,37.8077044],[-122.4354051,37.8076094],[-122.4354473,37.8077004],[-122.4355218,37.807691],[-122.4355251,37.8075943],[-122.4355538,37.807687],[-122.4356223,37.8076783],[-122.4356122,37.8075833],[-122.4357239,37.8076655],[-122.4357276,37.8075687],[-122.4357485,37.8076637],[-122.4358436,37.8076513],[-122.4356721,37.8072659],[-122.4356673,37.807366],[-122.4356222,37.8072751],[-122.4355495,37.8073808],[-122.4355181,37.8072882],[-122.4354484,37.8073935],[-122.4353553,37.8073086],[-122.4353614,37.8074044],[-122.4353162,37.8073135],[-122.4352489,37.8073219],[-122.4352413,37.8074194],[-122.4352098,37.8073268],[-122.4351415,37.8073354],[-122.4351476,37.8074312],[-122.4350331,37.807349],[-122.4350255,37.8074465],[-122.434994,37.8073539],[-122.4349242,37.8073626],[-122.4349166,37.8074602],[-122.4348851,37.8073675],[-122.4348118,37.8073767],[-122.4348042,37.8074742],[-122.4347728,37.8073816],[-122.4347041,37.8073902],[-122.4346965,37.8074878],[-122.434665,37.8073951],[-122.4345891,37.8074047],[-122.4345951,37.8075005],[-122.43455,37.8074096],[-122.4344757,37.8074189],[-122.4344681,37.8075164],[-122.4344366,37.8074238],[-122.4343625,37.8074331],[-122.4343549,37.8075306],[-122.4343234,37.807438],[-122.4342445,37.8074479],[-122.4342505,37.8075437],[-122.4342054,37.8074528],[-122.4341245,37.8074629],[-122.4341169,37.8075604],[-122.4340855,37.8074678],[-122.4340063,37.8074777],[-122.4340123,37.8075735],[-122.4339672,37.8074826],[-122.4338827,37.8074932],[-122.4338887,37.807589],[-122.4338436,37.8074981],[-122.4337577,37.8075089],[-122.4337638,37.8076047],[-122.4337187,37.8075138],[-122.4336188,37.8075263],[-122.4336122,37.8076237],[-122.4335742,37.807433],[-122.4336155,37.80751],[-122.4336913,37.8075005],[-122.433687,37.8074189],[-122.4337283,37.8074959],[-122.4338088,37.8074858],[-122.4338045,37.8074042],[-122.4338458,37.8074812],[-122.4339243,37.8074713],[-122.43392,37.8073897],[-122.4339614,37.8074667],[-122.434039,37.8074569],[-122.4340347,37.8073753],[-122.434076,37.8074523],[-122.4341479,37.8074433],[-122.4341436,37.8073617],[-122.4341849,37.8074387],[-122.4342588,37.8074294],[-122.4342545,37.8073478],[-122.4342958,37.8074247],[-122.4343658,37.807416],[-122.4343615,37.8073343],[-122.4344028,37.8074113],[-122.4344755,37.8074022],[-122.4344712,37.8073206],[-122.4345125,37.8073976],[-122.4345857,37.8073884],[-122.4345814,37.8073068],[-122.4346227,37.8073838],[-122.4346955,37.8073746],[-122.4346912,37.807293],[-122.4347325,37.80737],[-122.434793,37.8072802],[-122.4348343,37.8073572],[-122.4348937,37.8072676],[-122.434935,37.8073446],[-122.4350017,37.8073362],[-122.4349974,37.8072546],[-122.4350387,37.8073316],[-122.4351007,37.8072417],[-122.435142,37.8073187],[-122.4352021,37.8072289],[-122.4352434,37.8073059],[-122.4353051,37.807216],[-122.4353464,37.807293],[-122.4354075,37.8072032],[-122.4354488,37.8072802],[-122.4354602,37.8071966],[-122.4355015,37.8072736],[-122.4355088,37.8071905],[-122.4355501,37.8072675],[-122.4356109,37.8071777],[-122.4356693,37.8072524],[-122.4355934,37.8069098],[-122.4355859,37.8069992],[-122.4355466,37.8069146],[-122.4354859,37.8070118],[-122.4354388,37.8069342],[-122.4353675,37.8070267],[-122.4353341,37.8069475],[-122.4352786,37.807038],[-122.4351774,37.8069673],[-122.4351766,37.8070509],[-122.4351295,37.8069733],[-122.4350604,37.8070655],[-122.4349736,37.806993],[-122.4349729,37.8070766],[-122.434871,37.807006],[-122.4348703,37.8070895],[-122.4347683,37.8070189],[-122.4347675,37.8071025],[-122.4347204,37.807025],[-122.434664,37.8071156],[-122.434561,37.8070451],[-122.4345602,37.8071287],[-122.4344541,37.8070586],[-122.4344397,37.8071439],[-122.4344062,37.8070647],[-122.4343468,37.8071557],[-122.4342997,37.8070781],[-122.4342352,37.8071697],[-122.4341226,37.8071005],[-122.4341218,37.8071841],[-122.4340747,37.8071065],[-122.434022,37.8071967],[-122.4339749,37.8071191],[-122.4339069,37.8072112],[-122.4337933,37.8071421],[-122.4337788,37.8072274],[-122.4337454,37.8071481],[-122.4336655,37.8072417],[-122.4335669,37.8071707],[-122.4335525,37.807256],[-122.4335191,37.8071767],[-122.4334391,37.8072703],[-122.4333402,37.8071993],[-122.4333258,37.8072846],[-122.4332924,37.8072053],[-122.4332259,37.8072972],[-122.4330912,37.8072307],[-122.433094,37.8073139],[-122.433058,37.8071362],[-122.4330879,37.8072145],[-122.433176,37.8072033],[-122.4331887,37.8071197],[-122.4332199,37.8071978],[-122.4332905,37.8071889],[-122.4332896,37.8071069],[-122.4333949,37.8071757],[-122.4334076,37.807092],[-122.4334388,37.8071702],[-122.4335,37.8070803],[-122.4336031,37.8071494],[-122.4336158,37.8070657],[-122.433647,37.8071439],[-122.4337013,37.8070549],[-122.4338101,37.8071233],[-122.4338228,37.8070396],[-122.4338608,37.8071169],[-122.4338735,37.8070332],[-122.4339047,37.8071113],[-122.4339265,37.8070265],[-122.4339577,37.8071046],[-122.434029,37.8070956],[-122.4340281,37.8070137],[-122.4340729,37.8070901],[-122.4344322,37.8070447],[-122.4341679,37.806969],[-122.4340622,37.8067372],[-122.4339986,37.8068237],[-122.4339532,37.8067576],[-122.433863,37.8068406],[-122.4337718,37.8067802],[-122.433754,37.8068541],[-122.4337223,37.8067864],[-122.4336487,37.8068672],[-122.4335682,37.8068056],[-122.4335505,37.8068795],[-122.4335188,37.8068117],[-122.4334451,37.8068926],[-122.4334134,37.8068249],[-122.43335,37.8069042],[-122.4332725,37.8068424],[-122.4332548,37.8069163],[-122.4331709,37.8068551],[-122.4331532,37.806929],[-122.4330696,37.8068677],[-122.4330519,37.8069416],[-122.4329413,37.8068837],[-122.4329415,37.8069553],[-122.4329108,37.8068001],[-122.4329381,37.8068674],[-122.4330199,37.8067865],[-122.433062,37.8068519],[-122.4331258,37.8067733],[-122.4331679,37.8068388],[-122.4332275,37.8067607],[-122.4332697,37.8068261],[-122.4333304,37.8067478],[-122.4333726,37.8068133],[-122.4334306,37.8067354],[-122.4334727,37.8068008],[-122.4335313,37.8067228],[-122.4335734,37.8067883],[-122.4336258,37.8067111],[-122.4336679,37.8067765],[-122.4337222,37.806699],[-122.4337644,37.8067645],[-122.4338124,37.8066878],[-122.4338545,37.8067533],[-122.4339106,37.8066756],[-122.4340609,37.8067262],[-122.434006,37.8064388],[-122.4339754,37.8065084],[-122.4338989,37.8064475],[-122.4338817,37.8065207],[-122.4338042,37.8064599],[-122.433787,37.8065331],[-122.4337082,37.8064724],[-122.433691,37.8065456],[-122.4336097,37.8064853],[-122.4335925,37.8065585],[-122.4335171,37.8064975],[-122.4334999,37.8065706],[-122.4334173,37.8065105],[-122.4334001,37.8065837],[-122.4333186,37.8065234],[-122.4333014,37.8065966],[-122.4332201,37.8065363],[-122.4332028,37.8066095],[-122.4331123,37.8065505],[-122.433095,37.8066236],[-122.4330041,37.8065646],[-122.4329868,37.8066378],[-122.4328987,37.8065784],[-122.4328815,37.8066516],[-122.4328551,37.8064965],[-122.4328902,37.8065628],[-122.4329761,37.8064806],[-122.4329975,37.8065488],[-122.4330813,37.8064684],[-122.4331739,37.8065257],[-122.433187,37.806453],[-122.4332084,37.8065212],[-122.4332865,37.80644],[-122.4333708,37.8064999],[-122.4333839,37.8064273],[-122.4334053,37.8064954],[-122.4334805,37.8064146],[-122.4335657,37.8064744],[-122.4335788,37.8064017],[-122.4336619,37.8064618],[-122.433675,37.8063892],[-122.4337588,37.8064491],[-122.4337719,37.8063765],[-122.4338561,37.8064364],[-122.4338555,37.8063655],[-122.4338906,37.8064319],[-122.4339583,37.8063521],[-122.434004,37.806428],[-122.4339528,37.8061342],[-122.4339072,37.806204],[-122.4338334,37.8061432],[-122.4338304,37.8062144],[-122.4337396,37.8061552],[-122.4337367,37.8062264],[-122.4336435,37.8061675],[-122.4336406,37.8062387],[-122.4335474,37.8061798],[-122.4335445,37.806251],[-122.43345,37.8061922],[-122.4334471,37.8062634],[-122.4333527,37.8062046],[-122.4333498,37.8062758],[-122.4332542,37.8062172],[-122.4332512,37.8062884],[-122.4331538,37.8062301],[-122.4331509,37.8063012],[-122.4330513,37.8062431],[-122.4330484,37.8063143],[-122.4329412,37.8062572],[-122.4329383,37.8063284],[-122.4328341,37.8062709],[-122.432819,37.8063431],[-122.432787,37.8061895],[-122.4328243,37.8062555],[-122.4328973,37.8061756],[-122.432933,37.8062416],[-122.4330075,37.8061615],[-122.4331034,37.8062198],[-122.4331083,37.8061486],[-122.433144,37.8062146],[-122.4332119,37.8061354],[-122.4332476,37.8062014],[-122.4333112,37.8061227],[-122.4334035,37.8061815],[-122.4334084,37.8061103],[-122.4334972,37.8061695],[-122.433502,37.8060983],[-122.4335377,37.8061643],[-122.4335994,37.8060859],[-122.4336897,37.8061449],[-122.4336945,37.8060737],[-122.4337302,37.8061397],[-122.4337931,37.8060611],[-122.4338817,37.8061204],[-122.4339006,37.806048],[-122.4339505,37.8061234],[-122.4338875,37.8058272],[-122.4338191,37.8059049],[-122.4337738,37.8058401],[-122.4337734,37.8059107],[-122.4337209,37.8058469],[-122.4337206,37.8059175],[-122.4336255,37.8058592],[-122.4336251,37.8059298],[-122.433529,37.8058715],[-122.4335286,37.8059421],[-122.4334386,37.8058831],[-122.4334382,37.8059537],[-122.4333399,37.8058958],[-122.4333395,37.8059664],[-122.4332412,37.8059085],[-122.4332409,37.8059791],[-122.4331383,37.8059217],[-122.433138,37.8059923],[-122.4330351,37.8059349],[-122.4330348,37.8060055],[-122.4329273,37.8059488],[-122.4329269,37.8060194],[-122.4328193,37.8059626],[-122.4328071,37.8060345],[-122.4327773,37.8058939],[-122.4328134,37.8059467],[-122.4328871,37.8058797],[-122.4330913,37.805911],[-122.4330942,37.8058531],[-122.4332862,37.805886],[-122.4332891,37.8058281],[-122.433324,37.8058811],[-122.4333843,37.8058159],[-122.4334776,37.8058614],[-122.4334805,37.8058035],[-122.4336704,37.8058367],[-122.4336733,37.8057788],[-122.4338852,37.8058163],[-122.4337828,37.8056421],[-122.4335436,37.8055959],[-122.4327391,37.805724],[-122.4324059,37.8059708],[-122.4326562,37.8058893],[-122.4324164,37.806005],[-122.4324032,37.8060781],[-122.4325315,37.8060953],[-122.4324178,37.8061194],[-122.4325344,37.8065853],[-122.4323152,37.8060868],[-122.4323827,37.8060758],[-122.432386,37.8059754],[-122.4321842,37.8060825],[-122.4326148,37.8085142],[-122.4323516,37.8085132],[-122.432092,37.8072282],[-122.4320128,37.8071829],[-122.431399,37.8073192],[-122.431741,37.8090289],[-122.4313544,37.8090618],[-122.4310086,37.8073706],[-122.4309293,37.8073253],[-122.4303165,37.8074615],[-122.4306348,37.8091716],[-122.4301213,37.8092203],[-122.4298483,37.8078303],[-122.4292765,37.8079083],[-122.4292835,37.8079752],[-122.4282499,37.8084106],[-122.4270143,37.8081141],[-122.4275589,37.8086459],[-122.4280269,37.8085745],[-122.4280561,37.8087099],[-122.4275461,37.8087876],[-122.4273146,37.8087783],[-122.4273006,37.8087138],[-122.4275031,37.8086829],[-122.4268518,37.808118],[-122.4267308,37.808174],[-122.4268613,37.809024],[-122.4267314,37.8095381],[-122.4264954,37.8099746],[-122.4261612,37.8103399],[-122.4258343,37.8105555],[-122.4253928,37.8107244],[-122.4248894,37.8108036],[-122.4244208,37.8107252],[-122.4243283,37.8104896],[-122.4245421,37.8104008],[-122.4247505,37.8106261],[-122.4251283,37.8106094],[-122.4255932,37.8104777],[-122.426046,37.8102166],[-122.4265122,37.8095417],[-122.4266493,37.8087994],[-122.4263379,37.8075862],[-122.4261309,37.8076457],[-122.4260184,37.8075166],[-122.4259616,37.8075464],[-122.4260578,37.8076979],[-122.4258015,37.8074107],[-122.4259451,37.8075292],[-122.4261444,37.807357],[-122.4256307,37.8070007],[-122.4249858,37.8067328],[-122.4241194,37.8066136],[-122.4233512,37.8068324],[-122.4224241,37.8073874],[-122.4215509,37.8080664],[-122.4218029,37.8083793],[-122.4215059,37.8081154],[-122.4213374,37.8082839],[-122.4215985,37.8085482],[-122.421314,37.8083073],[-122.4210659,37.8085554],[-122.4211154,37.8088085],[-122.4215082,37.8091384],[-122.4214615,37.8091682],[-122.4228994,37.8102241],[-122.422857,37.8102606],[-122.4213796,37.8091661],[-122.4212235,37.809195],[-122.4210492,37.8089621],[-122.4209574,37.8089723],[-122.4209241,37.8088023],[-122.42073,37.8089054],[-122.4207731,37.8090899],[-122.4203738,37.8090089],[-122.4203977,37.8089385],[-122.4206816,37.808963],[-122.4206485,37.8087612],[-122.4205541,37.8087735],[-122.4204752,37.808308],[-122.4191172,37.8084725],[-122.4191351,37.80855],[-122.4189941,37.8085671],[-122.4189791,37.8084892],[-122.4178989,37.80862],[-122.4179358,37.8088269],[-122.4180243,37.8088457],[-122.418908,37.8088407],[-122.4189448,37.8087625],[-122.4189479,37.8088859],[-122.4199607,37.808907],[-122.4199516,37.8091306],[-122.4190959,37.8090957],[-122.4190903,37.8091622],[-122.4183727,37.8090736],[-122.4183273,37.8091495],[-122.4189832,37.8094024],[-122.4189445,37.8094544],[-122.4179099,37.8090342],[-122.4179995,37.8088459],[-122.4178572,37.8088351],[-122.4178246,37.8086517],[-122.4175022,37.8085886],[-122.417498,37.8084256],[-122.4176825,37.8083805],[-122.4176671,37.8082966],[-122.4173893,37.8083301],[-122.4173581,37.8081464],[-122.4163594,37.8082653],[-122.4163517,37.8084811],[-122.4171957,37.8085384],[-122.4161634,37.8085078],[-122.4162199,37.8085489],[-122.4162001,37.8088589],[-122.4174415,37.8089321],[-122.4174264,37.8091711],[-122.4206083,37.8112719],[-122.4203667,37.8115145],[-122.420015,37.8112857],[-122.4198589,37.811325],[-122.419929,37.8115792]]],[[[-122.4235741,37.8101582],[-122.423323,37.8098891],[-122.4234018,37.8098887],[-122.4236065,37.8101475],[-122.4236722,37.8103713],[-122.4236366,37.8106052],[-122.4235052,37.810822],[-122.4232859,37.8109867],[-122.4205946,37.8119681],[-122.4198127,37.8120207],[-122.4205856,37.8119412],[-122.4232662,37.8109637],[-122.4236029,37.8105974],[-122.4235741,37.8101582]]],[[[-122.4255176,37.8283121],[-122.4250525,37.828239],[-122.4244019,37.8282643],[-122.4242417,37.8280906],[-122.4234292,37.827874],[-122.4232679,37.8276599],[-122.4218713,37.8268966],[-122.4219596,37.8269767],[-122.4219301,37.8271263],[-122.4211415,37.8265838],[-122.4213117,37.8265399],[-122.4206217,37.825873],[-122.4207107,37.8254506],[-122.4211277,37.8251028],[-122.4215872,37.8249998],[-122.422273,37.825015],[-122.4226097,37.8253482],[-122.4229523,37.8253418],[-122.4230419,37.8254763],[-122.4236191,37.8258327],[-122.4240876,37.8260014],[-122.4242188,37.8263387],[-122.4247361,37.8264242],[-122.4252794,37.8273249],[-122.4259702,37.8280189],[-122.4255176,37.8283121]]],[[[-122.363596,37.8208755],[-122.3604712,37.8201289],[-122.3605981,37.8198055],[-122.3636552,37.8205456],[-122.3642691,37.8188597],[-122.3644123,37.8187729],[-122.3643702,37.8186823],[-122.3648436,37.8185024],[-122.3647685,37.8184082],[-122.3649364,37.8183382],[-122.3650621,37.8185182],[-122.3710324,37.8160037],[-122.3710652,37.8158596],[-122.3703975,37.8142344],[-122.3698175,37.8134072],[-122.3694152,37.8130386],[-122.3687784,37.8127061],[-122.367571,37.8123303],[-122.3670158,37.8123522],[-122.3667319,37.8124212],[-122.3651779,37.8132032],[-122.365027,37.8133285],[-122.3649024,37.8136086],[-122.3645656,37.8138468],[-122.3639121,37.8140871],[-122.3638187,37.8140234],[-122.3633099,37.8140314],[-122.3630274,37.8141574],[-122.3620785,37.8141484],[-122.3617297,37.8144608],[-122.3607561,37.8147111],[-122.3604094,37.8146925],[-122.3595156,37.8150218],[-122.359393,37.815032],[-122.3589277,37.8147722],[-122.3588629,37.8146036],[-122.3590615,37.8139611],[-122.3592083,37.8137404],[-122.3591637,37.8136196],[-122.3592927,37.8134479],[-122.3597283,37.8133525],[-122.3606143,37.812853],[-122.3610726,37.8124894],[-122.3611276,37.8115745],[-122.3613189,37.8111265],[-122.3613301,37.8107465],[-122.3611856,37.810231],[-122.3607287,37.8103028],[-122.3603861,37.810931],[-122.3602534,37.8108851],[-122.3605619,37.8102086],[-122.361162,37.8101181],[-122.3609831,37.8080903],[-122.3613201,37.8080692],[-122.3614869,37.8078159],[-122.3617025,37.807715],[-122.3619114,37.807073],[-122.3620741,37.8070705],[-122.3621036,37.8070048],[-122.3626351,37.8070774],[-122.3628047,37.8073501],[-122.3628956,37.8073164],[-122.3632373,37.8074806],[-122.3643694,37.807552],[-122.3649891,37.8074124],[-122.3652284,37.8076352],[-122.3658096,37.8076178],[-122.3662988,37.8073834],[-122.3672667,37.8073928],[-122.3673535,37.8076098],[-122.3677984,37.8078857],[-122.3680205,37.8077689],[-122.3681765,37.807912],[-122.3687935,37.8080801],[-122.3691993,37.8083813],[-122.36928,37.808356],[-122.3692926,37.8084444],[-122.3696425,37.8085927],[-122.3703169,37.8086307],[-122.3707383,37.8090038],[-122.3716992,37.8094905],[-122.3720392,37.8100675],[-122.3728326,37.8107746],[-122.372869,37.8111867],[-122.3721791,37.811359],[-122.3720543,37.8116282],[-122.3717994,37.8124329],[-122.3718061,37.8126999],[-122.3715793,37.8130435],[-122.371766,37.8131696],[-122.3717814,37.8135738],[-122.3714505,37.8135647],[-122.3712597,37.8144405],[-122.3712788,37.8147176],[-122.3714796,37.8152693],[-122.3748117,37.820248],[-122.37492,37.8202174],[-122.3752413,37.8195716],[-122.3754104,37.819617],[-122.3750675,37.8203016],[-122.3748495,37.8203051],[-122.3755728,37.8212502],[-122.3763776,37.822538],[-122.3767994,37.8229907],[-122.3770367,37.8235418],[-122.378872,37.8262766],[-122.3791378,37.8267888],[-122.3782549,37.8291926],[-122.3777064,37.8304409],[-122.3749167,37.8316719],[-122.3743661,37.8320171],[-122.3734472,37.8323147],[-122.3733333,37.8324009],[-122.3730489,37.8330022],[-122.3726026,37.8332929],[-122.3724677,37.8333026],[-122.3724558,37.8331723],[-122.3727322,37.8330766],[-122.3730066,37.8328346],[-122.3731462,37.8322583],[-122.3686351,37.8311528],[-122.3677927,37.8300187],[-122.3628497,37.8225993],[-122.3634495,37.8210406],[-122.363596,37.8208755]]]]}}]}
